category,nutrient,food,%DV
Cereal Grains and Pasta,"Calcium, Ca",Vital wheat gluten,14.9
Cereal Grains and Pasta,"Calcium, Ca",Oats (Includes foods for USDA's Food Distribution Program),5.7
Cereal Grains and Pasta,"Calcium, Ca","Teff, cooked",5.2
Cereal Grains and Pasta,"Calcium, Ca","Amaranth grain, cooked",4.9
Cereal Grains and Pasta,"Calcium, Ca","Buckwheat flour, whole-groat",4.3
Cereal Grains and Pasta,"Calcium, Ca",Arrowroot flour,4.2
Cereal Grains and Pasta,"Calcium, Ca","Rye flour, dark",3.9
Cereal Grains and Pasta,"Calcium, Ca",Triticale,3.9
Cereal Grains and Pasta,"Calcium, Ca",Barley malt flour,3.9
Cereal Grains and Pasta,"Calcium, Ca","Triticale flour, whole-grain",3.7
Cereal Grains and Pasta,"Calcium, Ca","Wheat flour, whole-grain (Includes foods for USDA's Food Distribution Program)",3.6
Cereal Grains and Pasta,"Calcium, Ca","Wheat, soft white",3.6
Cereal Grains and Pasta,"Calcium, Ca","Wheat, durum",3.6
Cereal Grains and Pasta,"Calcium, Ca","Wheat flour, whole-grain, soft wheat",3.5
Cereal Grains and Pasta,"Calcium, Ca","Barley, hulled",3.5
Cereal Grains and Pasta,Cholesterol,Vital wheat gluten,0.0
Cereal Grains and Pasta,Cholesterol,"Millet, cooked",0.0
Cereal Grains and Pasta,Cholesterol,"Rice, brown, medium-grain, cooked (Includes foods for USDA's Food Distribution Program)",0.0
Cereal Grains and Pasta,Cholesterol,Rye grain,0.0
Cereal Grains and Pasta,Cholesterol,"Rye flour, dark",0.0
Cereal Grains and Pasta,Cholesterol,"Rye flour, medium",0.0
Cereal Grains and Pasta,Cholesterol,"Rye flour, light",0.0
Cereal Grains and Pasta,Cholesterol,"Triticale flour, whole-grain",0.0
Cereal Grains and Pasta,Cholesterol,"Wheat, hard red spring",0.0
Cereal Grains and Pasta,Cholesterol,"Wheat, hard red winter",0.0
Cereal Grains and Pasta,Cholesterol,"Wheat, soft red winter",0.0
Cereal Grains and Pasta,Cholesterol,"Wheat flour, whole-grain (Includes foods for USDA's Food Distribution Program)",0.0
Cereal Grains and Pasta,Cholesterol,"Wild rice, cooked",0.0
Cereal Grains and Pasta,Cholesterol,"Rice flour, brown",0.0
Cereal Grains and Pasta,Cholesterol,"Pasta, gluten-free, corn, cooked",0.0
Cereal Grains and Pasta,"Choline, total","Buckwheat flour, whole-groat",13.6
Cereal Grains and Pasta,"Choline, total",Barley flour or meal,9.4
Cereal Grains and Pasta,"Choline, total","Wheat, hard red spring",7.8
Cereal Grains and Pasta,"Choline, total","Wheat, hard red winter",7.8
Cereal Grains and Pasta,"Choline, total","Wheat flour, whole-grain (Includes foods for USDA's Food Distribution Program)",7.8
Cereal Grains and Pasta,"Choline, total","Wheat flour, whole-grain, soft wheat",7.8
Cereal Grains and Pasta,"Choline, total",Rye grain,7.6
Cereal Grains and Pasta,"Choline, total","Rye flour, dark",7.6
Cereal Grains and Pasta,"Choline, total","Quinoa, cooked",5.8
Cereal Grains and Pasta,"Choline, total","Cornmeal, whole-grain, yellow",5.4
Cereal Grains and Pasta,"Choline, total","Corn flour, whole-grain, white",5.4
Cereal Grains and Pasta,"Choline, total","Cornmeal, whole-grain, white",5.4
Cereal Grains and Pasta,"Choline, total","Corn flour, whole-grain, yellow",5.4
Cereal Grains and Pasta,"Choline, total","Rye flour, medium",5.2
Cereal Grains and Pasta,"Choline, total","Buckwheat groats, roasted, cooked",5.0
Cereal Grains and Pasta,Energy,Oats (Includes foods for USDA's Food Distribution Program),13.9
Cereal Grains and Pasta,Energy,Millet flour,13.6
Cereal Grains and Pasta,Energy,Cornstarch,13.6
Cereal Grains and Pasta,Energy,Vital wheat gluten,13.2
Cereal Grains and Pasta,Energy,"Corn grain, white",13.0
Cereal Grains and Pasta,Energy,"Corn grain, yellow",13.0
Cereal Grains and Pasta,Energy,"Corn flour, whole-grain, blue (harina de maiz morado)",13.0
Cereal Grains and Pasta,Energy,"Rice flour, brown",13.0
Cereal Grains and Pasta,Energy,"Cornmeal, whole-grain, yellow",12.9
Cereal Grains and Pasta,Energy,"Cornmeal, whole-grain, white",12.9
Cereal Grains and Pasta,Energy,Barley malt flour,12.9
Cereal Grains and Pasta,Energy,"Corn flour, whole-grain, white",12.9
Cereal Grains and Pasta,Energy,"Corn flour, whole-grain, yellow",12.9
Cereal Grains and Pasta,Energy,"Sorghum flour, whole-grain",12.8
Cereal Grains and Pasta,Energy,"Rye flour, light",12.8
Cereal Grains and Pasta,"Fiber, total dietary","Rye flour, dark",95.2
Cereal Grains and Pasta,"Fiber, total dietary","Barley, hulled",69.2
Cereal Grains and Pasta,"Fiber, total dietary",Rye grain,60.4
Cereal Grains and Pasta,"Fiber, total dietary","Triticale flour, whole-grain",58.4
Cereal Grains and Pasta,"Fiber, total dietary","Wheat flour, whole-grain, soft wheat",52.4
Cereal Grains and Pasta,"Fiber, total dietary","Wheat, soft white",50.8
Cereal Grains and Pasta,"Fiber, total dietary","Wheat, soft red winter",50.0
Cereal Grains and Pasta,"Fiber, total dietary","Wheat, hard red spring",48.8
Cereal Grains and Pasta,"Fiber, total dietary","Wheat, hard red winter",48.8
Cereal Grains and Pasta,"Fiber, total dietary","Wheat, hard white",48.8
Cereal Grains and Pasta,"Fiber, total dietary","Rye flour, medium",47.2
Cereal Grains and Pasta,"Fiber, total dietary","Wheat flour, whole-grain (Includes foods for USDA's Food Distribution Program)",42.8
Cereal Grains and Pasta,"Fiber, total dietary",Oats (Includes foods for USDA's Food Distribution Program),42.4
Cereal Grains and Pasta,"Fiber, total dietary",Barley flour or meal,40.4
Cereal Grains and Pasta,"Fiber, total dietary",Buckwheat,40.0
Cereal Grains and Pasta,"Folate, total","Triticale flour, whole-grain",21.1
Cereal Grains and Pasta,"Folate, total",Triticale,20.9
Cereal Grains and Pasta,"Folate, total",Oats (Includes foods for USDA's Food Distribution Program),16.0
Cereal Grains and Pasta,"Folate, total","Buckwheat flour, whole-groat",15.4
Cereal Grains and Pasta,"Folate, total","Wheat flour, whole-grain (Includes foods for USDA's Food Distribution Program)",12.6
Cereal Grains and Pasta,"Folate, total","Wheat, hard red spring",12.3
Cereal Grains and Pasta,"Folate, total","Wheat, durum",12.3
Cereal Grains and Pasta,"Folate, total","Quinoa, cooked",12.0
Cereal Grains and Pasta,"Folate, total",Millet flour,12.0
Cereal Grains and Pasta,"Folate, total","Wheat, soft red winter",11.7
Cereal Grains and Pasta,"Folate, total","Wheat, soft white",11.7
Cereal Grains and Pasta,"Folate, total",Rye grain,10.9
Cereal Grains and Pasta,"Folate, total","Wheat, hard red winter",10.9
Cereal Grains and Pasta,"Folate, total","Wheat, hard white",10.9
Cereal Grains and Pasta,"Folate, total","Wheat, sprouted",10.9
Cereal Grains and Pasta,Histidine,Oats (Includes foods for USDA's Food Distribution Program),57.9
Cereal Grains and Pasta,Histidine,"Wheat flour, whole-grain (Includes foods for USDA's Food Distribution Program)",51.0
Cereal Grains and Pasta,Histidine,"Wheat, hard red spring",47.1
Cereal Grains and Pasta,Histidine,"Wheat, durum",46.0
Cereal Grains and Pasta,Histidine,"Triticale flour, whole-grain",44.9
Cereal Grains and Pasta,Histidine,Triticale,44.4
Cereal Grains and Pasta,Histidine,Buckwheat,44.1
Cereal Grains and Pasta,Histidine,"Buckwheat flour, whole-groat",42.0
Cereal Grains and Pasta,Histidine,"Corn grain, white",41.0
Cereal Grains and Pasta,Histidine,"Corn grain, yellow",41.0
Cereal Grains and Pasta,Histidine,"Wheat, hard red winter",40.7
Cereal Grains and Pasta,Histidine,"Barley, hulled",40.1
Cereal Grains and Pasta,Histidine,Barley malt flour,39.3
Cereal Grains and Pasta,Histidine,Millet flour,36.7
Cereal Grains and Pasta,Histidine,"Wheat, soft red winter",36.6
Cereal Grains and Pasta,"Iron, Fe","Wheat, soft white",29.8
Cereal Grains and Pasta,"Iron, Fe",Vital wheat gluten,28.9
Cereal Grains and Pasta,"Iron, Fe","Rye flour, dark",27.6
Cereal Grains and Pasta,"Iron, Fe",Oats (Includes foods for USDA's Food Distribution Program),26.2
Cereal Grains and Pasta,"Iron, Fe",Barley malt flour,26.2
Cereal Grains and Pasta,"Iron, Fe","Wheat, hard white",25.3
Cereal Grains and Pasta,"Iron, Fe","Buckwheat flour, whole-groat",22.6
Cereal Grains and Pasta,"Iron, Fe",Millet flour,21.9
Cereal Grains and Pasta,"Iron, Fe","Wheat flour, whole-grain, soft wheat",20.6
Cereal Grains and Pasta,"Iron, Fe","Wheat, hard red spring",20.0
Cereal Grains and Pasta,"Iron, Fe","Wheat flour, whole-grain (Includes foods for USDA's Food Distribution Program)",20.0
Cereal Grains and Pasta,"Iron, Fe","Barley, hulled",20.0
Cereal Grains and Pasta,"Iron, Fe","Wheat, durum",19.6
Cereal Grains and Pasta,"Iron, Fe","Cornmeal, whole-grain, yellow",19.2
Cereal Grains and Pasta,"Iron, Fe","Cornmeal, whole-grain, white",19.2
Cereal Grains and Pasta,Isoleucine,Oats (Includes foods for USDA's Food Distribution Program),49.6
Cereal Grains and Pasta,Isoleucine,"Wheat, hard red spring",38.6
Cereal Grains and Pasta,Isoleucine,"Wheat, durum",38.1
Cereal Grains and Pasta,Isoleucine,Buckwheat,35.6
Cereal Grains and Pasta,Isoleucine,"Triticale flour, whole-grain",34.6
Cereal Grains and Pasta,Isoleucine,Triticale,34.2
Cereal Grains and Pasta,Isoleucine,"Buckwheat flour, whole-groat",33.9
Cereal Grains and Pasta,Isoleucine,Millet flour,33.8
Cereal Grains and Pasta,Isoleucine,"Wheat, hard red winter",32.7
Cereal Grains and Pasta,Isoleucine,"Barley, hulled",32.6
Cereal Grains and Pasta,Isoleucine,"Wheat flour, whole-grain (Includes foods for USDA's Food Distribution Program)",31.6
Cereal Grains and Pasta,Isoleucine,Sorghum grain,30.9
Cereal Grains and Pasta,Isoleucine,"Wheat, soft red winter",28.3
Cereal Grains and Pasta,Isoleucine,Barley flour or meal,27.4
Cereal Grains and Pasta,Isoleucine,Barley malt flour,25.8
Cereal Grains and Pasta,Leucine,Millet flour,56.3
Cereal Grains and Pasta,Leucine,Sorghum grain,54.6
Cereal Grains and Pasta,Leucine,Oats (Includes foods for USDA's Food Distribution Program),47.0
Cereal Grains and Pasta,Leucine,"Corn grain, white",42.3
Cereal Grains and Pasta,Leucine,"Corn grain, yellow",42.3
Cereal Grains and Pasta,Leucine,"Sorghum flour, whole-grain",39.7
Cereal Grains and Pasta,Leucine,"Wheat, hard red spring",38.0
Cereal Grains and Pasta,Leucine,"Cornmeal, whole-grain, yellow",36.5
Cereal Grains and Pasta,Leucine,"Cornmeal, whole-grain, white",36.5
Cereal Grains and Pasta,Leucine,"Wheat, durum",34.2
Cereal Grains and Pasta,Leucine,"Triticale flour, whole-grain",33.7
Cereal Grains and Pasta,Leucine,Triticale,33.4
Cereal Grains and Pasta,Leucine,"Wheat flour, whole-grain (Includes foods for USDA's Food Distribution Program)",32.9
Cereal Grains and Pasta,Leucine,"Rye flour, dark",31.4
Cereal Grains and Pasta,Leucine,"Wheat, hard red winter",31.3
Cereal Grains and Pasta,Lysine,Oats (Includes foods for USDA's Food Distribution Program),33.4
Cereal Grains and Pasta,Lysine,Buckwheat,32.0
Cereal Grains and Pasta,Lysine,"Buckwheat flour, whole-groat",30.5
Cereal Grains and Pasta,Lysine,Barley malt flour,25.5
Cereal Grains and Pasta,Lysine,"Barley, hulled",22.1
Cereal Grains and Pasta,Lysine,"Wheat, hard red spring",19.2
Cereal Grains and Pasta,Lysine,Barley flour or meal,18.6
Cereal Grains and Pasta,Lysine,"Triticale flour, whole-grain",17.6
Cereal Grains and Pasta,Lysine,Triticale,17.4
Cereal Grains and Pasta,Lysine,"Wheat flour, whole-grain (Includes foods for USDA's Food Distribution Program)",17.1
Cereal Grains and Pasta,Lysine,"Rye flour, dark",16.1
Cereal Grains and Pasta,Lysine,"Wheat, hard red winter",16.0
Cereal Grains and Pasta,Lysine,"Wheat, soft red winter",15.0
Cereal Grains and Pasta,Lysine,"Wheat, durum",14.4
Cereal Grains and Pasta,Lysine,Rye grain,13.6
Cereal Grains and Pasta,"Magnesium, Mg","Buckwheat flour, whole-groat",71.7
Cereal Grains and Pasta,"Magnesium, Mg",Buckwheat,66.0
Cereal Grains and Pasta,"Magnesium, Mg",Oats (Includes foods for USDA's Food Distribution Program),50.6
Cereal Grains and Pasta,"Magnesium, Mg",Sorghum grain,47.1
Cereal Grains and Pasta,"Magnesium, Mg","Rye flour, dark",45.7
Cereal Grains and Pasta,"Magnesium, Mg","Triticale flour, whole-grain",43.7
Cereal Grains and Pasta,"Magnesium, Mg","Wheat, durum",41.1
Cereal Grains and Pasta,"Magnesium, Mg","Wheat flour, whole-grain (Includes foods for USDA's Food Distribution Program)",39.1
Cereal Grains and Pasta,"Magnesium, Mg","Barley, hulled",38.0
Cereal Grains and Pasta,"Magnesium, Mg",Triticale,37.1
Cereal Grains and Pasta,"Magnesium, Mg","Corn grain, white",36.3
Cereal Grains and Pasta,"Magnesium, Mg","Cornmeal, whole-grain, yellow",36.3
Cereal Grains and Pasta,"Magnesium, Mg","Cornmeal, whole-grain, white",36.3
Cereal Grains and Pasta,"Magnesium, Mg","Corn grain, yellow",36.3
Cereal Grains and Pasta,"Magnesium, Mg","Wheat, hard red winter",36.0
Cereal Grains and Pasta,Methionine,Millet flour,30.4
Cereal Grains and Pasta,Methionine,Oats (Includes foods for USDA's Food Distribution Program),29.7
Cereal Grains and Pasta,Methionine,Barley malt flour,28.0
Cereal Grains and Pasta,Methionine,"Barley, hulled",22.9
Cereal Grains and Pasta,Methionine,"Wheat, hard red spring",21.9
Cereal Grains and Pasta,Methionine,"Wheat flour, whole-grain (Includes foods for USDA's Food Distribution Program)",21.7
Cereal Grains and Pasta,Methionine,"Wheat, durum",21.0
Cereal Grains and Pasta,Methionine,"Triticale flour, whole-grain",19.6
Cereal Grains and Pasta,Methionine,Triticale,19.4
Cereal Grains and Pasta,Methionine,Barley flour or meal,19.2
Cereal Grains and Pasta,Methionine,"Wheat, hard red winter",19.1
Cereal Grains and Pasta,Methionine,"Rye flour, dark",19.0
Cereal Grains and Pasta,Methionine,"Corn grain, white",18.8
Cereal Grains and Pasta,Methionine,"Corn grain, yellow",18.8
Cereal Grains and Pasta,Methionine,"Wheat, soft red winter",16.6
Cereal Grains and Pasta,Niacin,Buckwheat,38.0
Cereal Grains and Pasta,Niacin,"Wheat, durum",36.5
Cereal Grains and Pasta,Niacin,"Rice flour, brown",34.3
Cereal Grains and Pasta,Niacin,Barley flour or meal,33.9
Cereal Grains and Pasta,Niacin,"Buckwheat flour, whole-groat",33.3
Cereal Grains and Pasta,Niacin,Millet flour,32.6
Cereal Grains and Pasta,Niacin,"Wheat, hard red spring",30.9
Cereal Grains and Pasta,Niacin,Barley malt flour,30.5
Cereal Grains and Pasta,Niacin,"Wheat, hard red winter",29.6
Cereal Grains and Pasta,Niacin,"Wheat flour, whole-grain, soft wheat",28.9
Cereal Grains and Pasta,Niacin,"Wheat flour, whole-grain (Includes foods for USDA's Food Distribution Program)",26.8
Cereal Grains and Pasta,Niacin,"Wheat, soft red winter",26.0
Cereal Grains and Pasta,Niacin,"Wheat, soft white",25.8
Cereal Grains and Pasta,Niacin,"Barley, hulled",24.9
Cereal Grains and Pasta,Niacin,"Sorghum flour, whole-grain",24.3
Cereal Grains and Pasta,PUFA 18:2,Millet flour,31.9
Cereal Grains and Pasta,PUFA 18:2,Oats (Includes foods for USDA's Food Distribution Program),30.3
Cereal Grains and Pasta,PUFA 18:2,"Corn grain, white",26.2
Cereal Grains and Pasta,PUFA 18:2,"Corn grain, yellow",26.2
Cereal Grains and Pasta,PUFA 18:2,"Corn flour, whole-grain, white",21.3
Cereal Grains and Pasta,PUFA 18:2,"Corn flour, whole-grain, yellow",21.3
Cereal Grains and Pasta,PUFA 18:2,"Cornmeal, whole-grain, yellow",19.9
Cereal Grains and Pasta,PUFA 18:2,"Cornmeal, whole-grain, white",19.9
Cereal Grains and Pasta,PUFA 18:2,Sorghum grain,18.7
Cereal Grains and Pasta,PUFA 18:2,"Sorghum flour, whole-grain",16.7
Cereal Grains and Pasta,PUFA 18:2,"Wheat flour, whole-grain (Includes foods for USDA's Food Distribution Program)",13.7
Cereal Grains and Pasta,PUFA 18:2,"Barley, hulled",12.5
Cereal Grains and Pasta,PUFA 18:2,"Quinoa, cooked",12.2
Cereal Grains and Pasta,PUFA 18:2,Buckwheat,12.0
Cereal Grains and Pasta,PUFA 18:2,"Rice flour, brown",11.9
Cereal Grains and Pasta,PUFA 18:3,"Rye flour, dark",3.7
Cereal Grains and Pasta,PUFA 18:3,Oats (Includes foods for USDA's Food Distribution Program),2.8
Cereal Grains and Pasta,PUFA 18:3,"Barley, hulled",2.8
Cereal Grains and Pasta,PUFA 18:3,Rye grain,2.7
Cereal Grains and Pasta,PUFA 18:3,"Rye flour, medium",2.5
Cereal Grains and Pasta,PUFA 18:3,"Wild rice, cooked",2.4
Cereal Grains and Pasta,PUFA 18:3,Barley malt flour,2.4
Cereal Grains and Pasta,PUFA 18:3,"Quinoa, cooked",2.1
Cereal Grains and Pasta,PUFA 18:3,"Rye flour, light",2.1
Cereal Grains and Pasta,PUFA 18:3,Buckwheat,1.9
Cereal Grains and Pasta,PUFA 18:3,Barley flour or meal,1.9
Cereal Grains and Pasta,PUFA 18:3,"Wheat flour, whole-grain (Includes foods for USDA's Food Distribution Program)",1.8
Cereal Grains and Pasta,PUFA 18:3,"Buckwheat flour, whole-groat",1.8
Cereal Grains and Pasta,PUFA 18:3,"Corn grain, white",1.6
Cereal Grains and Pasta,PUFA 18:3,Sorghum grain,1.6
Cereal Grains and Pasta,Pantothenic acid,"Triticale flour, whole-grain",43.3
Cereal Grains and Pasta,Pantothenic acid,"Rice flour, brown",31.8
Cereal Grains and Pasta,Pantothenic acid,Rye grain,29.1
Cereal Grains and Pasta,Pantothenic acid,"Rye flour, dark",29.1
Cereal Grains and Pasta,Pantothenic acid,Oats (Includes foods for USDA's Food Distribution Program),27.0
Cereal Grains and Pasta,Pantothenic acid,Triticale,26.5
Cereal Grains and Pasta,Pantothenic acid,Millet flour,25.3
Cereal Grains and Pasta,Pantothenic acid,Buckwheat,24.7
Cereal Grains and Pasta,Pantothenic acid,"Wheat flour, whole-grain, soft wheat",20.2
Cereal Grains and Pasta,Pantothenic acid,"Wheat, hard red winter",19.1
Cereal Grains and Pasta,Pantothenic acid,"Wheat, hard white",19.1
Cereal Grains and Pasta,Pantothenic acid,"Wheat, sprouted",18.9
Cereal Grains and Pasta,Pantothenic acid,"Wheat, hard red spring",18.7
Cereal Grains and Pasta,Pantothenic acid,"Wheat, durum",18.7
Cereal Grains and Pasta,Pantothenic acid,"Wheat, soft red winter",17.0
Cereal Grains and Pasta,Phenylalanine,Oats (Includes foods for USDA's Food Distribution Program),51.1
Cereal Grains and Pasta,Phenylalanine,"Wheat, hard red spring",41.4
Cereal Grains and Pasta,Phenylalanine,"Barley, hulled",40.0
Cereal Grains and Pasta,Phenylalanine,"Wheat flour, whole-grain (Includes foods for USDA's Food Distribution Program)",39.0
Cereal Grains and Pasta,Phenylalanine,"Wheat, durum",38.9
Cereal Grains and Pasta,Phenylalanine,Millet flour,38.6
Cereal Grains and Pasta,Phenylalanine,"Rye flour, dark",36.9
Cereal Grains and Pasta,Phenylalanine,"Triticale flour, whole-grain",36.8
Cereal Grains and Pasta,Phenylalanine,Triticale,36.5
Cereal Grains and Pasta,Phenylalanine,"Wheat, hard red winter",33.8
Cereal Grains and Pasta,Phenylalanine,Barley flour or meal,33.7
Cereal Grains and Pasta,Phenylalanine,Sorghum grain,31.2
Cereal Grains and Pasta,Phenylalanine,Buckwheat,29.7
Cereal Grains and Pasta,Phenylalanine,"Wheat, soft red winter",29.0
Cereal Grains and Pasta,Phenylalanine,"Buckwheat flour, whole-groat",28.3
Cereal Grains and Pasta,"Phosphorus, P",Oats (Includes foods for USDA's Food Distribution Program),95.1
Cereal Grains and Pasta,"Phosphorus, P","Wheat, durum",92.4
Cereal Grains and Pasta,"Phosphorus, P","Rye flour, dark",90.7
Cereal Grains and Pasta,"Phosphorus, P","Wheat, soft red winter",89.6
Cereal Grains and Pasta,"Phosphorus, P","Wheat, soft white",73.1
Cereal Grains and Pasta,"Phosphorus, P",Triticale,65.1
Cereal Grains and Pasta,"Phosphorus, P","Wheat flour, whole-grain (Includes foods for USDA's Food Distribution Program)",64.9
Cereal Grains and Pasta,"Phosphorus, P","Wheat, hard white",64.5
Cereal Grains and Pasta,"Phosphorus, P",Buckwheat,63.1
Cereal Grains and Pasta,"Phosphorus, P","Rice flour, brown",61.3
Cereal Grains and Pasta,"Phosphorus, P","Buckwheat flour, whole-groat",61.3
Cereal Grains and Pasta,"Phosphorus, P",Rye grain,60.4
Cereal Grains and Pasta,"Phosphorus, P","Wheat, hard red spring",60.4
Cereal Grains and Pasta,"Phosphorus, P","Wheat flour, whole-grain, soft wheat",58.7
Cereal Grains and Pasta,"Phosphorus, P","Triticale flour, whole-grain",58.4
Cereal Grains and Pasta,"Potassium, K","Rye flour, dark",20.5
Cereal Grains and Pasta,"Potassium, K","Buckwheat flour, whole-groat",16.5
Cereal Grains and Pasta,"Potassium, K",Rye grain,14.6
Cereal Grains and Pasta,"Potassium, K","Triticale flour, whole-grain",13.3
Cereal Grains and Pasta,"Potassium, K",Buckwheat,13.1
Cereal Grains and Pasta,"Potassium, K","Barley, hulled",12.9
Cereal Grains and Pasta,"Potassium, K","Wheat, soft white",12.4
Cereal Grains and Pasta,"Potassium, K","Wheat, hard white",12.3
Cereal Grains and Pasta,"Potassium, K","Wheat, durum",12.3
Cereal Grains and Pasta,"Potassium, K",Oats (Includes foods for USDA's Food Distribution Program),12.3
Cereal Grains and Pasta,"Potassium, K","Wheat, soft red winter",11.3
Cereal Grains and Pasta,"Potassium, K","Wheat flour, whole-grain, soft wheat",11.3
Cereal Grains and Pasta,"Potassium, K","Corn flour, whole-grain, blue (harina de maiz morado)",10.9
Cereal Grains and Pasta,"Potassium, K","Rye flour, medium",10.7
Cereal Grains and Pasta,"Potassium, K","Wheat, hard red winter",10.4
Cereal Grains and Pasta,Protein,Vital wheat gluten,129.4
Cereal Grains and Pasta,Protein,Oats (Includes foods for USDA's Food Distribution Program),29.1
Cereal Grains and Pasta,Protein,"Rye flour, dark",27.4
Cereal Grains and Pasta,Protein,"Wheat, hard red spring",26.5
Cereal Grains and Pasta,Protein,"Wheat, durum",23.5
Cereal Grains and Pasta,Protein,Buckwheat,22.8
Cereal Grains and Pasta,Protein,"Wheat flour, whole-grain (Includes foods for USDA's Food Distribution Program)",22.7
Cereal Grains and Pasta,Protein,"Triticale flour, whole-grain",22.7
Cereal Grains and Pasta,Protein,Triticale,22.5
Cereal Grains and Pasta,Protein,"Buckwheat flour, whole-groat",21.7
Cereal Grains and Pasta,Protein,"Wheat, hard red winter",21.7
Cereal Grains and Pasta,Protein,"Barley, hulled",21.5
Cereal Grains and Pasta,Protein,"Wheat, hard white",19.5
Cereal Grains and Pasta,Protein,"Rye flour, medium",18.7
Cereal Grains and Pasta,Protein,Millet flour,18.5
Cereal Grains and Pasta,Riboflavin,Buckwheat,26.6
Cereal Grains and Pasta,Riboflavin,Barley malt flour,19.2
Cereal Grains and Pasta,Riboflavin,"Barley, hulled",17.8
Cereal Grains and Pasta,Riboflavin,Rye grain,15.7
Cereal Grains and Pasta,Riboflavin,"Rye flour, dark",15.7
Cereal Grains and Pasta,Riboflavin,"Corn flour, whole-grain, blue (harina de maiz morado)",14.4
Cereal Grains and Pasta,Riboflavin,"Corn grain, white",12.6
Cereal Grains and Pasta,Riboflavin,"Cornmeal, whole-grain, yellow",12.6
Cereal Grains and Pasta,Riboflavin,"Cornmeal, whole-grain, white",12.6
Cereal Grains and Pasta,Riboflavin,"Corn grain, yellow",12.6
Cereal Grains and Pasta,Riboflavin,"Buckwheat flour, whole-groat",11.9
Cereal Grains and Pasta,Riboflavin,"Wheat flour, whole-grain, soft wheat",11.8
Cereal Grains and Pasta,Riboflavin,"Wheat flour, whole-grain (Includes foods for USDA's Food Distribution Program)",10.3
Cereal Grains and Pasta,Riboflavin,"Wheat, sprouted",9.7
Cereal Grains and Pasta,Riboflavin,Oats (Includes foods for USDA's Food Distribution Program),8.7
Cereal Grains and Pasta,"Selenium, Se","Wheat, durum",127.7
Cereal Grains and Pasta,"Selenium, Se","Wheat, hard red spring",101.0
Cereal Grains and Pasta,"Selenium, Se","Wheat, hard red winter",101.0
Cereal Grains and Pasta,"Selenium, Se","Wheat flour, whole-grain (Includes foods for USDA's Food Distribution Program)",88.3
Cereal Grains and Pasta,"Selenium, Se","Wheat, sprouted",60.7
Cereal Grains and Pasta,"Selenium, Se",Vital wheat gluten,56.7
Cereal Grains and Pasta,"Selenium, Se",Barley flour or meal,53.9
Cereal Grains and Pasta,"Selenium, Se",Barley malt flour,53.9
Cereal Grains and Pasta,"Selenium, Se","Barley, hulled",53.9
Cereal Grains and Pasta,"Selenium, Se","Pasta, whole-wheat, cooked (Includes foods for USDA's Food Distribution Program)",51.9
Cereal Grains and Pasta,"Selenium, Se",Millet flour,46.7
Cereal Grains and Pasta,"Selenium, Se","Wheat, KAMUT khorasan, cooked",45.6
Cereal Grains and Pasta,"Selenium, Se","Couscous, cooked",39.3
Cereal Grains and Pasta,"Selenium, Se","Spaghetti, spinach, cooked",31.6
Cereal Grains and Pasta,"Selenium, Se","Rye flour, dark",25.7
Cereal Grains and Pasta,"Sodium, Na","Corn grain, white",1.5
Cereal Grains and Pasta,"Sodium, Na","Cornmeal, whole-grain, yellow",1.5
Cereal Grains and Pasta,"Sodium, Na","Cornmeal, whole-grain, white",1.5
Cereal Grains and Pasta,"Sodium, Na","Corn grain, yellow",1.5
Cereal Grains and Pasta,"Sodium, Na",Vital wheat gluten,1.2
Cereal Grains and Pasta,"Sodium, Na","Wheat, sprouted",0.7
Cereal Grains and Pasta,"Sodium, Na","Spaghetti, spinach, cooked",0.6
Cereal Grains and Pasta,"Sodium, Na","Barley, hulled",0.5
Cereal Grains and Pasta,"Sodium, Na",Barley malt flour,0.5
Cereal Grains and Pasta,"Sodium, Na","Buckwheat flour, whole-groat",0.5
Cereal Grains and Pasta,"Sodium, Na",Cornstarch,0.4
Cereal Grains and Pasta,"Sodium, Na","Rice flour, brown",0.3
Cereal Grains and Pasta,"Sodium, Na","Teff, cooked",0.3
Cereal Grains and Pasta,"Sodium, Na","Wheat, KAMUT khorasan, cooked",0.3
Cereal Grains and Pasta,"Sodium, Na","Quinoa, cooked",0.3
Cereal Grains and Pasta,Thiamin,Oats (Includes foods for USDA's Food Distribution Program),68.1
Cereal Grains and Pasta,Thiamin,"Barley, hulled",57.7
Cereal Grains and Pasta,Thiamin,"Wheat, hard red spring",45.0
Cereal Grains and Pasta,Thiamin,"Wheat flour, whole-grain (Includes foods for USDA's Food Distribution Program)",44.8
Cereal Grains and Pasta,Thiamin,"Rice flour, brown",39.6
Cereal Grains and Pasta,Thiamin,"Wheat, durum",37.4
Cereal Grains and Pasta,Thiamin,"Buckwheat flour, whole-groat",37.2
Cereal Grains and Pasta,Thiamin,Triticale,37.1
Cereal Grains and Pasta,Thiamin,Millet flour,36.9
Cereal Grains and Pasta,Thiamin,"Wheat, soft white",36.6
Cereal Grains and Pasta,Thiamin,"Wheat, soft red winter",35.2
Cereal Grains and Pasta,Thiamin,"Wheat, hard white",34.6
Cereal Grains and Pasta,Thiamin,"Corn grain, white",34.4
Cereal Grains and Pasta,Thiamin,"Cornmeal, whole-grain, yellow",34.4
Cereal Grains and Pasta,Thiamin,"Cornmeal, whole-grain, white",34.4
Cereal Grains and Pasta,Threonine,Oats (Includes foods for USDA's Food Distribution Program),54.8
Cereal Grains and Pasta,Threonine,Buckwheat,48.2
Cereal Grains and Pasta,Threonine,"Rye flour, dark",46.7
Cereal Grains and Pasta,Threonine,"Buckwheat flour, whole-groat",45.9
Cereal Grains and Pasta,Threonine,"Wheat, hard red spring",41.2
Cereal Grains and Pasta,Threonine,"Barley, hulled",40.4
Cereal Grains and Pasta,Threonine,"Triticale flour, whole-grain",39.0
Cereal Grains and Pasta,Threonine,Barley malt flour,38.8
Cereal Grains and Pasta,Threonine,Triticale,38.6
Cereal Grains and Pasta,Threonine,"Wheat flour, whole-grain (Includes foods for USDA's Food Distribution Program)",35.0
Cereal Grains and Pasta,Threonine,"Wheat, durum",34.9
Cereal Grains and Pasta,Threonine,"Wheat, hard red winter",34.8
Cereal Grains and Pasta,Threonine,Barley flour or meal,33.9
Cereal Grains and Pasta,Threonine,"Corn grain, white",33.7
Cereal Grains and Pasta,Threonine,"Corn grain, yellow",33.7
Cereal Grains and Pasta,Total lipid (fat),Oats (Includes foods for USDA's Food Distribution Program),5.5
Cereal Grains and Pasta,Total lipid (fat),"Corn flour, whole-grain, blue (harina de maiz morado)",4.1
Cereal Grains and Pasta,Total lipid (fat),"Corn grain, white",3.8
Cereal Grains and Pasta,Total lipid (fat),"Corn grain, yellow",3.8
Cereal Grains and Pasta,Total lipid (fat),Millet flour,3.4
Cereal Grains and Pasta,Total lipid (fat),"Corn flour, whole-grain, white",3.1
Cereal Grains and Pasta,Total lipid (fat),"Corn flour, whole-grain, yellow",3.1
Cereal Grains and Pasta,Total lipid (fat),"Cornmeal, whole-grain, yellow",2.9
Cereal Grains and Pasta,Total lipid (fat),"Cornmeal, whole-grain, white",2.9
Cereal Grains and Pasta,Total lipid (fat),Sorghum grain,2.8
Cereal Grains and Pasta,Total lipid (fat),Buckwheat,2.7
Cereal Grains and Pasta,Total lipid (fat),"Sorghum flour, whole-grain",2.7
Cereal Grains and Pasta,Total lipid (fat),"Buckwheat flour, whole-groat",2.5
Cereal Grains and Pasta,Total lipid (fat),"Rice flour, brown",2.2
Cereal Grains and Pasta,Total lipid (fat),"Wheat flour, whole-grain (Includes foods for USDA's Food Distribution Program)",2.0
Cereal Grains and Pasta,Tryptophan,Oats (Includes foods for USDA's Food Distribution Program),83.6
Cereal Grains and Pasta,Tryptophan,"Barley, hulled",74.3
Cereal Grains and Pasta,Tryptophan,"Wheat, hard red spring",69.6
Cereal Grains and Pasta,Tryptophan,Buckwheat,68.6
Cereal Grains and Pasta,Tryptophan,"Buckwheat flour, whole-groat",65.4
Cereal Grains and Pasta,Tryptophan,"Rye flour, dark",64.3
Cereal Grains and Pasta,Tryptophan,"Wheat, durum",62.9
Cereal Grains and Pasta,Tryptophan,Barley flour or meal,62.5
Cereal Grains and Pasta,Tryptophan,"Wheat flour, whole-grain (Includes foods for USDA's Food Distribution Program)",62.1
Cereal Grains and Pasta,Tryptophan,Millet flour,60.7
Cereal Grains and Pasta,Tryptophan,"Wheat, hard red winter",57.1
Cereal Grains and Pasta,Tryptophan,"Triticale flour, whole-grain",56.4
Cereal Grains and Pasta,Tryptophan,Triticale,56.1
Cereal Grains and Pasta,Tryptophan,Barley malt flour,47.1
Cereal Grains and Pasta,Tryptophan,Sorghum grain,44.3
Cereal Grains and Pasta,Valine,Oats (Includes foods for USDA's Food Distribution Program),51.5
Cereal Grains and Pasta,Valine,"Wheat, hard red spring",37.3
Cereal Grains and Pasta,Valine,Buckwheat,37.3
Cereal Grains and Pasta,Valine,"Buckwheat flour, whole-groat",35.5
Cereal Grains and Pasta,Valine,"Triticale flour, whole-grain",33.8
Cereal Grains and Pasta,Valine,"Barley, hulled",33.6
Cereal Grains and Pasta,Valine,Triticale,33.5
Cereal Grains and Pasta,Valine,"Wheat, durum",32.6
Cereal Grains and Pasta,Valine,Millet flour,32.1
Cereal Grains and Pasta,Valine,"Wheat flour, whole-grain (Includes foods for USDA's Food Distribution Program)",31.0
Cereal Grains and Pasta,Valine,Sorghum grain,30.8
Cereal Grains and Pasta,Valine,"Wheat, hard red winter",30.5
Cereal Grains and Pasta,Valine,Barley flour or meal,28.3
Cereal Grains and Pasta,Valine,Barley malt flour,27.6
Cereal Grains and Pasta,Valine,"Rye flour, dark",27.4
Cereal Grains and Pasta,"Vitamin A, RAE","Cornmeal, whole-grain, yellow",1.5
Cereal Grains and Pasta,"Vitamin A, RAE","Corn grain, yellow",1.5
Cereal Grains and Pasta,"Vitamin A, RAE","Corn flour, whole-grain, yellow",1.5
Cereal Grains and Pasta,"Vitamin A, RAE","Spaghetti, spinach, cooked",1.1
Cereal Grains and Pasta,"Vitamin A, RAE","Pasta, gluten-free, corn and rice flour, cooked",0.5
Cereal Grains and Pasta,"Vitamin A, RAE","Pasta, gluten-free, corn, cooked",0.4
Cereal Grains and Pasta,"Vitamin A, RAE",Rye grain,0.1
Cereal Grains and Pasta,"Vitamin A, RAE","Rye flour, dark",0.1
Cereal Grains and Pasta,"Vitamin A, RAE",Barley malt flour,0.1
Cereal Grains and Pasta,"Vitamin A, RAE","Barley, hulled",0.1
Cereal Grains and Pasta,"Vitamin A, RAE","Pasta, gluten-free, corn flour and quinoa flour, cooked, ANCIENT HARVEST",0.1
Cereal Grains and Pasta,"Vitamin A, RAE",Vital wheat gluten,0.0
Cereal Grains and Pasta,"Vitamin A, RAE","Millet, cooked",0.0
Cereal Grains and Pasta,"Vitamin A, RAE","Rice, brown, medium-grain, cooked (Includes foods for USDA's Food Distribution Program)",0.0
Cereal Grains and Pasta,"Vitamin A, RAE","Rye flour, medium",0.0
Cereal Grains and Pasta,Vitamin B-6,"Rice flour, brown",43.3
Cereal Grains and Pasta,Vitamin B-6,Barley malt flour,38.5
Cereal Grains and Pasta,Vitamin B-6,"Corn grain, white",36.6
Cereal Grains and Pasta,Vitamin B-6,"Corn grain, yellow",36.6
Cereal Grains and Pasta,Vitamin B-6,"Buckwheat flour, whole-groat",34.2
Cereal Grains and Pasta,Vitamin B-6,"Corn flour, whole-grain, blue (harina de maiz morado)",27.6
Cereal Grains and Pasta,Vitamin B-6,"Rye flour, dark",26.1
Cereal Grains and Pasta,Vitamin B-6,Sorghum grain,26.1
Cereal Grains and Pasta,Vitamin B-6,"Wheat, durum",24.6
Cereal Grains and Pasta,Vitamin B-6,"Wheat flour, whole-grain (Includes foods for USDA's Food Distribution Program)",23.9
Cereal Grains and Pasta,Vitamin B-6,"Triticale flour, whole-grain",23.7
Cereal Grains and Pasta,Vitamin B-6,Barley flour or meal,23.3
Cereal Grains and Pasta,Vitamin B-6,"Wheat, soft white",22.2
Cereal Grains and Pasta,Vitamin B-6,Millet flour,21.9
Cereal Grains and Pasta,Vitamin B-6,"Corn flour, whole-grain, white",21.8
Cereal Grains and Pasta,"Vitamin C, total ascorbic acid","Wheat, sprouted",2.4
Cereal Grains and Pasta,"Vitamin C, total ascorbic acid","Sorghum flour, whole-grain",0.7
Cereal Grains and Pasta,"Vitamin C, total ascorbic acid",Barley malt flour,0.5
Cereal Grains and Pasta,"Vitamin C, total ascorbic acid",Vital wheat gluten,0.0
Cereal Grains and Pasta,"Vitamin C, total ascorbic acid","Millet, cooked",0.0
Cereal Grains and Pasta,"Vitamin C, total ascorbic acid","Rice, brown, medium-grain, cooked (Includes foods for USDA's Food Distribution Program)",0.0
Cereal Grains and Pasta,"Vitamin C, total ascorbic acid",Rye grain,0.0
Cereal Grains and Pasta,"Vitamin C, total ascorbic acid","Rye flour, dark",0.0
Cereal Grains and Pasta,"Vitamin C, total ascorbic acid","Rye flour, medium",0.0
Cereal Grains and Pasta,"Vitamin C, total ascorbic acid","Rye flour, light",0.0
Cereal Grains and Pasta,"Vitamin C, total ascorbic acid","Triticale flour, whole-grain",0.0
Cereal Grains and Pasta,"Vitamin C, total ascorbic acid","Wheat, hard red spring",0.0
Cereal Grains and Pasta,"Vitamin C, total ascorbic acid","Wheat, hard red winter",0.0
Cereal Grains and Pasta,"Vitamin C, total ascorbic acid","Wheat, soft red winter",0.0
Cereal Grains and Pasta,"Vitamin C, total ascorbic acid","Wheat flour, whole-grain (Includes foods for USDA's Food Distribution Program)",0.0
Cereal Grains and Pasta,Vitamin K (phylloquinone),"Buckwheat flour, whole-groat",10.0
Cereal Grains and Pasta,Vitamin K (phylloquinone),"Sorghum flour, whole-grain",9.1
Cereal Grains and Pasta,Vitamin K (phylloquinone),Rye grain,8.4
Cereal Grains and Pasta,Vitamin K (phylloquinone),"Rye flour, dark",8.4
Cereal Grains and Pasta,Vitamin K (phylloquinone),"Rye flour, medium",8.4
Cereal Grains and Pasta,Vitamin K (phylloquinone),"Rye flour, light",8.4
Cereal Grains and Pasta,Vitamin K (phylloquinone),Barley flour or meal,3.1
Cereal Grains and Pasta,Vitamin K (phylloquinone),Barley malt flour,3.1
Cereal Grains and Pasta,Vitamin K (phylloquinone),"Barley, hulled",3.1
Cereal Grains and Pasta,Vitamin K (phylloquinone),"Wheat, hard red spring",2.7
Cereal Grains and Pasta,Vitamin K (phylloquinone),"Wheat, hard red winter",2.7
Cereal Grains and Pasta,Vitamin K (phylloquinone),"Wheat flour, whole-grain (Includes foods for USDA's Food Distribution Program)",2.7
Cereal Grains and Pasta,Vitamin K (phylloquinone),"Wheat flour, whole-grain, soft wheat",2.7
Cereal Grains and Pasta,Vitamin K (phylloquinone),"Wheat, hard white",2.7
Cereal Grains and Pasta,Vitamin K (phylloquinone),"Wheat, soft white",2.7
Cereal Grains and Pasta,"Zinc, Zn","Rye flour, dark",28.2
Cereal Grains and Pasta,"Zinc, Zn","Wheat, durum",23.2
Cereal Grains and Pasta,"Zinc, Zn",Oats (Includes foods for USDA's Food Distribution Program),22.2
Cereal Grains and Pasta,"Zinc, Zn","Wheat, soft white",19.3
Cereal Grains and Pasta,"Zinc, Zn",Triticale,19.3
Cereal Grains and Pasta,"Zinc, Zn","Wheat, hard white",18.6
Cereal Grains and Pasta,"Zinc, Zn","Buckwheat flour, whole-groat",17.4
Cereal Grains and Pasta,"Zinc, Zn","Wheat flour, whole-grain, soft wheat",16.5
Cereal Grains and Pasta,"Zinc, Zn","Wheat, hard red spring",15.5
Cereal Grains and Pasta,"Zinc, Zn","Barley, hulled",15.5
Cereal Grains and Pasta,"Zinc, Zn","Triticale flour, whole-grain",14.9
Cereal Grains and Pasta,"Zinc, Zn",Rye grain,14.8
Cereal Grains and Pasta,"Zinc, Zn","Wheat, hard red winter",14.8
Cereal Grains and Pasta,"Zinc, Zn","Wheat, soft red winter",14.7
Cereal Grains and Pasta,"Zinc, Zn",Millet flour,14.7
Fats and Oils,"Calcium, Ca","Oil, flaxseed, cold pressed",0.1
Fats and Oils,"Calcium, Ca","Oil, coconut",0.1
Fats and Oils,"Calcium, Ca","Oil, olive, salad or cooking",0.1
Fats and Oils,"Calcium, Ca","Oil, industrial, palm kernel (hydrogenated) , used for whipped toppings, non-dairy",0.1
Fats and Oils,"Calcium, Ca","Oil, industrial, coconut (hydrogenated), used for whipped toppings and coffee whiteners",0.1
Fats and Oils,"Calcium, Ca","Shortening, vegetable, household, composite",0.1
Fats and Oils,"Calcium, Ca","Oil, corn, peanut, and olive",0.0
Fats and Oils,"Calcium, Ca","Oil, corn and canola",0.0
Fats and Oils,"Calcium, Ca","Shortening, household, soybean (partially hydrogenated)-cottonseed (partially hydrogenated)",0.0
Fats and Oils,"Calcium, Ca","Oil, soybean, salad or cooking, (partially hydrogenated)",0.0
Fats and Oils,"Calcium, Ca","Oil, wheat germ",0.0
Fats and Oils,"Calcium, Ca","Oil, palm",0.0
Fats and Oils,"Calcium, Ca","Oil, sesame, salad or cooking",0.0
Fats and Oils,"Calcium, Ca","Oil, sunflower, linoleic (less than 60%)",0.0
Fats and Oils,"Calcium, Ca","Oil, cottonseed, salad or cooking",0.0
Fats and Oils,Cholesterol,"Oil, flaxseed, cold pressed",0.0
Fats and Oils,Cholesterol,"Oil, corn, peanut, and olive",0.0
Fats and Oils,Cholesterol,"Oil, corn and canola",0.0
Fats and Oils,Cholesterol,"Shortening, household, soybean (partially hydrogenated)-cottonseed (partially hydrogenated)",0.0
Fats and Oils,Cholesterol,"Oil, soybean, salad or cooking, (partially hydrogenated)",0.0
Fats and Oils,Cholesterol,"Oil, wheat germ",0.0
Fats and Oils,Cholesterol,"Oil, palm",0.0
Fats and Oils,Cholesterol,"Oil, sesame, salad or cooking",0.0
Fats and Oils,Cholesterol,"Oil, sunflower, linoleic (less than 60%)",0.0
Fats and Oils,Cholesterol,"Oil, cottonseed, salad or cooking",0.0
Fats and Oils,Cholesterol,"Oil, sunflower, linoleic, (approx. 65%)",0.0
Fats and Oils,Cholesterol,"Oil, safflower, salad or cooking, linoleic, (over 70%)",0.0
Fats and Oils,Cholesterol,"Oil, safflower, salad or cooking, high oleic (primary safflower oil of commerce)",0.0
Fats and Oils,Cholesterol,"Oil, grapeseed",0.0
Fats and Oils,Cholesterol,"Oil, corn, industrial and retail, all purpose salad or cooking",0.0
Fats and Oils,"Choline, total","Oil, soybean lecithin",87.5
Fats and Oils,"Choline, total","Oil, wheat germ",5.0
Fats and Oils,"Choline, total","Oil, walnut",0.1
Fats and Oils,"Choline, total","Oil, almond",0.1
Fats and Oils,"Choline, total","Oil, palm",0.1
Fats and Oils,"Choline, total","Oil, coconut",0.1
Fats and Oils,"Choline, total","Oil, olive, salad or cooking",0.1
Fats and Oils,"Choline, total","Oil, industrial, coconut (hydrogenated), used for whipped toppings and coffee whiteners",0.1
Fats and Oils,"Choline, total","Shortening confectionery, coconut (hydrogenated) and or palm kernel (hydrogenated)",0.1
Fats and Oils,"Choline, total","Oil, industrial, coconut, principal uses candy coatings, oil sprays, roasting nuts",0.1
Fats and Oils,"Choline, total","Oil, flaxseed, cold pressed",0.1
Fats and Oils,"Choline, total","Oil, corn, peanut, and olive",0.1
Fats and Oils,"Choline, total","Oil, corn and canola",0.1
Fats and Oils,"Choline, total","Shortening, household, soybean (partially hydrogenated)-cottonseed (partially hydrogenated)",0.1
Fats and Oils,"Choline, total","Oil, soybean, salad or cooking, (partially hydrogenated)",0.1
Fats and Oils,Energy,"Oil, corn, industrial and retail, all purpose salad or cooking",32.1
Fats and Oils,Energy,"Oil, industrial, canola, high oleic",32.1
Fats and Oils,Energy,"Oil, industrial, soy, low linolenic",32.1
Fats and Oils,Energy,"Oil, coconut",31.9
Fats and Oils,Energy,"Oil, flaxseed, cold pressed",31.6
Fats and Oils,Energy,"Oil, corn, peanut, and olive",31.6
Fats and Oils,Energy,"Oil, corn and canola",31.6
Fats and Oils,Energy,"Shortening, household, soybean (partially hydrogenated)-cottonseed (partially hydrogenated)",31.6
Fats and Oils,Energy,"Oil, soybean, salad or cooking, (partially hydrogenated)",31.6
Fats and Oils,Energy,"Oil, wheat germ",31.6
Fats and Oils,Energy,"Oil, palm",31.6
Fats and Oils,Energy,"Oil, sesame, salad or cooking",31.6
Fats and Oils,Energy,"Oil, sunflower, linoleic (less than 60%)",31.6
Fats and Oils,Energy,"Oil, cottonseed, salad or cooking",31.6
Fats and Oils,Energy,"Oil, sunflower, linoleic, (approx. 65%)",31.6
Fats and Oils,"Fiber, total dietary","Oil, flaxseed, cold pressed",0.0
Fats and Oils,"Fiber, total dietary","Oil, corn, peanut, and olive",0.0
Fats and Oils,"Fiber, total dietary","Oil, corn and canola",0.0
Fats and Oils,"Fiber, total dietary","Shortening, household, soybean (partially hydrogenated)-cottonseed (partially hydrogenated)",0.0
Fats and Oils,"Fiber, total dietary","Oil, soybean, salad or cooking, (partially hydrogenated)",0.0
Fats and Oils,"Fiber, total dietary","Oil, wheat germ",0.0
Fats and Oils,"Fiber, total dietary","Oil, palm",0.0
Fats and Oils,"Fiber, total dietary","Oil, sesame, salad or cooking",0.0
Fats and Oils,"Fiber, total dietary","Oil, sunflower, linoleic (less than 60%)",0.0
Fats and Oils,"Fiber, total dietary","Oil, cottonseed, salad or cooking",0.0
Fats and Oils,"Fiber, total dietary","Oil, sunflower, linoleic, (approx. 65%)",0.0
Fats and Oils,"Fiber, total dietary","Oil, safflower, salad or cooking, linoleic, (over 70%)",0.0
Fats and Oils,"Fiber, total dietary","Oil, safflower, salad or cooking, high oleic (primary safflower oil of commerce)",0.0
Fats and Oils,"Fiber, total dietary","Oil, grapeseed",0.0
Fats and Oils,"Fiber, total dietary","Oil, corn, industrial and retail, all purpose salad or cooking",0.0
Fats and Oils,"Folate, total","Oil, flaxseed, cold pressed",0.0
Fats and Oils,"Folate, total","Oil, corn, peanut, and olive",0.0
Fats and Oils,"Folate, total","Oil, corn and canola",0.0
Fats and Oils,"Folate, total","Shortening, household, soybean (partially hydrogenated)-cottonseed (partially hydrogenated)",0.0
Fats and Oils,"Folate, total","Oil, soybean, salad or cooking, (partially hydrogenated)",0.0
Fats and Oils,"Folate, total","Oil, wheat germ",0.0
Fats and Oils,"Folate, total","Oil, palm",0.0
Fats and Oils,"Folate, total","Oil, sesame, salad or cooking",0.0
Fats and Oils,"Folate, total","Oil, sunflower, linoleic (less than 60%)",0.0
Fats and Oils,"Folate, total","Oil, cottonseed, salad or cooking",0.0
Fats and Oils,"Folate, total","Oil, sunflower, linoleic, (approx. 65%)",0.0
Fats and Oils,"Folate, total","Oil, safflower, salad or cooking, linoleic, (over 70%)",0.0
Fats and Oils,"Folate, total","Oil, safflower, salad or cooking, high oleic (primary safflower oil of commerce)",0.0
Fats and Oils,"Folate, total","Oil, grapeseed",0.0
Fats and Oils,"Folate, total","Oil, corn, industrial and retail, all purpose salad or cooking",0.0
Fats and Oils,Histidine,"Shortening, household, soybean (partially hydrogenated)-cottonseed (partially hydrogenated)",0.0
Fats and Oils,Histidine,"Oil, soybean, salad or cooking, (partially hydrogenated)",0.0
Fats and Oils,Histidine,"Oil, wheat germ",0.0
Fats and Oils,Histidine,"Oil, palm",0.0
Fats and Oils,Histidine,"Oil, sesame, salad or cooking",0.0
Fats and Oils,Histidine,"Oil, sunflower, linoleic (less than 60%)",0.0
Fats and Oils,Histidine,"Oil, cottonseed, salad or cooking",0.0
Fats and Oils,Histidine,"Oil, sunflower, linoleic, (approx. 65%)",0.0
Fats and Oils,Histidine,"Oil, safflower, salad or cooking, linoleic, (over 70%)",0.0
Fats and Oils,Histidine,"Oil, safflower, salad or cooking, high oleic (primary safflower oil of commerce)",0.0
Fats and Oils,Histidine,"Oil, grapeseed",0.0
Fats and Oils,Histidine,"Oil, corn, industrial and retail, all purpose salad or cooking",0.0
Fats and Oils,Histidine,"Oil, walnut",0.0
Fats and Oils,Histidine,"Oil, almond",0.0
Fats and Oils,Histidine,"Oil, apricot kernel",0.0
Fats and Oils,"Iron, Fe","Oil, olive, salad or cooking",3.1
Fats and Oils,"Iron, Fe","Oil, industrial, palm kernel (hydrogenated) , used for whipped toppings, non-dairy",0.8
Fats and Oils,"Iron, Fe","Oil, industrial, coconut (hydrogenated), used for whipped toppings and coffee whiteners",0.8
Fats and Oils,"Iron, Fe","Oil, corn, peanut, and olive",0.7
Fats and Oils,"Iron, Fe","Shortening, vegetable, household, composite",0.4
Fats and Oils,"Iron, Fe","Oil, soybean, salad or cooking",0.3
Fats and Oils,"Iron, Fe","Oil, coconut",0.3
Fats and Oils,"Iron, Fe","Oil, industrial, soy, low linolenic",0.3
Fats and Oils,"Iron, Fe","Oil, industrial, soy, ultra low linolenic",0.3
Fats and Oils,"Iron, Fe","Oil, industrial, soy, fully hydrogenated",0.3
Fats and Oils,"Iron, Fe","Oil, industrial, coconut, principal uses candy coatings, oil sprays, roasting nuts",0.2
Fats and Oils,"Iron, Fe","Oil, sunflower, linoleic (less than 60%)",0.2
Fats and Oils,"Iron, Fe","Oil, peanut, salad or cooking",0.2
Fats and Oils,"Iron, Fe","Oil, industrial, mid-oleic, sunflower",0.2
Fats and Oils,"Iron, Fe","Oil, vegetable, soybean, refined",0.1
Fats and Oils,Isoleucine,"Shortening, household, soybean (partially hydrogenated)-cottonseed (partially hydrogenated)",0.0
Fats and Oils,Isoleucine,"Oil, soybean, salad or cooking, (partially hydrogenated)",0.0
Fats and Oils,Isoleucine,"Oil, wheat germ",0.0
Fats and Oils,Isoleucine,"Oil, palm",0.0
Fats and Oils,Isoleucine,"Oil, sesame, salad or cooking",0.0
Fats and Oils,Isoleucine,"Oil, sunflower, linoleic (less than 60%)",0.0
Fats and Oils,Isoleucine,"Oil, cottonseed, salad or cooking",0.0
Fats and Oils,Isoleucine,"Oil, sunflower, linoleic, (approx. 65%)",0.0
Fats and Oils,Isoleucine,"Oil, safflower, salad or cooking, linoleic, (over 70%)",0.0
Fats and Oils,Isoleucine,"Oil, safflower, salad or cooking, high oleic (primary safflower oil of commerce)",0.0
Fats and Oils,Isoleucine,"Oil, grapeseed",0.0
Fats and Oils,Isoleucine,"Oil, corn, industrial and retail, all purpose salad or cooking",0.0
Fats and Oils,Isoleucine,"Oil, walnut",0.0
Fats and Oils,Isoleucine,"Oil, almond",0.0
Fats and Oils,Isoleucine,"Oil, apricot kernel",0.0
Fats and Oils,Leucine,"Shortening, household, soybean (partially hydrogenated)-cottonseed (partially hydrogenated)",0.0
Fats and Oils,Leucine,"Oil, soybean, salad or cooking, (partially hydrogenated)",0.0
Fats and Oils,Leucine,"Oil, wheat germ",0.0
Fats and Oils,Leucine,"Oil, palm",0.0
Fats and Oils,Leucine,"Oil, sesame, salad or cooking",0.0
Fats and Oils,Leucine,"Oil, sunflower, linoleic (less than 60%)",0.0
Fats and Oils,Leucine,"Oil, cottonseed, salad or cooking",0.0
Fats and Oils,Leucine,"Oil, sunflower, linoleic, (approx. 65%)",0.0
Fats and Oils,Leucine,"Oil, safflower, salad or cooking, linoleic, (over 70%)",0.0
Fats and Oils,Leucine,"Oil, safflower, salad or cooking, high oleic (primary safflower oil of commerce)",0.0
Fats and Oils,Leucine,"Oil, grapeseed",0.0
Fats and Oils,Leucine,"Oil, corn, industrial and retail, all purpose salad or cooking",0.0
Fats and Oils,Leucine,"Oil, walnut",0.0
Fats and Oils,Leucine,"Oil, almond",0.0
Fats and Oils,Leucine,"Oil, apricot kernel",0.0
Fats and Oils,Lysine,"Shortening, household, soybean (partially hydrogenated)-cottonseed (partially hydrogenated)",0.0
Fats and Oils,Lysine,"Oil, soybean, salad or cooking, (partially hydrogenated)",0.0
Fats and Oils,Lysine,"Oil, wheat germ",0.0
Fats and Oils,Lysine,"Oil, palm",0.0
Fats and Oils,Lysine,"Oil, sesame, salad or cooking",0.0
Fats and Oils,Lysine,"Oil, sunflower, linoleic (less than 60%)",0.0
Fats and Oils,Lysine,"Oil, cottonseed, salad or cooking",0.0
Fats and Oils,Lysine,"Oil, sunflower, linoleic, (approx. 65%)",0.0
Fats and Oils,Lysine,"Oil, safflower, salad or cooking, linoleic, (over 70%)",0.0
Fats and Oils,Lysine,"Oil, safflower, salad or cooking, high oleic (primary safflower oil of commerce)",0.0
Fats and Oils,Lysine,"Oil, grapeseed",0.0
Fats and Oils,Lysine,"Oil, corn, industrial and retail, all purpose salad or cooking",0.0
Fats and Oils,Lysine,"Oil, walnut",0.0
Fats and Oils,Lysine,"Oil, almond",0.0
Fats and Oils,Lysine,"Oil, apricot kernel",0.0
Fats and Oils,"Magnesium, Mg","Oil, flaxseed, cold pressed",0.0
Fats and Oils,"Magnesium, Mg","Oil, corn, peanut, and olive",0.0
Fats and Oils,"Magnesium, Mg","Oil, corn and canola",0.0
Fats and Oils,"Magnesium, Mg","Shortening, household, soybean (partially hydrogenated)-cottonseed (partially hydrogenated)",0.0
Fats and Oils,"Magnesium, Mg","Oil, soybean, salad or cooking, (partially hydrogenated)",0.0
Fats and Oils,"Magnesium, Mg","Oil, wheat germ",0.0
Fats and Oils,"Magnesium, Mg","Oil, palm",0.0
Fats and Oils,"Magnesium, Mg","Oil, sesame, salad or cooking",0.0
Fats and Oils,"Magnesium, Mg","Oil, sunflower, linoleic (less than 60%)",0.0
Fats and Oils,"Magnesium, Mg","Oil, cottonseed, salad or cooking",0.0
Fats and Oils,"Magnesium, Mg","Oil, sunflower, linoleic, (approx. 65%)",0.0
Fats and Oils,"Magnesium, Mg","Oil, safflower, salad or cooking, linoleic, (over 70%)",0.0
Fats and Oils,"Magnesium, Mg","Oil, safflower, salad or cooking, high oleic (primary safflower oil of commerce)",0.0
Fats and Oils,"Magnesium, Mg","Oil, grapeseed",0.0
Fats and Oils,"Magnesium, Mg","Oil, corn, industrial and retail, all purpose salad or cooking",0.0
Fats and Oils,Methionine,"Shortening, household, soybean (partially hydrogenated)-cottonseed (partially hydrogenated)",0.0
Fats and Oils,Methionine,"Oil, soybean, salad or cooking, (partially hydrogenated)",0.0
Fats and Oils,Methionine,"Oil, wheat germ",0.0
Fats and Oils,Methionine,"Oil, palm",0.0
Fats and Oils,Methionine,"Oil, sesame, salad or cooking",0.0
Fats and Oils,Methionine,"Oil, sunflower, linoleic (less than 60%)",0.0
Fats and Oils,Methionine,"Oil, cottonseed, salad or cooking",0.0
Fats and Oils,Methionine,"Oil, sunflower, linoleic, (approx. 65%)",0.0
Fats and Oils,Methionine,"Oil, safflower, salad or cooking, linoleic, (over 70%)",0.0
Fats and Oils,Methionine,"Oil, safflower, salad or cooking, high oleic (primary safflower oil of commerce)",0.0
Fats and Oils,Methionine,"Oil, grapeseed",0.0
Fats and Oils,Methionine,"Oil, corn, industrial and retail, all purpose salad or cooking",0.0
Fats and Oils,Methionine,"Oil, walnut",0.0
Fats and Oils,Methionine,"Oil, almond",0.0
Fats and Oils,Methionine,"Oil, apricot kernel",0.0
Fats and Oils,Niacin,"Oil, flaxseed, cold pressed",0.0
Fats and Oils,Niacin,"Oil, corn, peanut, and olive",0.0
Fats and Oils,Niacin,"Oil, corn and canola",0.0
Fats and Oils,Niacin,"Shortening, household, soybean (partially hydrogenated)-cottonseed (partially hydrogenated)",0.0
Fats and Oils,Niacin,"Oil, soybean, salad or cooking, (partially hydrogenated)",0.0
Fats and Oils,Niacin,"Oil, wheat germ",0.0
Fats and Oils,Niacin,"Oil, palm",0.0
Fats and Oils,Niacin,"Oil, sesame, salad or cooking",0.0
Fats and Oils,Niacin,"Oil, sunflower, linoleic (less than 60%)",0.0
Fats and Oils,Niacin,"Oil, cottonseed, salad or cooking",0.0
Fats and Oils,Niacin,"Oil, sunflower, linoleic, (approx. 65%)",0.0
Fats and Oils,Niacin,"Oil, safflower, salad or cooking, linoleic, (over 70%)",0.0
Fats and Oils,Niacin,"Oil, safflower, salad or cooking, high oleic (primary safflower oil of commerce)",0.0
Fats and Oils,Niacin,"Oil, grapeseed",0.0
Fats and Oils,Niacin,"Oil, corn, industrial and retail, all purpose salad or cooking",0.0
Fats and Oils,PUFA 18:2,"Oil, safflower, salad or cooking, linoleic, (over 70%)",932.8
Fats and Oils,PUFA 18:2,"Oil, grapeseed",870.0
Fats and Oils,PUFA 18:2,"Oil, sunflower, linoleic, (approx. 65%)",821.2
Fats and Oils,PUFA 18:2,"Oil, poppyseed",780.0
Fats and Oils,PUFA 18:2,"Oil, industrial, soy, low linolenic",699.6
Fats and Oils,PUFA 18:2,"Oil, wheat germ",685.0
Fats and Oils,PUFA 18:2,"Oil, corn, industrial and retail, all purpose salad or cooking",668.9
Fats and Oils,PUFA 18:2,"Oil, walnut",661.2
Fats and Oils,PUFA 18:2,"Oil, cottonseed, salad or cooking",643.8
Fats and Oils,PUFA 18:2,"Oil, industrial, soy, refined, for woks and light frying",641.2
Fats and Oils,PUFA 18:2,"Oil, soybean, salad or cooking",636.9
Fats and Oils,PUFA 18:2,"Oil, industrial, soy, ultra low linolenic",636.3
Fats and Oils,PUFA 18:2,"Oil, tomatoseed",635.0
Fats and Oils,PUFA 18:2,"Oil, vegetable, soybean, refined",628.7
Fats and Oils,PUFA 18:2,"Oil, cooking and salad, ENOVA, 80% diglycerides",574.2
Fats and Oils,PUFA 18:3,"Oil, flaxseed, cold pressed",1334.2
Fats and Oils,PUFA 18:3,"Oil, walnut",260.0
Fats and Oils,PUFA 18:3,"Oil, canola",228.4
Fats and Oils,PUFA 18:3,"Oil, industrial, canola for salads, woks and light frying",190.9
Fats and Oils,PUFA 18:3,"Oil, cooking and salad, ENOVA, 80% diglycerides",185.8
Fats and Oils,PUFA 18:3,"Oil, PAM cooking spray, original",179.8
Fats and Oils,PUFA 18:3,"Oil, vegetable, soybean, refined",175.8
Fats and Oils,PUFA 18:3,"Oil, industrial, soy, refined, for woks and light frying",172.8
Fats and Oils,PUFA 18:3,"Oil, wheat germ",172.5
Fats and Oils,PUFA 18:3,"Oil, soybean, salad or cooking",169.7
Fats and Oils,PUFA 18:3,"Oil, industrial, canola with antifoaming agent, principal uses salads, woks and light frying",159.9
Fats and Oils,PUFA 18:3,"Oil, mustard",147.5
Fats and Oils,PUFA 18:3,"Oil, corn and canola",144.9
Fats and Oils,PUFA 18:3,"Oil, soybean lecithin",128.4
Fats and Oils,PUFA 18:3,"Shortening bread, soybean (hydrogenated) and cottonseed",100.0
Fats and Oils,Pantothenic acid,"Shortening, vegetable, household, composite",13.6
Fats and Oils,Pantothenic acid,"Oil, corn, peanut, and olive",0.0
Fats and Oils,Pantothenic acid,"Shortening, household, soybean (partially hydrogenated)-cottonseed (partially hydrogenated)",0.0
Fats and Oils,Pantothenic acid,"Oil, soybean, salad or cooking, (partially hydrogenated)",0.0
Fats and Oils,Pantothenic acid,"Oil, wheat germ",0.0
Fats and Oils,Pantothenic acid,"Oil, palm",0.0
Fats and Oils,Pantothenic acid,"Oil, sesame, salad or cooking",0.0
Fats and Oils,Pantothenic acid,"Oil, sunflower, linoleic (less than 60%)",0.0
Fats and Oils,Pantothenic acid,"Oil, cottonseed, salad or cooking",0.0
Fats and Oils,Pantothenic acid,"Oil, sunflower, linoleic, (approx. 65%)",0.0
Fats and Oils,Pantothenic acid,"Oil, safflower, salad or cooking, linoleic, (over 70%)",0.0
Fats and Oils,Pantothenic acid,"Oil, safflower, salad or cooking, high oleic (primary safflower oil of commerce)",0.0
Fats and Oils,Pantothenic acid,"Oil, grapeseed",0.0
Fats and Oils,Pantothenic acid,"Oil, corn, industrial and retail, all purpose salad or cooking",0.0
Fats and Oils,Pantothenic acid,"Oil, walnut",0.0
Fats and Oils,Phenylalanine,"Shortening, household, soybean (partially hydrogenated)-cottonseed (partially hydrogenated)",0.0
Fats and Oils,Phenylalanine,"Oil, soybean, salad or cooking, (partially hydrogenated)",0.0
Fats and Oils,Phenylalanine,"Oil, wheat germ",0.0
Fats and Oils,Phenylalanine,"Oil, palm",0.0
Fats and Oils,Phenylalanine,"Oil, sesame, salad or cooking",0.0
Fats and Oils,Phenylalanine,"Oil, sunflower, linoleic (less than 60%)",0.0
Fats and Oils,Phenylalanine,"Oil, cottonseed, salad or cooking",0.0
Fats and Oils,Phenylalanine,"Oil, sunflower, linoleic, (approx. 65%)",0.0
Fats and Oils,Phenylalanine,"Oil, safflower, salad or cooking, linoleic, (over 70%)",0.0
Fats and Oils,Phenylalanine,"Oil, safflower, salad or cooking, high oleic (primary safflower oil of commerce)",0.0
Fats and Oils,Phenylalanine,"Oil, grapeseed",0.0
Fats and Oils,Phenylalanine,"Oil, corn, industrial and retail, all purpose salad or cooking",0.0
Fats and Oils,Phenylalanine,"Oil, walnut",0.0
Fats and Oils,Phenylalanine,"Oil, almond",0.0
Fats and Oils,Phenylalanine,"Oil, apricot kernel",0.0
Fats and Oils,"Phosphorus, P","Oil, flaxseed, cold pressed",0.2
Fats and Oils,"Phosphorus, P","Oil, corn, peanut, and olive",0.0
Fats and Oils,"Phosphorus, P","Oil, corn and canola",0.0
Fats and Oils,"Phosphorus, P","Shortening, household, soybean (partially hydrogenated)-cottonseed (partially hydrogenated)",0.0
Fats and Oils,"Phosphorus, P","Oil, soybean, salad or cooking, (partially hydrogenated)",0.0
Fats and Oils,"Phosphorus, P","Oil, wheat germ",0.0
Fats and Oils,"Phosphorus, P","Oil, palm",0.0
Fats and Oils,"Phosphorus, P","Oil, sesame, salad or cooking",0.0
Fats and Oils,"Phosphorus, P","Oil, sunflower, linoleic (less than 60%)",0.0
Fats and Oils,"Phosphorus, P","Oil, cottonseed, salad or cooking",0.0
Fats and Oils,"Phosphorus, P","Oil, sunflower, linoleic, (approx. 65%)",0.0
Fats and Oils,"Phosphorus, P","Oil, safflower, salad or cooking, linoleic, (over 70%)",0.0
Fats and Oils,"Phosphorus, P","Oil, safflower, salad or cooking, high oleic (primary safflower oil of commerce)",0.0
Fats and Oils,"Phosphorus, P","Oil, grapeseed",0.0
Fats and Oils,"Phosphorus, P","Oil, corn, industrial and retail, all purpose salad or cooking",0.0
Fats and Oils,"Potassium, K","Oil, industrial, palm kernel (hydrogenated) , used for whipped toppings, non-dairy",0.1
Fats and Oils,"Potassium, K","Oil, industrial, coconut (hydrogenated), used for whipped toppings and coffee whiteners",0.1
Fats and Oils,"Potassium, K","Oil, olive, salad or cooking",0.0
Fats and Oils,"Potassium, K","Oil, flaxseed, cold pressed",0.0
Fats and Oils,"Potassium, K","Oil, corn, peanut, and olive",0.0
Fats and Oils,"Potassium, K","Oil, corn and canola",0.0
Fats and Oils,"Potassium, K","Shortening, household, soybean (partially hydrogenated)-cottonseed (partially hydrogenated)",0.0
Fats and Oils,"Potassium, K","Oil, soybean, salad or cooking, (partially hydrogenated)",0.0
Fats and Oils,"Potassium, K","Oil, wheat germ",0.0
Fats and Oils,"Potassium, K","Oil, palm",0.0
Fats and Oils,"Potassium, K","Oil, sesame, salad or cooking",0.0
Fats and Oils,"Potassium, K","Oil, sunflower, linoleic (less than 60%)",0.0
Fats and Oils,"Potassium, K","Oil, cottonseed, salad or cooking",0.0
Fats and Oils,"Potassium, K","Oil, sunflower, linoleic, (approx. 65%)",0.0
Fats and Oils,"Potassium, K","Oil, safflower, salad or cooking, linoleic, (over 70%)",0.0
Fats and Oils,Protein,"Oil, PAM cooking spray, original",0.4
Fats and Oils,Protein,"Oil, flaxseed, cold pressed",0.2
Fats and Oils,Protein,"Oil, corn, peanut, and olive",0.0
Fats and Oils,Protein,"Oil, corn and canola",0.0
Fats and Oils,Protein,"Shortening, household, soybean (partially hydrogenated)-cottonseed (partially hydrogenated)",0.0
Fats and Oils,Protein,"Oil, soybean, salad or cooking, (partially hydrogenated)",0.0
Fats and Oils,Protein,"Oil, wheat germ",0.0
Fats and Oils,Protein,"Oil, palm",0.0
Fats and Oils,Protein,"Oil, sesame, salad or cooking",0.0
Fats and Oils,Protein,"Oil, sunflower, linoleic (less than 60%)",0.0
Fats and Oils,Protein,"Oil, cottonseed, salad or cooking",0.0
Fats and Oils,Protein,"Oil, sunflower, linoleic, (approx. 65%)",0.0
Fats and Oils,Protein,"Oil, safflower, salad or cooking, linoleic, (over 70%)",0.0
Fats and Oils,Protein,"Oil, safflower, salad or cooking, high oleic (primary safflower oil of commerce)",0.0
Fats and Oils,Protein,"Oil, grapeseed",0.0
Fats and Oils,Riboflavin,"Oil, flaxseed, cold pressed",0.0
Fats and Oils,Riboflavin,"Oil, corn, peanut, and olive",0.0
Fats and Oils,Riboflavin,"Oil, corn and canola",0.0
Fats and Oils,Riboflavin,"Shortening, household, soybean (partially hydrogenated)-cottonseed (partially hydrogenated)",0.0
Fats and Oils,Riboflavin,"Oil, soybean, salad or cooking, (partially hydrogenated)",0.0
Fats and Oils,Riboflavin,"Oil, wheat germ",0.0
Fats and Oils,Riboflavin,"Oil, palm",0.0
Fats and Oils,Riboflavin,"Oil, sesame, salad or cooking",0.0
Fats and Oils,Riboflavin,"Oil, sunflower, linoleic (less than 60%)",0.0
Fats and Oils,Riboflavin,"Oil, cottonseed, salad or cooking",0.0
Fats and Oils,Riboflavin,"Oil, sunflower, linoleic, (approx. 65%)",0.0
Fats and Oils,Riboflavin,"Oil, safflower, salad or cooking, linoleic, (over 70%)",0.0
Fats and Oils,Riboflavin,"Oil, safflower, salad or cooking, high oleic (primary safflower oil of commerce)",0.0
Fats and Oils,Riboflavin,"Oil, grapeseed",0.0
Fats and Oils,Riboflavin,"Oil, corn, industrial and retail, all purpose salad or cooking",0.0
Fats and Oils,"Selenium, Se","Oil, flaxseed, cold pressed",0.0
Fats and Oils,"Selenium, Se","Oil, corn, peanut, and olive",0.0
Fats and Oils,"Selenium, Se","Oil, corn and canola",0.0
Fats and Oils,"Selenium, Se","Shortening, household, soybean (partially hydrogenated)-cottonseed (partially hydrogenated)",0.0
Fats and Oils,"Selenium, Se","Oil, soybean, salad or cooking, (partially hydrogenated)",0.0
Fats and Oils,"Selenium, Se","Oil, wheat germ",0.0
Fats and Oils,"Selenium, Se","Oil, palm",0.0
Fats and Oils,"Selenium, Se","Oil, sesame, salad or cooking",0.0
Fats and Oils,"Selenium, Se","Oil, sunflower, linoleic (less than 60%)",0.0
Fats and Oils,"Selenium, Se","Oil, cottonseed, salad or cooking",0.0
Fats and Oils,"Selenium, Se","Oil, sunflower, linoleic, (approx. 65%)",0.0
Fats and Oils,"Selenium, Se","Oil, safflower, salad or cooking, linoleic, (over 70%)",0.0
Fats and Oils,"Selenium, Se","Oil, safflower, salad or cooking, high oleic (primary safflower oil of commerce)",0.0
Fats and Oils,"Selenium, Se","Oil, grapeseed",0.0
Fats and Oils,"Selenium, Se","Oil, corn, industrial and retail, all purpose salad or cooking",0.0
Fats and Oils,"Sodium, Na","Oil, PAM cooking spray, original",2.5
Fats and Oils,"Sodium, Na","Oil, industrial, coconut (hydrogenated), used for whipped toppings and coffee whiteners",0.3
Fats and Oils,"Sodium, Na","Oil, industrial, palm kernel (hydrogenated) , used for whipped toppings, non-dairy",0.2
Fats and Oils,"Sodium, Na","Shortening, vegetable, household, composite",0.2
Fats and Oils,"Sodium, Na","Oil, olive, salad or cooking",0.1
Fats and Oils,"Sodium, Na","Oil, flaxseed, cold pressed",0.0
Fats and Oils,"Sodium, Na","Oil, corn, peanut, and olive",0.0
Fats and Oils,"Sodium, Na","Oil, corn and canola",0.0
Fats and Oils,"Sodium, Na","Shortening, household, soybean (partially hydrogenated)-cottonseed (partially hydrogenated)",0.0
Fats and Oils,"Sodium, Na","Oil, soybean, salad or cooking, (partially hydrogenated)",0.0
Fats and Oils,"Sodium, Na","Oil, wheat germ",0.0
Fats and Oils,"Sodium, Na","Oil, palm",0.0
Fats and Oils,"Sodium, Na","Oil, sesame, salad or cooking",0.0
Fats and Oils,"Sodium, Na","Oil, sunflower, linoleic (less than 60%)",0.0
Fats and Oils,"Sodium, Na","Oil, cottonseed, salad or cooking",0.0
Fats and Oils,Thiamin,"Shortening, vegetable, household, composite",1.8
Fats and Oils,Thiamin,"Oil, flaxseed, cold pressed",0.0
Fats and Oils,Thiamin,"Oil, corn, peanut, and olive",0.0
Fats and Oils,Thiamin,"Oil, corn and canola",0.0
Fats and Oils,Thiamin,"Shortening, household, soybean (partially hydrogenated)-cottonseed (partially hydrogenated)",0.0
Fats and Oils,Thiamin,"Oil, soybean, salad or cooking, (partially hydrogenated)",0.0
Fats and Oils,Thiamin,"Oil, wheat germ",0.0
Fats and Oils,Thiamin,"Oil, palm",0.0
Fats and Oils,Thiamin,"Oil, sesame, salad or cooking",0.0
Fats and Oils,Thiamin,"Oil, sunflower, linoleic (less than 60%)",0.0
Fats and Oils,Thiamin,"Oil, cottonseed, salad or cooking",0.0
Fats and Oils,Thiamin,"Oil, sunflower, linoleic, (approx. 65%)",0.0
Fats and Oils,Thiamin,"Oil, safflower, salad or cooking, linoleic, (over 70%)",0.0
Fats and Oils,Thiamin,"Oil, safflower, salad or cooking, high oleic (primary safflower oil of commerce)",0.0
Fats and Oils,Thiamin,"Oil, grapeseed",0.0
Fats and Oils,Threonine,"Shortening, household, soybean (partially hydrogenated)-cottonseed (partially hydrogenated)",0.0
Fats and Oils,Threonine,"Oil, soybean, salad or cooking, (partially hydrogenated)",0.0
Fats and Oils,Threonine,"Oil, wheat germ",0.0
Fats and Oils,Threonine,"Oil, palm",0.0
Fats and Oils,Threonine,"Oil, sesame, salad or cooking",0.0
Fats and Oils,Threonine,"Oil, sunflower, linoleic (less than 60%)",0.0
Fats and Oils,Threonine,"Oil, cottonseed, salad or cooking",0.0
Fats and Oils,Threonine,"Oil, sunflower, linoleic, (approx. 65%)",0.0
Fats and Oils,Threonine,"Oil, safflower, salad or cooking, linoleic, (over 70%)",0.0
Fats and Oils,Threonine,"Oil, safflower, salad or cooking, high oleic (primary safflower oil of commerce)",0.0
Fats and Oils,Threonine,"Oil, grapeseed",0.0
Fats and Oils,Threonine,"Oil, corn, industrial and retail, all purpose salad or cooking",0.0
Fats and Oils,Threonine,"Oil, walnut",0.0
Fats and Oils,Threonine,"Oil, almond",0.0
Fats and Oils,Threonine,"Oil, apricot kernel",0.0
Fats and Oils,Total lipid (fat),"Oil, corn, peanut, and olive",80.4
Fats and Oils,Total lipid (fat),"Oil, corn and canola",80.4
Fats and Oils,Total lipid (fat),"Shortening, household, soybean (partially hydrogenated)-cottonseed (partially hydrogenated)",80.4
Fats and Oils,Total lipid (fat),"Oil, soybean, salad or cooking, (partially hydrogenated)",80.4
Fats and Oils,Total lipid (fat),"Oil, wheat germ",80.4
Fats and Oils,Total lipid (fat),"Oil, palm",80.4
Fats and Oils,Total lipid (fat),"Oil, sesame, salad or cooking",80.4
Fats and Oils,Total lipid (fat),"Oil, sunflower, linoleic (less than 60%)",80.4
Fats and Oils,Total lipid (fat),"Oil, cottonseed, salad or cooking",80.4
Fats and Oils,Total lipid (fat),"Oil, sunflower, linoleic, (approx. 65%)",80.4
Fats and Oils,Total lipid (fat),"Oil, safflower, salad or cooking, linoleic, (over 70%)",80.4
Fats and Oils,Total lipid (fat),"Oil, safflower, salad or cooking, high oleic (primary safflower oil of commerce)",80.4
Fats and Oils,Total lipid (fat),"Oil, grapeseed",80.4
Fats and Oils,Total lipid (fat),"Oil, corn, industrial and retail, all purpose salad or cooking",80.4
Fats and Oils,Total lipid (fat),"Oil, walnut",80.4
Fats and Oils,Tryptophan,"Shortening, household, soybean (partially hydrogenated)-cottonseed (partially hydrogenated)",0.0
Fats and Oils,Tryptophan,"Oil, soybean, salad or cooking, (partially hydrogenated)",0.0
Fats and Oils,Tryptophan,"Oil, wheat germ",0.0
Fats and Oils,Tryptophan,"Oil, palm",0.0
Fats and Oils,Tryptophan,"Oil, sesame, salad or cooking",0.0
Fats and Oils,Tryptophan,"Oil, sunflower, linoleic (less than 60%)",0.0
Fats and Oils,Tryptophan,"Oil, cottonseed, salad or cooking",0.0
Fats and Oils,Tryptophan,"Oil, sunflower, linoleic, (approx. 65%)",0.0
Fats and Oils,Tryptophan,"Oil, safflower, salad or cooking, linoleic, (over 70%)",0.0
Fats and Oils,Tryptophan,"Oil, safflower, salad or cooking, high oleic (primary safflower oil of commerce)",0.0
Fats and Oils,Tryptophan,"Oil, grapeseed",0.0
Fats and Oils,Tryptophan,"Oil, corn, industrial and retail, all purpose salad or cooking",0.0
Fats and Oils,Tryptophan,"Oil, walnut",0.0
Fats and Oils,Tryptophan,"Oil, almond",0.0
Fats and Oils,Tryptophan,"Oil, apricot kernel",0.0
Fats and Oils,Valine,"Shortening, household, soybean (partially hydrogenated)-cottonseed (partially hydrogenated)",0.0
Fats and Oils,Valine,"Oil, soybean, salad or cooking, (partially hydrogenated)",0.0
Fats and Oils,Valine,"Oil, wheat germ",0.0
Fats and Oils,Valine,"Oil, palm",0.0
Fats and Oils,Valine,"Oil, sesame, salad or cooking",0.0
Fats and Oils,Valine,"Oil, sunflower, linoleic (less than 60%)",0.0
Fats and Oils,Valine,"Oil, cottonseed, salad or cooking",0.0
Fats and Oils,Valine,"Oil, sunflower, linoleic, (approx. 65%)",0.0
Fats and Oils,Valine,"Oil, safflower, salad or cooking, linoleic, (over 70%)",0.0
Fats and Oils,Valine,"Oil, safflower, salad or cooking, high oleic (primary safflower oil of commerce)",0.0
Fats and Oils,Valine,"Oil, grapeseed",0.0
Fats and Oils,Valine,"Oil, corn, industrial and retail, all purpose salad or cooking",0.0
Fats and Oils,Valine,"Oil, walnut",0.0
Fats and Oils,Valine,"Oil, almond",0.0
Fats and Oils,Valine,"Oil, apricot kernel",0.0
Fats and Oils,"Vitamin A, RAE","Oil, flaxseed, cold pressed",0.0
Fats and Oils,"Vitamin A, RAE","Oil, corn, peanut, and olive",0.0
Fats and Oils,"Vitamin A, RAE","Oil, corn and canola",0.0
Fats and Oils,"Vitamin A, RAE","Shortening, household, soybean (partially hydrogenated)-cottonseed (partially hydrogenated)",0.0
Fats and Oils,"Vitamin A, RAE","Oil, soybean, salad or cooking, (partially hydrogenated)",0.0
Fats and Oils,"Vitamin A, RAE","Oil, wheat germ",0.0
Fats and Oils,"Vitamin A, RAE","Oil, palm",0.0
Fats and Oils,"Vitamin A, RAE","Oil, sesame, salad or cooking",0.0
Fats and Oils,"Vitamin A, RAE","Oil, sunflower, linoleic (less than 60%)",0.0
Fats and Oils,"Vitamin A, RAE","Oil, cottonseed, salad or cooking",0.0
Fats and Oils,"Vitamin A, RAE","Oil, sunflower, linoleic, (approx. 65%)",0.0
Fats and Oils,"Vitamin A, RAE","Oil, safflower, salad or cooking, linoleic, (over 70%)",0.0
Fats and Oils,"Vitamin A, RAE","Oil, safflower, salad or cooking, high oleic (primary safflower oil of commerce)",0.0
Fats and Oils,"Vitamin A, RAE","Oil, grapeseed",0.0
Fats and Oils,"Vitamin A, RAE","Oil, corn, industrial and retail, all purpose salad or cooking",0.0
Fats and Oils,Vitamin B-6,"Shortening, vegetable, household, composite",0.1
Fats and Oils,Vitamin B-6,"Oil, flaxseed, cold pressed",0.0
Fats and Oils,Vitamin B-6,"Oil, corn, peanut, and olive",0.0
Fats and Oils,Vitamin B-6,"Oil, corn and canola",0.0
Fats and Oils,Vitamin B-6,"Shortening, household, soybean (partially hydrogenated)-cottonseed (partially hydrogenated)",0.0
Fats and Oils,Vitamin B-6,"Oil, soybean, salad or cooking, (partially hydrogenated)",0.0
Fats and Oils,Vitamin B-6,"Oil, wheat germ",0.0
Fats and Oils,Vitamin B-6,"Oil, palm",0.0
Fats and Oils,Vitamin B-6,"Oil, sesame, salad or cooking",0.0
Fats and Oils,Vitamin B-6,"Oil, sunflower, linoleic (less than 60%)",0.0
Fats and Oils,Vitamin B-6,"Oil, cottonseed, salad or cooking",0.0
Fats and Oils,Vitamin B-6,"Oil, sunflower, linoleic, (approx. 65%)",0.0
Fats and Oils,Vitamin B-6,"Oil, safflower, salad or cooking, linoleic, (over 70%)",0.0
Fats and Oils,Vitamin B-6,"Oil, safflower, salad or cooking, high oleic (primary safflower oil of commerce)",0.0
Fats and Oils,Vitamin B-6,"Oil, grapeseed",0.0
Fats and Oils,"Vitamin C, total ascorbic acid","Oil, flaxseed, cold pressed",0.0
Fats and Oils,"Vitamin C, total ascorbic acid","Oil, corn, peanut, and olive",0.0
Fats and Oils,"Vitamin C, total ascorbic acid","Oil, corn and canola",0.0
Fats and Oils,"Vitamin C, total ascorbic acid","Shortening, household, soybean (partially hydrogenated)-cottonseed (partially hydrogenated)",0.0
Fats and Oils,"Vitamin C, total ascorbic acid","Oil, soybean, salad or cooking, (partially hydrogenated)",0.0
Fats and Oils,"Vitamin C, total ascorbic acid","Oil, wheat germ",0.0
Fats and Oils,"Vitamin C, total ascorbic acid","Oil, palm",0.0
Fats and Oils,"Vitamin C, total ascorbic acid","Oil, sesame, salad or cooking",0.0
Fats and Oils,"Vitamin C, total ascorbic acid","Oil, sunflower, linoleic (less than 60%)",0.0
Fats and Oils,"Vitamin C, total ascorbic acid","Oil, cottonseed, salad or cooking",0.0
Fats and Oils,"Vitamin C, total ascorbic acid","Oil, sunflower, linoleic, (approx. 65%)",0.0
Fats and Oils,"Vitamin C, total ascorbic acid","Oil, safflower, salad or cooking, linoleic, (over 70%)",0.0
Fats and Oils,"Vitamin C, total ascorbic acid","Oil, safflower, salad or cooking, high oleic (primary safflower oil of commerce)",0.0
Fats and Oils,"Vitamin C, total ascorbic acid","Oil, grapeseed",0.0
Fats and Oils,"Vitamin C, total ascorbic acid","Oil, corn, industrial and retail, all purpose salad or cooking",0.0
Fats and Oils,Vitamin K (phylloquinone),"Oil, soybean, salad or cooking",262.7
Fats and Oils,Vitamin K (phylloquinone),"Oil, soybean lecithin",262.7
Fats and Oils,Vitamin K (phylloquinone),"Oil, industrial, soy, low linolenic",262.7
Fats and Oils,Vitamin K (phylloquinone),"Oil, industrial, soy, ultra low linolenic",262.7
Fats and Oils,Vitamin K (phylloquinone),"Oil, industrial, soy, fully hydrogenated",262.7
Fats and Oils,Vitamin K (phylloquinone),"Oil, vegetable, soybean, refined",262.7
Fats and Oils,Vitamin K (phylloquinone),"Oil, industrial, soy, refined, for woks and light frying",262.7
Fats and Oils,Vitamin K (phylloquinone),"Oil, industrial, canola with antifoaming agent, principal uses salads, woks and light frying",174.3
Fats and Oils,Vitamin K (phylloquinone),"Oil, industrial, canola, high oleic",101.9
Fats and Oils,Vitamin K (phylloquinone),"Oil, canola",101.9
Fats and Oils,Vitamin K (phylloquinone),"Oil, industrial, canola for salads, woks and light frying",101.9
Fats and Oils,Vitamin K (phylloquinone),"Oil, olive, salad or cooking",86.0
Fats and Oils,Vitamin K (phylloquinone),"Shortening, vegetable, household, composite",76.0
Fats and Oils,Vitamin K (phylloquinone),"Shortening, household, soybean (partially hydrogenated)-cottonseed (partially hydrogenated)",61.4
Fats and Oils,Vitamin K (phylloquinone),"Shortening cake mix, soybean (hydrogenated) and cottonseed (hydrogenated)",61.4
Fats and Oils,"Zinc, Zn","Oil, flaxseed, cold pressed",0.4
Fats and Oils,"Zinc, Zn","Oil, industrial, palm kernel (hydrogenated) , used for whipped toppings, non-dairy",0.2
Fats and Oils,"Zinc, Zn","Oil, industrial, coconut (hydrogenated), used for whipped toppings and coffee whiteners",0.2
Fats and Oils,"Zinc, Zn","Oil, corn, peanut, and olive",0.1
Fats and Oils,"Zinc, Zn","Oil, coconut",0.1
Fats and Oils,"Zinc, Zn","Oil, peanut, salad or cooking",0.1
Fats and Oils,"Zinc, Zn","Oil, soybean, salad or cooking",0.1
Fats and Oils,"Zinc, Zn","Oil, industrial, soy, low linolenic",0.1
Fats and Oils,"Zinc, Zn","Oil, industrial, soy, ultra low linolenic",0.1
Fats and Oils,"Zinc, Zn","Oil, industrial, soy, fully hydrogenated",0.1
Fats and Oils,"Zinc, Zn","Oil, corn and canola",0.0
Fats and Oils,"Zinc, Zn","Shortening, household, soybean (partially hydrogenated)-cottonseed (partially hydrogenated)",0.0
Fats and Oils,"Zinc, Zn","Oil, soybean, salad or cooking, (partially hydrogenated)",0.0
Fats and Oils,"Zinc, Zn","Oil, wheat germ",0.0
Fats and Oils,"Zinc, Zn","Oil, palm",0.0
Fruits and Fruit Juices,"Calcium, Ca","Roselle, raw",22.6
Fruits and Fruit Juices,"Calcium, Ca","Orange peel, raw",16.9
Fruits and Fruit Juices,"Calcium, Ca","Rhubarb, frozen, cooked, with sugar",15.3
Fruits and Fruit Juices,"Calcium, Ca","Lemon peel, raw",14.1
Fruits and Fruit Juices,"Calcium, Ca","Rhubarb, raw",9.1
Fruits and Fruit Juices,"Calcium, Ca","Tamarinds, raw",7.8
Fruits and Fruit Juices,"Calcium, Ca","Oranges, raw, with peel",7.4
Fruits and Fruit Juices,"Calcium, Ca","Raisins, golden, seedless",6.7
Fruits and Fruit Juices,"Calcium, Ca","Dates, medjool",6.7
Fruits and Fruit Juices,"Calcium, Ca","Kumquats, raw",6.5
Fruits and Fruit Juices,"Calcium, Ca","Raisins, dark, seedless (Includes foods for USDA's Food Distribution Program)",6.5
Fruits and Fruit Juices,"Calcium, Ca","Prickly pears, raw",5.9
Fruits and Fruit Juices,"Calcium, Ca","Currants, european black, raw",5.8
Fruits and Fruit Juices,"Calcium, Ca","Nance, frozen, unsweetened",4.8
Fruits and Fruit Juices,"Calcium, Ca","Oranges, raw, navels (Includes foods for USDA's Food Distribution Program)",4.5
Fruits and Fruit Juices,Cholesterol,"Lemons, raw, without peel",0.0
Fruits and Fruit Juices,Cholesterol,"Lemon peel, raw",0.0
Fruits and Fruit Juices,Cholesterol,"Prickly pears, raw",0.0
Fruits and Fruit Juices,Cholesterol,"Pummelo, raw",0.0
Fruits and Fruit Juices,Cholesterol,"Raspberries, raw",0.0
Fruits and Fruit Juices,Cholesterol,"Raspberries, frozen, red, sweetened",0.0
Fruits and Fruit Juices,Cholesterol,"Rhubarb, raw",0.0
Fruits and Fruit Juices,Cholesterol,"Sapodilla, raw",0.0
Fruits and Fruit Juices,Cholesterol,"Sapote, mamey, raw",0.0
Fruits and Fruit Juices,Cholesterol,"Soursop, raw",0.0
Fruits and Fruit Juices,Cholesterol,"Strawberries, raw",0.0
Fruits and Fruit Juices,Cholesterol,"Tamarinds, raw",0.0
Fruits and Fruit Juices,Cholesterol,"Watermelon, raw",0.0
Fruits and Fruit Juices,Cholesterol,Prune puree,0.0
Fruits and Fruit Juices,Cholesterol,Candied fruit,0.0
Fruits and Fruit Juices,"Choline, total","Avocados, raw, all commercial varieties",3.5
Fruits and Fruit Juices,"Choline, total","Avocados, raw, California",3.5
Fruits and Fruit Juices,"Choline, total","Clementines, raw",3.5
Fruits and Fruit Juices,"Choline, total","Plantains, yellow, raw",3.4
Fruits and Fruit Juices,"Choline, total","Plantains, yellow, baked",3.2
Fruits and Fruit Juices,"Choline, total","Raspberries, raw",3.1
Fruits and Fruit Juices,"Choline, total","Mulberries, raw",3.1
Fruits and Fruit Juices,"Choline, total","Raisins, golden, seedless",2.8
Fruits and Fruit Juices,"Choline, total","Raisins, dark, seedless (Includes foods for USDA's Food Distribution Program)",2.8
Fruits and Fruit Juices,"Choline, total","Raspberries, frozen, red, sweetened",2.5
Fruits and Fruit Juices,"Choline, total","Tangerines, (mandarin oranges), raw",2.5
Fruits and Fruit Juices,"Choline, total","Boysenberries, frozen, unsweetened",2.5
Fruits and Fruit Juices,"Choline, total","Dates, medjool",2.5
Fruits and Fruit Juices,"Choline, total","Breadfruit, raw",2.5
Fruits and Fruit Juices,"Choline, total","Bananas, raw",2.5
Fruits and Fruit Juices,Energy,Candied fruit,11.5
Fruits and Fruit Juices,Energy,"Raisins, golden, seedless",10.8
Fruits and Fruit Juices,Energy,"Raisins, dark, seedless (Includes foods for USDA's Food Distribution Program)",10.7
Fruits and Fruit Juices,Energy,"Raisins, seeded",10.6
Fruits and Fruit Juices,Energy,"Dates, deglet noor",10.1
Fruits and Fruit Juices,Energy,"Dates, medjool",9.9
Fruits and Fruit Juices,Energy,Prune puree,9.2
Fruits and Fruit Juices,Energy,"Tamarinds, raw",8.5
Fruits and Fruit Juices,Energy,"Avocados, raw, California",6.0
Fruits and Fruit Juices,Energy,"Avocados, raw, all commercial varieties",5.7
Fruits and Fruit Juices,Energy,"Plantains, yellow, baked",5.5
Fruits and Fruit Juices,Energy,"Plantains, green, raw",5.4
Fruits and Fruit Juices,Energy,"Durian, raw or frozen",5.2
Fruits and Fruit Juices,Energy,"Persimmons, native, raw",4.5
Fruits and Fruit Juices,Energy,"Sapote, mamey, raw",4.4
Fruits and Fruit Juices,"Fiber, total dietary","Lemon peel, raw",42.4
Fruits and Fruit Juices,"Fiber, total dietary","Orange peel, raw",42.4
Fruits and Fruit Juices,"Fiber, total dietary","Passion-fruit, (granadilla), purple, raw",41.6
Fruits and Fruit Juices,"Fiber, total dietary","Dates, deglet noor",32.0
Fruits and Fruit Juices,"Fiber, total dietary","Nance, frozen, unsweetened",30.0
Fruits and Fruit Juices,"Fiber, total dietary","Elderberries, raw",28.0
Fruits and Fruit Juices,"Fiber, total dietary","Raisins, seeded",27.2
Fruits and Fruit Juices,"Fiber, total dietary","Avocados, raw, California",27.2
Fruits and Fruit Juices,"Fiber, total dietary","Dates, medjool",26.8
Fruits and Fruit Juices,"Fiber, total dietary","Avocados, raw, all commercial varieties",26.8
Fruits and Fruit Juices,"Fiber, total dietary","Raspberries, raw",26.0
Fruits and Fruit Juices,"Fiber, total dietary","Kumquats, raw",26.0
Fruits and Fruit Juices,"Fiber, total dietary","Feijoa, raw",25.6
Fruits and Fruit Juices,"Fiber, total dietary","Rowal, raw",24.8
Fruits and Fruit Juices,"Fiber, total dietary","Avocados, raw, Florida",22.4
Fruits and Fruit Juices,"Folate, total","Avocados, raw, California",25.4
Fruits and Fruit Juices,"Folate, total","Avocados, raw, all commercial varieties",23.1
Fruits and Fruit Juices,"Folate, total","Boysenberries, frozen, unsweetened",18.0
Fruits and Fruit Juices,"Folate, total","Plantains, yellow, baked",15.1
Fruits and Fruit Juices,"Folate, total","Guavas, common, raw",14.0
Fruits and Fruit Juices,"Folate, total","Plantains, green, boiled",13.7
Fruits and Fruit Juices,"Folate, total","Mangos, raw",12.3
Fruits and Fruit Juices,"Folate, total","Oranges, raw, California, valencias",11.1
Fruits and Fruit Juices,"Folate, total","Pomegranates, raw",10.9
Fruits and Fruit Juices,"Folate, total","Papayas, raw",10.6
Fruits and Fruit Juices,"Folate, total","Durian, raw or frozen",10.3
Fruits and Fruit Juices,"Folate, total","Avocados, raw, Florida",10.0
Fruits and Fruit Juices,"Folate, total","Oranges, raw, navels (Includes foods for USDA's Food Distribution Program)",9.7
Fruits and Fruit Juices,"Folate, total","Blackberries, frozen, unsweetened",9.7
Fruits and Fruit Juices,"Folate, total","Kiwifruit, ZESPRI SunGold, raw",8.9
Fruits and Fruit Juices,Histidine,"Plantains, yellow, baked",18.0
Fruits and Fruit Juices,Histidine,"Bananas, raw",11.0
Fruits and Fruit Juices,Histidine,"Plantains, green, boiled",8.6
Fruits and Fruit Juices,Histidine,"Avocados, raw, Florida",7.9
Fruits and Fruit Juices,Histidine,"Sapote, mamey, raw",7.0
Fruits and Fruit Juices,Histidine,"Avocados, raw, all commercial varieties",7.0
Fruits and Fruit Juices,Histidine,"Avocados, raw, California",6.9
Fruits and Fruit Juices,Histidine,"Jackfruit, raw",4.9
Fruits and Fruit Juices,Histidine,"Dates, deglet noor",4.6
Fruits and Fruit Juices,Histidine,"Dates, medjool",4.1
Fruits and Fruit Juices,Histidine,"Kiwifruit, green, raw",3.9
Fruits and Fruit Juices,Histidine,"Apricots, raw",3.9
Fruits and Fruit Juices,Histidine,"Oranges, raw, with peel",3.4
Fruits and Fruit Juices,Histidine,"Grapes, american type (slip skin), raw",3.3
Fruits and Fruit Juices,Histidine,"Guavas, common, raw",3.1
Fruits and Fruit Juices,"Iron, Fe","Tamarinds, raw",15.6
Fruits and Fruit Juices,"Iron, Fe",Prune puree,15.6
Fruits and Fruit Juices,"Iron, Fe","Raisins, seeded",14.4
Fruits and Fruit Juices,"Iron, Fe","Persimmons, native, raw",13.9
Fruits and Fruit Juices,"Iron, Fe","Rowal, raw",12.2
Fruits and Fruit Juices,"Iron, Fe","Mulberries, raw",10.3
Fruits and Fruit Juices,"Iron, Fe","Raisins, dark, seedless (Includes foods for USDA's Food Distribution Program)",9.9
Fruits and Fruit Juices,"Iron, Fe","Abiyuch, raw",8.9
Fruits and Fruit Juices,"Iron, Fe","Passion-fruit, (granadilla), purple, raw",8.9
Fruits and Fruit Juices,"Iron, Fe","Elderberries, raw",8.9
Fruits and Fruit Juices,"Iron, Fe","Currants, european black, raw",8.6
Fruits and Fruit Juices,"Iron, Fe","Roselle, raw",8.2
Fruits and Fruit Juices,"Iron, Fe","Carissa, (natal-plum), raw",7.3
Fruits and Fruit Juices,"Iron, Fe",Horned melon (Kiwano),6.3
Fruits and Fruit Juices,"Iron, Fe","Raspberries, puree, seedless",6.0
Fruits and Fruit Juices,Isoleucine,"Avocados, raw, Florida",6.7
Fruits and Fruit Juices,Isoleucine,"Guavas, common, raw",6.6
Fruits and Fruit Juices,Isoleucine,"Avocados, raw, all commercial varieties",6.0
Fruits and Fruit Juices,Isoleucine,"Avocados, raw, California",5.9
Fruits and Fruit Juices,Isoleucine,"Jackfruit, raw",4.9
Fruits and Fruit Juices,Isoleucine,"Breadfruit, raw",4.6
Fruits and Fruit Juices,Isoleucine,"Sapote, mamey, raw",4.4
Fruits and Fruit Juices,Isoleucine,"Kiwifruit, green, raw",3.6
Fruits and Fruit Juices,Isoleucine,"Dates, deglet noor",3.5
Fruits and Fruit Juices,Isoleucine,"Dates, medjool",3.2
Fruits and Fruit Juices,Isoleucine,"Carambola, (starfruit), raw",3.1
Fruits and Fruit Juices,Isoleucine,"Plantains, yellow, baked",3.0
Fruits and Fruit Juices,Isoleucine,"Cherimoya, raw",3.0
Fruits and Fruit Juices,Isoleucine,"Apricots, raw",2.9
Fruits and Fruit Juices,Isoleucine,"Oranges, raw, with peel",2.5
Fruits and Fruit Juices,Leucine,"Guavas, common, raw",6.3
Fruits and Fruit Juices,Leucine,"Avocados, raw, Florida",5.9
Fruits and Fruit Juices,Leucine,"Avocados, raw, all commercial varieties",5.2
Fruits and Fruit Juices,Leucine,"Avocados, raw, California",5.2
Fruits and Fruit Juices,Leucine,"Jackfruit, raw",3.8
Fruits and Fruit Juices,Leucine,"Plantains, yellow, baked",3.1
Fruits and Fruit Juices,Leucine,"Dates, deglet noor",3.1
Fruits and Fruit Juices,Leucine,"Dates, medjool",3.0
Fruits and Fruit Juices,Leucine,"Apricots, raw",2.8
Fruits and Fruit Juices,Leucine,"Carambola, (starfruit), raw",2.8
Fruits and Fruit Juices,Leucine,"Sapote, mamey, raw",2.7
Fruits and Fruit Juices,Leucine,"Bananas, raw",2.5
Fruits and Fruit Juices,Leucine,"Kiwifruit, green, raw",2.4
Fruits and Fruit Juices,Leucine,"Breadfruit, raw",2.4
Fruits and Fruit Juices,Leucine,"Cherimoya, raw",2.3
Fruits and Fruit Juices,Lysine,"Avocados, raw, Florida",7.0
Fruits and Fruit Juices,Lysine,"Tamarinds, raw",6.6
Fruits and Fruit Juices,Lysine,"Avocados, raw, all commercial varieties",6.3
Fruits and Fruit Juices,Lysine,"Avocados, raw, California",6.1
Fruits and Fruit Juices,Lysine,"Apricots, raw",4.6
Fruits and Fruit Juices,Lysine,"Carambola, (starfruit), raw",3.7
Fruits and Fruit Juices,Lysine,"Plantains, yellow, baked",3.5
Fruits and Fruit Juices,Lysine,"Sapote, mamey, raw",3.5
Fruits and Fruit Juices,Lysine,"Guavas, common, raw",3.4
Fruits and Fruit Juices,Lysine,"Jackfruit, raw",3.3
Fruits and Fruit Juices,Lysine,"Mangos, raw",3.1
Fruits and Fruit Juices,Lysine,"Oranges, raw, with peel",3.1
Fruits and Fruit Juices,Lysine,"Dates, deglet noor",3.1
Fruits and Fruit Juices,Lysine,"Watermelon, raw",3.0
Fruits and Fruit Juices,Lysine,"Kiwifruit, green, raw",2.9
Fruits and Fruit Juices,"Magnesium, Mg","Tamarinds, raw",26.3
Fruits and Fruit Juices,"Magnesium, Mg","Prickly pears, raw",24.3
Fruits and Fruit Juices,"Magnesium, Mg","Dates, medjool",15.4
Fruits and Fruit Juices,"Magnesium, Mg","Roselle, raw",14.6
Fruits and Fruit Juices,"Magnesium, Mg","Dates, deglet noor",12.3
Fruits and Fruit Juices,"Magnesium, Mg","Plantains, green, raw",11.7
Fruits and Fruit Juices,"Magnesium, Mg","Plantains, yellow, baked",11.7
Fruits and Fruit Juices,"Magnesium, Mg",Horned melon (Kiwano),11.4
Fruits and Fruit Juices,"Magnesium, Mg","Raisins, dark, seedless (Includes foods for USDA's Food Distribution Program)",10.3
Fruits and Fruit Juices,"Magnesium, Mg","Plantains, yellow, raw",10.3
Fruits and Fruit Juices,"Magnesium, Mg","Raisins, golden, seedless",10.0
Fruits and Fruit Juices,"Magnesium, Mg","Rowal, raw",9.1
Fruits and Fruit Juices,"Magnesium, Mg","Raisins, seeded",8.6
Fruits and Fruit Juices,"Magnesium, Mg","Durian, raw or frozen",8.6
Fruits and Fruit Juices,"Magnesium, Mg","Passion-fruit, (granadilla), purple, raw",8.3
Fruits and Fruit Juices,Methionine,"Avocados, raw, Florida",4.0
Fruits and Fruit Juices,Methionine,"Avocados, raw, all commercial varieties",3.6
Fruits and Fruit Juices,Methionine,"Avocados, raw, California",3.5
Fruits and Fruit Juices,Methionine,"Jackfruit, raw",3.2
Fruits and Fruit Juices,Methionine,"Oranges, raw, with peel",2.6
Fruits and Fruit Juices,Methionine,"Sapote, mamey, raw",2.3
Fruits and Fruit Juices,Methionine,"Kiwifruit, green, raw",2.3
Fruits and Fruit Juices,Methionine,"Oranges, raw, California, valencias",2.1
Fruits and Fruit Juices,Methionine,"Dates, deglet noor",2.1
Fruits and Fruit Juices,Methionine,"Carambola, (starfruit), raw",2.0
Fruits and Fruit Juices,Methionine,"Cherimoya, raw",2.0
Fruits and Fruit Juices,Methionine,"Grapes, american type (slip skin), raw",2.0
Fruits and Fruit Juices,Methionine,"Oranges, raw, all commercial varieties",1.9
Fruits and Fruit Juices,Methionine,"Dates, medjool",1.6
Fruits and Fruit Juices,Methionine,"Guavas, common, raw",1.5
Fruits and Fruit Juices,Niacin,"Groundcherries, (cape-gooseberries or poha), raw",15.2
Fruits and Fruit Juices,Niacin,Prune puree,13.5
Fruits and Fruit Juices,Niacin,"Tamarinds, raw",10.5
Fruits and Fruit Juices,Niacin,"Avocados, raw, California",10.3
Fruits and Fruit Juices,Niacin,"Avocados, raw, all commercial varieties",9.4
Fruits and Fruit Juices,Niacin,"Dates, medjool",8.7
Fruits and Fruit Juices,Niacin,"Passion-fruit, (granadilla), purple, raw",8.1
Fruits and Fruit Juices,Niacin,"Naranjilla (lulo) pulp, frozen, unsweetened",7.8
Fruits and Fruit Juices,Niacin,"Sapote, mamey, raw",7.7
Fruits and Fruit Juices,Niacin,"Dates, deglet noor",6.9
Fruits and Fruit Juices,Niacin,"Blackberries, frozen, unsweetened",6.5
Fruits and Fruit Juices,Niacin,"Raisins, golden, seedless",6.2
Fruits and Fruit Juices,Niacin,"Nectarines, raw",6.1
Fruits and Fruit Juices,Niacin,"Raisins, seeded",6.0
Fruits and Fruit Juices,Niacin,"Guavas, common, raw",5.9
Fruits and Fruit Juices,PUFA 18:2,"Avocados, raw, all commercial varieties",20.9
Fruits and Fruit Juices,PUFA 18:2,"Avocados, raw, California",20.9
Fruits and Fruit Juices,PUFA 18:2,"Avocados, raw, Florida",19.8
Fruits and Fruit Juices,PUFA 18:2,"Passion-fruit, (granadilla), purple, raw",5.1
Fruits and Fruit Juices,PUFA 18:2,"Guavas, common, raw",3.6
Fruits and Fruit Juices,PUFA 18:2,"Gooseberries, raw",3.4
Fruits and Fruit Juices,PUFA 18:2,"Raspberries, raw",3.1
Fruits and Fruit Juices,PUFA 18:2,"Kiwifruit, green, raw",3.1
Fruits and Fruit Juices,PUFA 18:2,"Mulberries, raw",2.6
Fruits and Fruit Juices,PUFA 18:2,"Prickly pears, raw",2.3
Fruits and Fruit Juices,PUFA 18:2,"Blackberries, raw",2.3
Fruits and Fruit Juices,PUFA 18:2,"Guavas, strawberry, raw",2.3
Fruits and Fruit Juices,PUFA 18:2,"Blueberries, frozen, unsweetened (Includes foods for USDA's Food Distribution Program)",2.1
Fruits and Fruit Juices,PUFA 18:2,"Blackberries, frozen, unsweetened",2.0
Fruits and Fruit Juices,PUFA 18:2,"Elderberries, raw",2.0
Fruits and Fruit Juices,PUFA 18:3,"Cherimoya, raw",4.0
Fruits and Fruit Juices,PUFA 18:3,"Raspberries, raw",3.1
Fruits and Fruit Juices,PUFA 18:3,"Avocados, raw, all commercial varieties",3.1
Fruits and Fruit Juices,PUFA 18:3,"Avocados, raw, California",3.1
Fruits and Fruit Juices,PUFA 18:3,"Guavas, common, raw",2.8
Fruits and Fruit Juices,PUFA 18:3,"Blueberries, frozen, unsweetened (Includes foods for USDA's Food Distribution Program)",2.8
Fruits and Fruit Juices,PUFA 18:3,"Avocados, raw, Florida",2.4
Fruits and Fruit Juices,PUFA 18:3,"Blackberries, raw",2.4
Fruits and Fruit Juices,PUFA 18:3,"Elderberries, raw",2.1
Fruits and Fruit Juices,PUFA 18:3,"Sapote, mamey, raw",2.0
Fruits and Fruit Juices,PUFA 18:3,"Blackberries, frozen, unsweetened",2.0
Fruits and Fruit Juices,PUFA 18:3,"Jackfruit, raw",2.0
Fruits and Fruit Juices,PUFA 18:3,"Currants, european black, raw",1.8
Fruits and Fruit Juices,PUFA 18:3,"Guavas, strawberry, raw",1.8
Fruits and Fruit Juices,PUFA 18:3,"Strawberries, raw",1.6
Fruits and Fruit Juices,Pantothenic acid,"Avocados, raw, California",29.3
Fruits and Fruit Juices,Pantothenic acid,"Avocados, raw, all commercial varieties",27.8
Fruits and Fruit Juices,Pantothenic acid,"Avocados, raw, Florida",18.6
Fruits and Fruit Juices,Pantothenic acid,"Dates, medjool",16.1
Fruits and Fruit Juices,Pantothenic acid,"Dates, deglet noor",11.8
Fruits and Fruit Juices,Pantothenic acid,"Plantains, green, raw",10.6
Fruits and Fruit Juices,Pantothenic acid,"Plantains, yellow, baked",10.6
Fruits and Fruit Juices,Pantothenic acid,"Orange peel, raw",9.8
Fruits and Fruit Juices,Pantothenic acid,"Breadfruit, raw",9.1
Fruits and Fruit Juices,Pantothenic acid,"Guavas, common, raw",9.0
Fruits and Fruit Juices,Pantothenic acid,Prune puree,8.6
Fruits and Fruit Juices,Pantothenic acid,"Raspberries, frozen, red, unsweetened",8.0
Fruits and Fruit Juices,Pantothenic acid,"Currants, european black, raw",8.0
Fruits and Fruit Juices,Pantothenic acid,"Sapote, mamey, raw",7.9
Fruits and Fruit Juices,Pantothenic acid,"Carambola, (starfruit), raw",7.8
Fruits and Fruit Juices,Phenylalanine,"Avocados, raw, Florida",6.2
Fruits and Fruit Juices,Phenylalanine,"Avocados, raw, all commercial varieties",5.5
Fruits and Fruit Juices,Phenylalanine,"Avocados, raw, California",5.4
Fruits and Fruit Juices,Phenylalanine,"Sapote, mamey, raw",3.5
Fruits and Fruit Juices,Phenylalanine,"Plantains, yellow, baked",3.0
Fruits and Fruit Juices,Phenylalanine,"Grapefruit, raw, white, California",3.0
Fruits and Fruit Juices,Phenylalanine,"Apricots, raw",3.0
Fruits and Fruit Juices,Phenylalanine,"Jackfruit, raw",3.0
Fruits and Fruit Juices,Phenylalanine,"Dates, deglet noor",2.9
Fruits and Fruit Juices,Phenylalanine,"Bananas, raw",2.8
Fruits and Fruit Juices,Phenylalanine,"Dates, medjool",2.7
Fruits and Fruit Juices,Phenylalanine,"Kiwifruit, green, raw",2.5
Fruits and Fruit Juices,Phenylalanine,"Oranges, raw, with peel",2.5
Fruits and Fruit Juices,Phenylalanine,"Cherimoya, raw",2.4
Fruits and Fruit Juices,Phenylalanine,"Grapefruit, raw, white, all areas",2.3
Fruits and Fruit Juices,"Phosphorus, P","Tamarinds, raw",20.5
Fruits and Fruit Juices,"Phosphorus, P","Raisins, golden, seedless",18.4
Fruits and Fruit Juices,"Phosphorus, P","Raisins, dark, seedless (Includes foods for USDA's Food Distribution Program)",17.8
Fruits and Fruit Juices,"Phosphorus, P","Raisins, seeded",13.6
Fruits and Fruit Juices,"Phosphorus, P",Prune puree,13.1
Fruits and Fruit Juices,"Phosphorus, P","Passion-fruit, (granadilla), purple, raw",12.4
Fruits and Fruit Juices,"Phosphorus, P","Dates, medjool",11.3
Fruits and Fruit Juices,"Phosphorus, P","Dates, deglet noor",11.3
Fruits and Fruit Juices,"Phosphorus, P","Currants, european black, raw",10.7
Fruits and Fruit Juices,"Phosphorus, P","Avocados, raw, California",9.8
Fruits and Fruit Juices,"Phosphorus, P","Rowal, raw",9.5
Fruits and Fruit Juices,"Phosphorus, P","Avocados, raw, all commercial varieties",9.5
Fruits and Fruit Juices,"Phosphorus, P","Abiyuch, raw",8.5
Fruits and Fruit Juices,"Phosphorus, P","Currants, red and white, raw",8.0
Fruits and Fruit Juices,"Phosphorus, P","Avocados, raw, Florida",7.3
Fruits and Fruit Juices,"Potassium, K",Prune puree,24.3
Fruits and Fruit Juices,"Potassium, K","Raisins, seeded",23.6
Fruits and Fruit Juices,"Potassium, K","Raisins, golden, seedless",21.3
Fruits and Fruit Juices,"Potassium, K","Raisins, dark, seedless (Includes foods for USDA's Food Distribution Program)",21.3
Fruits and Fruit Juices,"Potassium, K","Dates, medjool",19.9
Fruits and Fruit Juices,"Potassium, K","Dates, deglet noor",18.7
Fruits and Fruit Juices,"Potassium, K","Tamarinds, raw",17.9
Fruits and Fruit Juices,"Potassium, K","Avocados, raw, California",14.5
Fruits and Fruit Juices,"Potassium, K","Breadfruit, raw",14.0
Fruits and Fruit Juices,"Potassium, K","Plantains, yellow, raw",13.9
Fruits and Fruit Juices,"Potassium, K","Avocados, raw, all commercial varieties",13.9
Fruits and Fruit Juices,"Potassium, K","Plantains, yellow, baked",13.6
Fruits and Fruit Juices,"Potassium, K","Sapote, mamey, raw",13.0
Fruits and Fruit Juices,"Potassium, K","Jackfruit, raw",12.8
Fruits and Fruit Juices,"Potassium, K","Durian, raw or frozen",12.5
Fruits and Fruit Juices,Protein,"Raisins, dark, seedless (Includes foods for USDA's Food Distribution Program)",5.7
Fruits and Fruit Juices,Protein,"Raisins, golden, seedless",5.6
Fruits and Fruit Juices,Protein,"Tamarinds, raw",4.8
Fruits and Fruit Juices,Protein,"Guavas, common, raw",4.4
Fruits and Fruit Juices,Protein,"Raisins, seeded",4.3
Fruits and Fruit Juices,Protein,"Dates, deglet noor",4.2
Fruits and Fruit Juices,Protein,"Rowal, raw",4.0
Fruits and Fruit Juices,Protein,"Avocados, raw, Florida",3.8
Fruits and Fruit Juices,Protein,"Passion-fruit, (granadilla), purple, raw",3.8
Fruits and Fruit Juices,Protein,Prune puree,3.6
Fruits and Fruit Juices,Protein,"Sugar-apples, (sweetsop), raw",3.5
Fruits and Fruit Juices,Protein,"Avocados, raw, all commercial varieties",3.4
Fruits and Fruit Juices,Protein,"Avocados, raw, California",3.4
Fruits and Fruit Juices,Protein,"Groundcherries, (cape-gooseberries or poha), raw",3.3
Fruits and Fruit Juices,Protein,"Kumquats, raw",3.2
Fruits and Fruit Juices,Riboflavin,"Grapes, muscadine, raw",93.8
Fruits and Fruit Juices,Riboflavin,"Durian, raw or frozen",12.5
Fruits and Fruit Juices,Riboflavin,"Raisins, golden, seedless",11.9
Fruits and Fruit Juices,Riboflavin,"Raisins, seeded",11.4
Fruits and Fruit Juices,Riboflavin,"Tamarinds, raw",9.5
Fruits and Fruit Juices,Riboflavin,"Avocados, raw, California",8.9
Fruits and Fruit Juices,Riboflavin,"Longans, raw",8.8
Fruits and Fruit Juices,Riboflavin,"Cherimoya, raw",8.2
Fruits and Fruit Juices,Riboflavin,"Passion-fruit, (granadilla), purple, raw",8.1
Fruits and Fruit Juices,Riboflavin,"Plantains, yellow, baked",8.1
Fruits and Fruit Juices,Riboflavin,"Avocados, raw, all commercial varieties",8.1
Fruits and Fruit Juices,Riboflavin,"Raisins, dark, seedless (Includes foods for USDA's Food Distribution Program)",7.8
Fruits and Fruit Juices,Riboflavin,"Sapote, mamey, raw",7.2
Fruits and Fruit Juices,Riboflavin,"Sugar-apples, (sweetsop), raw",7.1
Fruits and Fruit Juices,Riboflavin,"Mulberries, raw",6.3
Fruits and Fruit Juices,"Selenium, Se","Dates, deglet noor",4.3
Fruits and Fruit Juices,"Selenium, Se","Plantains, yellow, raw",2.1
Fruits and Fruit Juices,"Selenium, Se","Grapefruit, raw, pink and red, Florida",2.0
Fruits and Fruit Juices,"Selenium, Se","Grapefruit, raw, white, all areas",2.0
Fruits and Fruit Juices,"Selenium, Se","Tamarinds, raw",1.9
Fruits and Fruit Juices,"Selenium, Se","Rhubarb, raw",1.6
Fruits and Fruit Juices,"Selenium, Se","Orange peel, raw",1.4
Fruits and Fruit Juices,"Selenium, Se","Bananas, raw",1.4
Fruits and Fruit Juices,"Selenium, Se","Rhubarb, frozen, cooked, with sugar",1.3
Fruits and Fruit Juices,"Selenium, Se","Lemon peel, raw",1.0
Fruits and Fruit Juices,"Selenium, Se","Raisins, golden, seedless",1.0
Fruits and Fruit Juices,"Selenium, Se","Strawberries, frozen, unsweetened (Includes foods for USDA's Food Distribution Program)",1.0
Fruits and Fruit Juices,"Selenium, Se","Strawberries, frozen, sweetened, sliced",1.0
Fruits and Fruit Juices,"Selenium, Se","Melons, honeydew, raw",1.0
Fruits and Fruit Juices,"Selenium, Se","Oranges, raw, with peel",1.0
Fruits and Fruit Juices,"Sodium, Na",Candied fruit,4.1
Fruits and Fruit Juices,"Sodium, Na","Guavas, strawberry, raw",1.5
Fruits and Fruit Juices,"Sodium, Na","Melon balls, frozen",1.3
Fruits and Fruit Juices,"Sodium, Na","Tamarinds, raw",1.2
Fruits and Fruit Juices,"Sodium, Na","Raisins, seeded",1.2
Fruits and Fruit Juices,"Sodium, Na","Passion-fruit, (granadilla), purple, raw",1.2
Fruits and Fruit Juices,"Sodium, Na","Raisins, dark, seedless (Includes foods for USDA's Food Distribution Program)",1.1
Fruits and Fruit Juices,"Sodium, Na","Raisins, golden, seedless",1.0
Fruits and Fruit Juices,"Sodium, Na",Prune puree,1.0
Fruits and Fruit Juices,"Sodium, Na","Abiyuch, raw",0.8
Fruits and Fruit Juices,"Sodium, Na","Melons, honeydew, raw",0.8
Fruits and Fruit Juices,"Sodium, Na","Melons, cantaloupe, raw",0.7
Fruits and Fruit Juices,"Sodium, Na","Mammy-apple, (mamey), raw",0.6
Fruits and Fruit Juices,"Sodium, Na","Soursop, raw",0.6
Fruits and Fruit Juices,"Sodium, Na","Java-plum, (jambolan), raw",0.6
Fruits and Fruit Juices,Thiamin,"Tamarinds, raw",38.2
Fruits and Fruit Juices,Thiamin,"Durian, raw or frozen",33.4
Fruits and Fruit Juices,Thiamin,"Melon balls, frozen",14.8
Fruits and Fruit Juices,Thiamin,"Orange peel, raw",10.7
Fruits and Fruit Juices,Thiamin,"Raisins, seeded",10.0
Fruits and Fruit Juices,Thiamin,"Sugar-apples, (sweetsop), raw",9.8
Fruits and Fruit Juices,Thiamin,"Breadfruit, raw",9.8
Fruits and Fruit Juices,Thiamin,"Groundcherries, (cape-gooseberries or poha), raw",9.8
Fruits and Fruit Juices,Thiamin,"Raisins, dark, seedless (Includes foods for USDA's Food Distribution Program)",9.5
Fruits and Fruit Juices,Thiamin,"Jackfruit, raw",9.4
Fruits and Fruit Juices,Thiamin,"Cherimoya, raw",9.0
Fruits and Fruit Juices,Thiamin,"Plantains, green, raw",8.9
Fruits and Fruit Juices,Thiamin,"Oranges, raw, Florida",8.9
Fruits and Fruit Juices,Thiamin,"Oranges, raw, with peel",8.9
Fruits and Fruit Juices,Thiamin,"Pineapple, frozen, chunks, sweetened",8.9
Fruits and Fruit Juices,Threonine,"Guavas, common, raw",9.1
Fruits and Fruit Juices,Threonine,"Jackfruit, raw",8.2
Fruits and Fruit Juices,Threonine,"Sapote, mamey, raw",8.1
Fruits and Fruit Juices,Threonine,"Avocados, raw, Florida",7.8
Fruits and Fruit Juices,Threonine,"Avocados, raw, all commercial varieties",7.0
Fruits and Fruit Juices,Threonine,"Avocados, raw, California",6.9
Fruits and Fruit Juices,Threonine,"Plantains, yellow, baked",5.0
Fruits and Fruit Juices,Threonine,"Breadfruit, raw",5.0
Fruits and Fruit Juices,Threonine,"Cherimoya, raw",5.0
Fruits and Fruit Juices,Threonine,"Kiwifruit, green, raw",4.5
Fruits and Fruit Juices,Threonine,"Apricots, raw",4.5
Fruits and Fruit Juices,Threonine,"Carambola, (starfruit), raw",4.2
Fruits and Fruit Juices,Threonine,"Dates, deglet noor",4.1
Fruits and Fruit Juices,Threonine,"Dates, medjool",4.0
Fruits and Fruit Juices,Threonine,"Persimmons, native, raw",3.9
Fruits and Fruit Juices,Total lipid (fat),"Avocados, raw, California",12.4
Fruits and Fruit Juices,Total lipid (fat),"Avocados, raw, all commercial varieties",11.8
Fruits and Fruit Juices,Total lipid (fat),"Avocados, raw, Florida",8.1
Fruits and Fruit Juices,Total lipid (fat),"Durian, raw or frozen",4.3
Fruits and Fruit Juices,Total lipid (fat),"Rowal, raw",1.6
Fruits and Fruit Juices,Total lipid (fat),"Carissa, (natal-plum), raw",1.0
Fruits and Fruit Juices,Total lipid (fat),Horned melon (Kiwano),1.0
Fruits and Fruit Juices,Total lipid (fat),"Pomegranates, raw",0.9
Fruits and Fruit Juices,Total lipid (fat),"Nance, frozen, unsweetened",0.9
Fruits and Fruit Juices,Total lipid (fat),"Sapodilla, raw",0.9
Fruits and Fruit Juices,Total lipid (fat),"Raspberries, puree, with seeds",0.8
Fruits and Fruit Juices,Total lipid (fat),"Guavas, common, raw",0.8
Fruits and Fruit Juices,Total lipid (fat),"Raspberries, puree, seedless",0.7
Fruits and Fruit Juices,Total lipid (fat),"Kumquats, raw",0.7
Fruits and Fruit Juices,Total lipid (fat),"Raspberries, frozen, red, unsweetened",0.7
Fruits and Fruit Juices,Tryptophan,"Sapote, mamey, raw",17.5
Fruits and Fruit Juices,Tryptophan,"Jackfruit, raw",12.1
Fruits and Fruit Juices,Tryptophan,"Cherimoya, raw",11.1
Fruits and Fruit Juices,Tryptophan,"Avocados, raw, Florida",10.0
Fruits and Fruit Juices,Tryptophan,"Avocados, raw, all commercial varieties",8.9
Fruits and Fruit Juices,Tryptophan,"Avocados, raw, California",8.9
Fruits and Fruit Juices,Tryptophan,"Guavas, common, raw",7.9
Fruits and Fruit Juices,Tryptophan,"Plantains, yellow, baked",7.5
Fruits and Fruit Juices,Tryptophan,"Tamarinds, raw",6.4
Fruits and Fruit Juices,Tryptophan,"Kiwifruit, green, raw",5.4
Fruits and Fruit Juices,Tryptophan,"Apricots, raw",5.4
Fruits and Fruit Juices,Tryptophan,"Persimmons, native, raw",5.0
Fruits and Fruit Juices,Tryptophan,"Mangos, raw",4.6
Fruits and Fruit Juices,Tryptophan,"Elderberries, raw",4.6
Fruits and Fruit Juices,Tryptophan,"Oranges, raw, with peel",4.3
Fruits and Fruit Juices,Valine,"Avocados, raw, Florida",6.6
Fruits and Fruit Juices,Valine,"Avocados, raw, all commercial varieties",5.9
Fruits and Fruit Juices,Valine,"Avocados, raw, California",5.8
Fruits and Fruit Juices,Valine,"Guavas, common, raw",4.8
Fruits and Fruit Juices,Valine,"Jackfruit, raw",4.7
Fruits and Fruit Juices,Valine,"Sapote, mamey, raw",4.0
Fruits and Fruit Juices,Valine,"Dates, deglet noor",3.9
Fruits and Fruit Juices,Valine,"Dates, medjool",3.6
Fruits and Fruit Juices,Valine,"Cherimoya, raw",3.5
Fruits and Fruit Juices,Valine,"Longans, raw",3.2
Fruits and Fruit Juices,Valine,"Kiwifruit, green, raw",3.1
Fruits and Fruit Juices,Valine,"Oranges, raw, with peel",3.0
Fruits and Fruit Juices,Valine,"Carambola, (starfruit), raw",2.7
Fruits and Fruit Juices,Valine,"Apricots, raw",2.6
Fruits and Fruit Juices,Valine,"Breadfruit, raw",2.6
Fruits and Fruit Juices,"Vitamin A, RAE","Melons, cantaloupe, raw",22.5
Fruits and Fruit Juices,"Vitamin A, RAE",Prune puree,13.3
Fruits and Fruit Juices,"Vitamin A, RAE","Apricots, raw",12.8
Fruits and Fruit Juices,"Vitamin A, RAE","Melon balls, frozen",11.9
Fruits and Fruit Juices,"Vitamin A, RAE","Apricots, frozen, sweetened",11.2
Fruits and Fruit Juices,"Vitamin A, RAE","Persimmons, japanese, raw",10.8
Fruits and Fruit Juices,"Vitamin A, RAE","Loquats, raw",10.1
Fruits and Fruit Juices,"Vitamin A, RAE","Pitanga, (surinam-cherry), raw",10.0
Fruits and Fruit Juices,"Vitamin A, RAE","Passion-fruit, (granadilla), purple, raw",8.5
Fruits and Fruit Juices,"Vitamin A, RAE","Cherries, sour, red, raw",8.5
Fruits and Fruit Juices,"Vitamin A, RAE","Grapefruit, raw, pink and red, all areas",7.7
Fruits and Fruit Juices,"Vitamin A, RAE","Plantains, yellow, raw",7.5
Fruits and Fruit Juices,"Vitamin A, RAE","Mangos, raw",7.2
Fruits and Fruit Juices,"Vitamin A, RAE","Papayas, raw",6.3
Fruits and Fruit Juices,"Vitamin A, RAE","Grapefruit, raw, pink and red and white, all areas",6.1
Fruits and Fruit Juices,Vitamin B-6,"Sapote, mamey, raw",42.4
Fruits and Fruit Juices,Vitamin B-6,"Bananas, raw",21.6
Fruits and Fruit Juices,Vitamin B-6,"Jackfruit, raw",19.4
Fruits and Fruit Juices,Vitamin B-6,"Raisins, golden, seedless",19.0
Fruits and Fruit Juices,Vitamin B-6,"Durian, raw or frozen",18.6
Fruits and Fruit Juices,Vitamin B-6,"Avocados, raw, California",16.9
Fruits and Fruit Juices,Vitamin B-6,"Avocados, raw, all commercial varieties",15.1
Fruits and Fruit Juices,Vitamin B-6,"Cherimoya, raw",15.1
Fruits and Fruit Juices,Vitamin B-6,"Dates, medjool",14.6
Fruits and Fruit Juices,Vitamin B-6,"Plantains, yellow, raw",14.2
Fruits and Fruit Juices,Vitamin B-6,"Elderberries, raw",13.5
Fruits and Fruit Juices,Vitamin B-6,"Custard-apple, (bullock's-heart), raw",13.0
Fruits and Fruit Juices,Vitamin B-6,"Plantains, green, boiled",12.9
Fruits and Fruit Juices,Vitamin B-6,"Plantains, yellow, baked",12.4
Fruits and Fruit Juices,Vitamin B-6,"Sugar-apples, (sweetsop), raw",11.8
Fruits and Fruit Juices,"Vitamin C, total ascorbic acid","Acerola, (west indian cherry), raw",1525.1
Fruits and Fruit Juices,"Vitamin C, total ascorbic acid","Guavas, common, raw",207.5
Fruits and Fruit Juices,"Vitamin C, total ascorbic acid","Currants, european black, raw",164.5
Fruits and Fruit Juices,"Vitamin C, total ascorbic acid","Kiwifruit, ZESPRI SunGold, raw",146.6
Fruits and Fruit Juices,"Vitamin C, total ascorbic acid","Guava sauce, cooked",133.1
Fruits and Fruit Juices,"Vitamin C, total ascorbic acid","Orange peel, raw",123.6
Fruits and Fruit Juices,"Vitamin C, total ascorbic acid","Lemon peel, raw",117.3
Fruits and Fruit Juices,"Vitamin C, total ascorbic acid","Peaches, frozen, sliced, sweetened",85.6
Fruits and Fruit Juices,"Vitamin C, total ascorbic acid","Kiwifruit, green, raw",84.3
Fruits and Fruit Juices,"Vitamin C, total ascorbic acid","Nance, frozen, unsweetened",84.1
Fruits and Fruit Juices,"Vitamin C, total ascorbic acid","Longans, raw",76.4
Fruits and Fruit Juices,"Vitamin C, total ascorbic acid","Litchis, raw",65.0
Fruits and Fruit Juices,"Vitamin C, total ascorbic acid","Oranges, raw, with peel",64.5
Fruits and Fruit Juices,"Vitamin C, total ascorbic acid","Jujube, raw",62.7
Fruits and Fruit Juices,"Vitamin C, total ascorbic acid","Persimmons, native, raw",60.0
Fruits and Fruit Juices,Vitamin K (phylloquinone),"Kiwifruit, green, raw",57.6
Fruits and Fruit Juices,Vitamin K (phylloquinone),"Rhubarb, raw",41.9
Fruits and Fruit Juices,Vitamin K (phylloquinone),"Plantains, yellow, raw",41.1
Fruits and Fruit Juices,Vitamin K (phylloquinone),"Rhubarb, frozen, cooked, with sugar",30.1
Fruits and Fruit Juices,Vitamin K (phylloquinone),"Avocados, raw, all commercial varieties",30.0
Fruits and Fruit Juices,Vitamin K (phylloquinone),"Avocados, raw, California",30.0
Fruits and Fruit Juices,Vitamin K (phylloquinone),"Blackberries, frozen, unsweetened",28.3
Fruits and Fruit Juices,Vitamin K (phylloquinone),"Blackberries, raw",28.3
Fruits and Fruit Juices,Vitamin K (phylloquinone),"Blueberries, raw",27.6
Fruits and Fruit Juices,Vitamin K (phylloquinone),"Blueberries, frozen, sweetened",25.3
Fruits and Fruit Juices,Vitamin K (phylloquinone),"Pomegranates, raw",23.4
Fruits and Fruit Juices,Vitamin K (phylloquinone),"Blueberries, frozen, unsweetened (Includes foods for USDA's Food Distribution Program)",23.4
Fruits and Fruit Juices,Vitamin K (phylloquinone),"Naranjilla (lulo) pulp, frozen, unsweetened",20.9
Fruits and Fruit Juices,Vitamin K (phylloquinone),"Grapes, american type (slip skin), raw",20.9
Fruits and Fruit Juices,Vitamin K (phylloquinone),"Grapes, red or green (European type, such as Thompson seedless), raw",20.9
Fruits and Fruit Juices,"Zinc, Zn","Avocados, raw, California",3.8
Fruits and Fruit Juices,"Zinc, Zn","Blueberries, wild, frozen (Includes foods for USDA's Food Distribution Program)",3.7
Fruits and Fruit Juices,"Zinc, Zn","Avocados, raw, all commercial varieties",3.6
Fruits and Fruit Juices,"Zinc, Zn","Blackberries, raw",3.0
Fruits and Fruit Juices,"Zinc, Zn",Horned melon (Kiwano),2.7
Fruits and Fruit Juices,"Zinc, Zn","Dates, medjool",2.5
Fruits and Fruit Juices,"Zinc, Zn","Rowal, raw",2.4
Fruits and Fruit Juices,"Zinc, Zn","Raspberries, raw",2.3
Fruits and Fruit Juices,"Zinc, Zn","Avocados, raw, Florida",2.2
Fruits and Fruit Juices,"Zinc, Zn","Raisins, golden, seedless",2.1
Fruits and Fruit Juices,"Zinc, Zn","Raisins, dark, seedless (Includes foods for USDA's Food Distribution Program)",2.0
Fruits and Fruit Juices,"Zinc, Zn","Pomegranates, raw",2.0
Fruits and Fruit Juices,"Zinc, Zn","Loganberries, frozen",1.9
Fruits and Fruit Juices,"Zinc, Zn","Abiyuch, raw",1.7
Fruits and Fruit Juices,"Zinc, Zn","Raspberries, puree, with seeds",1.7
Legumes and Legume Products,"Calcium, Ca","Vitasoy USA Nasoya, Lite Silken Tofu",41.5
Legumes and Legume Products,"Calcium, Ca",Carob flour,36.6
Legumes and Legume Products,"Calcium, Ca","Tofu, hard, prepared with nigari",36.3
Legumes and Legume Products,"Calcium, Ca","Tofu, extra firm, prepared with nigari",29.7
Legumes and Legume Products,"Calcium, Ca","Vitasoy USA Organic Nasoya, Tofu Plus Extra Firm",25.9
Legumes and Legume Products,"Calcium, Ca","Vitasoy USA Organic Nasoya Sprouted, Tofu Plus Super Firm",25.2
Legumes and Legume Products,"Calcium, Ca","Vitasoy USA Organic Nasoya, Tofu Plus Firm",24.9
Legumes and Legume Products,"Calcium, Ca",Natto,22.8
Legumes and Legume Products,"Calcium, Ca","Soybean, curd cheese",19.8
Legumes and Legume Products,"Calcium, Ca","Vitasoy USA, Organic Nasoya Super Firm Cubed Tofu",19.8
Legumes and Legume Products,"Calcium, Ca","Vitasoy USA, Nasoya Lite Firm Tofu",19.4
Legumes and Legume Products,"Calcium, Ca","Vitasoy USA Azumaya, Firm Tofu",18.9
Legumes and Legume Products,"Calcium, Ca",SILK Raspberry soy yogurt,18.5
Legumes and Legume Products,"Calcium, Ca",SILK Peach soy yogurt,18.5
Legumes and Legume Products,"Calcium, Ca",SILK Black Cherry soy yogurt,18.5
Legumes and Legume Products,Cholesterol,"Beans, baked, home prepared",1.7
Legumes and Legume Products,Cholesterol,Papad,1.3
Legumes and Legume Products,Cholesterol,"Beans, liquid from stewed kidney beans",1.3
Legumes and Legume Products,Cholesterol,Tofu yogurt,0.0
Legumes and Legume Products,Cholesterol,"Beans, chili, barbecue, ranch style, cooked",0.0
Legumes and Legume Products,Cholesterol,"Soybean, curd cheese",0.0
Legumes and Legume Products,Cholesterol,"Vermicelli, made from soy",0.0
Legumes and Legume Products,Cholesterol,"Lentils, mature seeds, cooked, boiled, without salt",0.0
Legumes and Legume Products,Cholesterol,"Lima beans, thin seeded (baby), mature seeds, cooked, boiled, without salt",0.0
Legumes and Legume Products,Cholesterol,"Lupins, mature seeds, cooked, boiled, without salt",0.0
Legumes and Legume Products,Cholesterol,"Mothbeans, mature seeds, cooked, boiled, without salt",0.0
Legumes and Legume Products,Cholesterol,"Mungo beans, mature seeds, cooked, boiled, without salt",0.0
Legumes and Legume Products,Cholesterol,"Peas, split, mature seeds, cooked, boiled, without salt",0.0
Legumes and Legume Products,Cholesterol,"Peanuts, spanish, oil-roasted, with salt",0.0
Legumes and Legume Products,Cholesterol,"Peanuts, valencia, oil-roasted, with salt",0.0
Legumes and Legume Products,"Choline, total","Vermicelli, made from soy",44.2
Legumes and Legume Products,"Choline, total","Soybeans, mature seeds, roasted, salted",31.1
Legumes and Legume Products,"Choline, total",Miso,18.1
Legumes and Legume Products,"Choline, total","Soybean, curd cheese",15.6
Legumes and Legume Products,"Choline, total",Natto,14.2
Legumes and Legume Products,"Choline, total","Peanuts, all types, oil-roasted, with salt",13.8
Legumes and Legume Products,"Choline, total","Peanuts, all types, oil-roasted, without salt",13.8
Legumes and Legume Products,"Choline, total",Tofu yogurt,12.1
Legumes and Legume Products,"Choline, total","Soybeans, mature cooked, boiled, without salt",11.9
Legumes and Legume Products,"Choline, total","Beans, navy, mature seeds, cooked, boiled, without salt",11.2
Legumes and Legume Products,"Choline, total","Beans, navy, mature seeds, cooked, boiled, with salt",11.2
Legumes and Legume Products,"Choline, total","Chickpeas (garbanzo beans, bengal gram), mature seeds, cooked, boiled, without salt",10.7
Legumes and Legume Products,"Choline, total","Chickpeas (garbanzo beans, bengal gram), mature seeds, cooked, boiled, with salt",10.7
Legumes and Legume Products,"Choline, total",Soy sauce made from soy (tamari),9.6
Legumes and Legume Products,"Choline, total","Beans, pink, mature seeds, cooked, boiled, with salt",9.2
Legumes and Legume Products,Energy,"Peanuts, all types, oil-roasted, with salt",21.4
Legumes and Legume Products,Energy,"Peanuts, all types, oil-roasted, without salt",21.4
Legumes and Legume Products,Energy,"Peanuts, valencia, oil-roasted, with salt",21.0
Legumes and Legume Products,Energy,"Peanuts, valencia, oil-roasted, without salt",21.0
Legumes and Legume Products,Energy,"Peanuts, spanish, oil-roasted, with salt",20.7
Legumes and Legume Products,Energy,"Peanuts, spanish, oil-roasted, without salt",20.7
Legumes and Legume Products,Energy,"Peanuts, virginia, oil-roasted, without salt",20.6
Legumes and Legume Products,Energy,"Peanuts, virginia, oil-roasted, with salt",20.6
Legumes and Legume Products,Energy,"Soybeans, mature seeds, roasted, salted",16.8
Legumes and Legume Products,Energy,Chickpea flour (besan),13.8
Legumes and Legume Products,Energy,Papad,13.2
Legumes and Legume Products,Energy,"Falafel, home-prepared",11.9
Legumes and Legume Products,Energy,"Vermicelli, made from soy",11.8
Legumes and Legume Products,Energy,"Peanuts, all types, cooked, boiled, with salt",11.4
Legumes and Legume Products,Energy,"Yokan, prepared from adzuki beans and sugar",9.3
Legumes and Legume Products,"Fiber, total dietary",Carob flour,159.2
Legumes and Legume Products,"Fiber, total dietary",Papad,74.4
Legumes and Legume Products,"Fiber, total dietary","Soybeans, mature seeds, roasted, salted",70.8
Legumes and Legume Products,"Fiber, total dietary",Chickpea flour (besan),43.2
Legumes and Legume Products,"Fiber, total dietary","Beans, navy, mature seeds, cooked, boiled, without salt",42.0
Legumes and Legume Products,"Fiber, total dietary","Beans, navy, mature seeds, cooked, boiled, with salt",42.0
Legumes and Legume Products,"Fiber, total dietary","Beans, small white, mature seeds, cooked, boiled, without salt",41.6
Legumes and Legume Products,"Fiber, total dietary","Beans, yellow, mature seeds, cooked, boiled, without salt",41.6
Legumes and Legume Products,"Fiber, total dietary","Beans, small white, mature seeds, cooked, boiled, with salt",41.6
Legumes and Legume Products,"Fiber, total dietary","Beans, yellow, mature seeds, cooked, boiled, with salt",41.6
Legumes and Legume Products,"Fiber, total dietary","Beans, french, mature seeds, cooked, boiled, without salt",37.6
Legumes and Legume Products,"Fiber, total dietary","Peanuts, all types, oil-roasted, with salt",37.6
Legumes and Legume Products,"Fiber, total dietary","Beans, french, mature seeds, cooked, boiled, with salt",37.6
Legumes and Legume Products,"Fiber, total dietary","Peanuts, all types, oil-roasted, without salt",37.6
Legumes and Legume Products,"Fiber, total dietary","Beans, kidney, california red, mature seeds, cooked, boiled, without salt",37.2
Legumes and Legume Products,"Folate, total",Chickpea flour (besan),124.9
Legumes and Legume Products,"Folate, total",Papad,62.6
Legumes and Legume Products,"Folate, total","Soybeans, mature seeds, roasted, salted",60.3
Legumes and Legume Products,"Folate, total","Cowpeas, common (blackeyes, crowder, southern), mature seeds, cooked, boiled, without salt",59.4
Legumes and Legume Products,"Folate, total","Cowpeas, common (blackeyes, crowder, southern), mature seeds, cooked, boiled, with salt",59.4
Legumes and Legume Products,"Folate, total","Beans, cranberry (roman), mature seeds, cooked, boiled, without salt",59.1
Legumes and Legume Products,"Folate, total","Beans, cranberry (roman), mature seeds, cooked, boiled, with salt",59.1
Legumes and Legume Products,"Folate, total","Lentils, mature seeds, cooked, boiled, without salt",51.7
Legumes and Legume Products,"Folate, total","Lentils, mature seeds, cooked, boiled, with salt",51.7
Legumes and Legume Products,"Folate, total","Chickpeas (garbanzo beans, bengal gram), mature seeds, cooked, boiled, without salt",49.1
Legumes and Legume Products,"Folate, total","Beans, pinto, mature seeds, cooked, boiled, with salt",49.1
Legumes and Legume Products,"Folate, total","Chickpeas (garbanzo beans, bengal gram), mature seeds, cooked, boiled, with salt",49.1
Legumes and Legume Products,"Folate, total","Beans, pinto, mature seeds, cooked, boiled, without salt",49.1
Legumes and Legume Products,"Folate, total","Beans, pink, mature seeds, cooked, boiled, with salt",48.0
Legumes and Legume Products,"Folate, total","Beans, pink, mature seeds, cooked, boiled, without salt",48.0
Legumes and Legume Products,Histidine,"Soybeans, mature seeds, roasted, salted",135.7
Legumes and Legume Products,Histidine,Papad,102.1
Legumes and Legume Products,Histidine,"Peanuts, spanish, oil-roasted, with salt",101.1
Legumes and Legume Products,Histidine,"Peanuts, spanish, oil-roasted, without salt",101.1
Legumes and Legume Products,Histidine,"Peanuts, valencia, oil-roasted, with salt",97.7
Legumes and Legume Products,Histidine,"Peanuts, valencia, oil-roasted, without salt",97.7
Legumes and Legume Products,Histidine,"Peanuts, all types, oil-roasted, with salt",93.6
Legumes and Legume Products,Histidine,"Peanuts, all types, oil-roasted, without salt",93.6
Legumes and Legume Products,Histidine,"Peanuts, virginia, oil-roasted, without salt",93.4
Legumes and Legume Products,Histidine,"Peanuts, virginia, oil-roasted, with salt",93.4
Legumes and Legume Products,Histidine,Natto,73.1
Legumes and Legume Products,Histidine,Tempeh,66.6
Legumes and Legume Products,Histidine,"Soybeans, mature cooked, boiled, without salt",64.1
Legumes and Legume Products,Histidine,"Soybeans, mature seeds, cooked, boiled, with salt",64.1
Legumes and Legume Products,Histidine,"Lupins, mature seeds, cooked, boiled, without salt",63.3
Legumes and Legume Products,"Iron, Fe",Natto,47.8
Legumes and Legume Products,"Iron, Fe",Papad,43.3
Legumes and Legume Products,"Iron, Fe","Soybean, curd cheese",31.1
Legumes and Legume Products,"Iron, Fe","Soybeans, mature cooked, boiled, without salt",28.6
Legumes and Legume Products,"Iron, Fe","Soybeans, mature seeds, cooked, boiled, with salt",28.6
Legumes and Legume Products,"Iron, Fe",Chickpea flour (besan),27.0
Legumes and Legume Products,"Iron, Fe","Hyacinth beans, mature seeds, cooked, boiled, without salt",25.4
Legumes and Legume Products,"Iron, Fe","Hyacinth beans, mature seeds, cooked, boiled, with salt",25.4
Legumes and Legume Products,"Iron, Fe","Winged beans, mature seeds, cooked, boiled, without salt",24.1
Legumes and Legume Products,"Iron, Fe","Winged beans, mature seeds, cooked, boiled, with salt",24.1
Legumes and Legume Products,"Iron, Fe","Soybeans, mature seeds, roasted, salted",21.7
Legumes and Legume Products,"Iron, Fe","Beans, white, mature seeds, cooked, boiled, without salt",20.6
Legumes and Legume Products,"Iron, Fe","Beans, white, mature seeds, cooked, boiled, with salt",20.6
Legumes and Legume Products,"Iron, Fe","Falafel, home-prepared",19.0
Legumes and Legume Products,"Iron, Fe","Lentils, mature seeds, cooked, boiled, without salt",18.5
Legumes and Legume Products,Isoleucine,"Soybeans, mature seeds, roasted, salted",122.1
Legumes and Legume Products,Isoleucine,Papad,93.1
Legumes and Legume Products,Isoleucine,"Peanuts, spanish, oil-roasted, with salt",70.4
Legumes and Legume Products,Isoleucine,"Peanuts, spanish, oil-roasted, without salt",70.4
Legumes and Legume Products,Isoleucine,"Peanuts, all types, oil-roasted, with salt",69.9
Legumes and Legume Products,Isoleucine,"Peanuts, all types, oil-roasted, without salt",69.9
Legumes and Legume Products,Isoleucine,"Peanuts, valencia, oil-roasted, with salt",67.9
Legumes and Legume Products,Isoleucine,"Peanuts, valencia, oil-roasted, without salt",67.9
Legumes and Legume Products,Isoleucine,Natto,66.5
Legumes and Legume Products,Isoleucine,"Peanuts, virginia, oil-roasted, without salt",65.0
Legumes and Legume Products,Isoleucine,"Peanuts, virginia, oil-roasted, with salt",65.0
Legumes and Legume Products,Isoleucine,Tempeh,62.9
Legumes and Legume Products,Isoleucine,"Soybeans, mature cooked, boiled, without salt",57.6
Legumes and Legume Products,Isoleucine,"Soybeans, mature seeds, cooked, boiled, with salt",57.6
Legumes and Legume Products,Isoleucine,"Lupins, mature seeds, cooked, boiled, without salt",49.6
Legumes and Legume Products,Leucine,"Soybeans, mature seeds, roasted, salted",105.1
Legumes and Legume Products,Leucine,Papad,77.5
Legumes and Legume Products,Leucine,"Peanuts, spanish, oil-roasted, with salt",66.5
Legumes and Legume Products,Leucine,"Peanuts, spanish, oil-roasted, without salt",66.5
Legumes and Legume Products,Leucine,"Peanuts, all types, oil-roasted, with salt",66.4
Legumes and Legume Products,Leucine,"Peanuts, all types, oil-roasted, without salt",66.4
Legumes and Legume Products,Leucine,"Peanuts, valencia, oil-roasted, with salt",64.2
Legumes and Legume Products,Leucine,"Peanuts, valencia, oil-roasted, without salt",64.2
Legumes and Legume Products,Leucine,"Peanuts, virginia, oil-roasted, without salt",61.4
Legumes and Legume Products,Leucine,"Peanuts, virginia, oil-roasted, with salt",61.4
Legumes and Legume Products,Leucine,Natto,55.3
Legumes and Legume Products,Leucine,Tempeh,52.4
Legumes and Legume Products,Leucine,"Soybeans, mature cooked, boiled, without salt",49.6
Legumes and Legume Products,Leucine,"Soybeans, mature seeds, cooked, boiled, with salt",49.6
Legumes and Legume Products,Leucine,"Lupins, mature seeds, cooked, boiled, without salt",43.3
Legumes and Legume Products,Lysine,"Soybeans, mature seeds, roasted, salted",111.6
Legumes and Legume Products,Lysine,Papad,80.7
Legumes and Legume Products,Lysine,Natto,54.5
Legumes and Legume Products,Lysine,"Soybeans, mature cooked, boiled, without salt",52.8
Legumes and Legume Products,Lysine,"Soybeans, mature seeds, cooked, boiled, with salt",52.8
Legumes and Legume Products,Lysine,"Peanuts, spanish, oil-roasted, with salt",47.9
Legumes and Legume Products,Lysine,"Peanuts, spanish, oil-roasted, without salt",47.9
Legumes and Legume Products,Lysine,"Peanuts, valencia, oil-roasted, with salt",46.2
Legumes and Legume Products,Lysine,"Peanuts, valencia, oil-roasted, without salt",46.2
Legumes and Legume Products,Lysine,"Peanuts, all types, oil-roasted, with salt",45.0
Legumes and Legume Products,Lysine,"Peanuts, all types, oil-roasted, without salt",45.0
Legumes and Legume Products,Lysine,"Peanuts, virginia, oil-roasted, without salt",44.2
Legumes and Legume Products,Lysine,"Peanuts, virginia, oil-roasted, with salt",44.2
Legumes and Legume Products,Lysine,Tempeh,43.2
Legumes and Legume Products,Lysine,"Falafel, home-prepared",40.8
Legumes and Legume Products,"Magnesium, Mg",Papad,77.4
Legumes and Legume Products,"Magnesium, Mg","Soybean, curd cheese",65.1
Legumes and Legume Products,"Magnesium, Mg","Peanuts, virginia, oil-roasted, without salt",53.7
Legumes and Legume Products,"Magnesium, Mg","Peanuts, virginia, oil-roasted, with salt",53.7
Legumes and Legume Products,"Magnesium, Mg","Peanuts, all types, oil-roasted, with salt",50.3
Legumes and Legume Products,"Magnesium, Mg","Peanuts, all types, oil-roasted, without salt",50.3
Legumes and Legume Products,"Magnesium, Mg","Peanuts, spanish, oil-roasted, with salt",48.0
Legumes and Legume Products,"Magnesium, Mg","Peanuts, spanish, oil-roasted, without salt",48.0
Legumes and Legume Products,"Magnesium, Mg",Chickpea flour (besan),47.4
Legumes and Legume Products,"Magnesium, Mg","Peanuts, valencia, oil-roasted, with salt",45.7
Legumes and Legume Products,"Magnesium, Mg","Peanuts, valencia, oil-roasted, without salt",45.7
Legumes and Legume Products,"Magnesium, Mg","Soybeans, mature seeds, roasted, salted",41.4
Legumes and Legume Products,"Magnesium, Mg",Natto,32.9
Legumes and Legume Products,"Magnesium, Mg","Mothbeans, mature seeds, cooked, boiled, without salt",29.7
Legumes and Legume Products,"Magnesium, Mg","Mothbeans, mature seeds, cooked, boiled, with salt",29.7
Legumes and Legume Products,Methionine,"Soybeans, mature seeds, roasted, salted",45.2
Legumes and Legume Products,Methionine,Papad,35.4
Legumes and Legume Products,Methionine,"Peanuts, spanish, oil-roasted, with salt",32.8
Legumes and Legume Products,Methionine,"Peanuts, spanish, oil-roasted, without salt",32.8
Legumes and Legume Products,Methionine,"Peanuts, valencia, oil-roasted, with salt",31.6
Legumes and Legume Products,Methionine,"Peanuts, valencia, oil-roasted, without salt",31.6
Legumes and Legume Products,Methionine,"Peanuts, virginia, oil-roasted, without salt",30.2
Legumes and Legume Products,Methionine,"Peanuts, virginia, oil-roasted, with salt",30.2
Legumes and Legume Products,Methionine,"Peanuts, all types, oil-roasted, with salt",27.7
Legumes and Legume Products,Methionine,"Peanuts, all types, oil-roasted, without salt",27.7
Legumes and Legume Products,Methionine,"Soybeans, mature cooked, boiled, without salt",21.3
Legumes and Legume Products,Methionine,"Soybeans, mature seeds, cooked, boiled, with salt",21.3
Legumes and Legume Products,Methionine,Natto,19.8
Legumes and Legume Products,Methionine,"Falafel, home-prepared",17.8
Legumes and Legume Products,Methionine,Tempeh,16.7
Legumes and Legume Products,Niacin,"Peanuts, spanish, oil-roasted, with salt",80.8
Legumes and Legume Products,Niacin,"Peanuts, spanish, oil-roasted, without salt",80.8
Legumes and Legume Products,Niacin,"Peanuts, virginia, oil-roasted, without salt",79.5
Legumes and Legume Products,Niacin,"Peanuts, virginia, oil-roasted, with salt",79.5
Legumes and Legume Products,Niacin,"Peanuts, valencia, oil-roasted, with salt",77.6
Legumes and Legume Products,Niacin,"Peanuts, valencia, oil-roasted, without salt",77.6
Legumes and Legume Products,Niacin,"Peanuts, all types, oil-roasted, with salt",74.8
Legumes and Legume Products,Niacin,"Peanuts, all types, oil-roasted, without salt",74.8
Legumes and Legume Products,Niacin,"Peanuts, all types, cooked, boiled, with salt",28.5
Legumes and Legume Products,Niacin,Soy sauce made from soy (tamari),21.4
Legumes and Legume Products,Niacin,"Soymilk (All flavors), enhanced",17.8
Legumes and Legume Products,Niacin,Soy sauce made from hydrolyzed vegetable protein,15.3
Legumes and Legume Products,Niacin,Tempeh,14.3
Legumes and Legume Products,Niacin,Soy sauce made from soy and wheat (shoyu),11.9
Legumes and Legume Products,Niacin,"Tempeh, cooked",11.6
Legumes and Legume Products,PUFA 18:2,"Peanuts, valencia, oil-roasted, with salt",222.0
Legumes and Legume Products,PUFA 18:2,"Peanuts, valencia, oil-roasted, without salt",222.0
Legumes and Legume Products,PUFA 18:2,"Peanuts, spanish, oil-roasted, with salt",212.4
Legumes and Legume Products,PUFA 18:2,"Peanuts, spanish, oil-roasted, without salt",212.4
Legumes and Legume Products,PUFA 18:2,"Peanuts, all types, oil-roasted, with salt",188.9
Legumes and Legume Products,PUFA 18:2,"Peanuts, all types, oil-roasted, without salt",188.8
Legumes and Legume Products,PUFA 18:2,"Peanuts, virginia, oil-roasted, without salt",183.0
Legumes and Legume Products,PUFA 18:2,"Peanuts, virginia, oil-roasted, with salt",183.0
Legumes and Legume Products,PUFA 18:2,"Soybeans, mature seeds, roasted, salted",158.1
Legumes and Legume Products,PUFA 18:2,"Hummus, commercial",101.0
Legumes and Legume Products,PUFA 18:2,"Peanuts, all types, cooked, boiled, with salt",86.9
Legumes and Legume Products,PUFA 18:2,Natto,68.5
Legumes and Legume Products,PUFA 18:2,"Tofu, hard, prepared with nigari",62.1
Legumes and Legume Products,PUFA 18:2,"Soybeans, mature cooked, boiled, without salt",55.8
Legumes and Legume Products,PUFA 18:2,"Soybeans, mature seeds, cooked, boiled, with salt",55.8
Legumes and Legume Products,PUFA 18:3,"Soybeans, mature seeds, roasted, salted",42.4
Legumes and Legume Products,PUFA 18:3,Papad,25.9
Legumes and Legume Products,PUFA 18:3,Natto,18.4
Legumes and Legume Products,PUFA 18:3,"Hummus, commercial",18.1
Legumes and Legume Products,PUFA 18:3,"Tofu, hard, prepared with nigari",16.7
Legumes and Legume Products,PUFA 18:3,"Soybeans, mature cooked, boiled, without salt",14.9
Legumes and Legume Products,PUFA 18:3,"Soybeans, mature seeds, cooked, boiled, with salt",14.9
Legumes and Legume Products,PUFA 18:3,"Soybean, curd cheese",13.5
Legumes and Legume Products,PUFA 18:3,"Tofu, salted and fermented (fuyu)",13.4
Legumes and Legume Products,PUFA 18:3,Miso,10.1
Legumes and Legume Products,PUFA 18:3,"Beans, chili, barbecue, ranch style, cooked",8.5
Legumes and Legume Products,PUFA 18:3,"Mungo beans, mature seeds, cooked, boiled, without salt",8.4
Legumes and Legume Products,PUFA 18:3,"Mungo beans, mature seeds, cooked, boiled, with salt",8.4
Legumes and Legume Products,PUFA 18:3,"Beans, french, mature seeds, cooked, boiled, without salt",7.2
Legumes and Legume Products,PUFA 18:3,"Beans, french, mature seeds, cooked, boiled, with salt",7.2
Legumes and Legume Products,Pantothenic acid,"Peanuts, spanish, oil-roasted, with salt",27.8
Legumes and Legume Products,Pantothenic acid,"Peanuts, spanish, oil-roasted, without salt",27.8
Legumes and Legume Products,Pantothenic acid,"Peanuts, valencia, oil-roasted, with salt",27.7
Legumes and Legume Products,Pantothenic acid,"Peanuts, valencia, oil-roasted, without salt",27.7
Legumes and Legume Products,Pantothenic acid,"Peanuts, virginia, oil-roasted, without salt",27.7
Legumes and Legume Products,Pantothenic acid,"Peanuts, virginia, oil-roasted, with salt",27.7
Legumes and Legume Products,Pantothenic acid,"Peanuts, all types, oil-roasted, with salt",24.0
Legumes and Legume Products,Pantothenic acid,"Peanuts, all types, oil-roasted, without salt",24.0
Legumes and Legume Products,Pantothenic acid,Papad,18.3
Legumes and Legume Products,Pantothenic acid,"Tofu, extra firm, prepared with nigari",16.9
Legumes and Legume Products,Pantothenic acid,"Peanuts, all types, cooked, boiled, with salt",16.5
Legumes and Legume Products,Pantothenic acid,"Lentils, mature seeds, cooked, boiled, without salt",12.8
Legumes and Legume Products,Pantothenic acid,"Lentils, mature seeds, cooked, boiled, with salt",12.8
Legumes and Legume Products,Pantothenic acid,Chickpea flour (besan),12.1
Legumes and Legume Products,Pantothenic acid,"Peas, split, mature seeds, cooked, boiled, without salt",11.9
Legumes and Legume Products,Phenylalanine,"Soybeans, mature seeds, roasted, salted",105.0
Legumes and Legume Products,Phenylalanine,Papad,85.2
Legumes and Legume Products,Phenylalanine,"Peanuts, spanish, oil-roasted, with salt",83.0
Legumes and Legume Products,Phenylalanine,"Peanuts, spanish, oil-roasted, without salt",83.0
Legumes and Legume Products,Phenylalanine,"Peanuts, all types, oil-roasted, with salt",81.5
Legumes and Legume Products,Phenylalanine,"Peanuts, all types, oil-roasted, without salt",81.5
Legumes and Legume Products,Phenylalanine,"Peanuts, valencia, oil-roasted, with salt",80.1
Legumes and Legume Products,Phenylalanine,"Peanuts, valencia, oil-roasted, without salt",80.1
Legumes and Legume Products,Phenylalanine,"Peanuts, virginia, oil-roasted, without salt",76.6
Legumes and Legume Products,Phenylalanine,"Peanuts, virginia, oil-roasted, with salt",76.6
Legumes and Legume Products,Phenylalanine,Natto,53.8
Legumes and Legume Products,Phenylalanine,Tempeh,51.0
Legumes and Legume Products,Phenylalanine,"Soybeans, mature cooked, boiled, without salt",49.7
Legumes and Legume Products,Phenylalanine,"Soybeans, mature seeds, cooked, boiled, with salt",49.7
Legumes and Legume Products,Phenylalanine,"Falafel, home-prepared",40.4
Legumes and Legume Products,"Phosphorus, P","Peanuts, virginia, oil-roasted, without salt",92.0
Legumes and Legume Products,"Phosphorus, P","Peanuts, virginia, oil-roasted, with salt",92.0
Legumes and Legume Products,"Phosphorus, P","Peanuts, all types, oil-roasted, with salt",72.2
Legumes and Legume Products,"Phosphorus, P","Peanuts, all types, oil-roasted, without salt",72.2
Legumes and Legume Products,"Phosphorus, P","Peanuts, spanish, oil-roasted, with salt",70.4
Legumes and Legume Products,"Phosphorus, P","Peanuts, spanish, oil-roasted, without salt",70.4
Legumes and Legume Products,"Phosphorus, P",Papad,70.0
Legumes and Legume Products,"Phosphorus, P","Soybeans, mature seeds, roasted, salted",66.0
Legumes and Legume Products,"Phosphorus, P","Peanuts, valencia, oil-roasted, with salt",58.0
Legumes and Legume Products,"Phosphorus, P","Peanuts, valencia, oil-roasted, without salt",58.0
Legumes and Legume Products,"Phosphorus, P",Chickpea flour (besan),57.8
Legumes and Legume Products,"Phosphorus, P",Tempeh,48.4
Legumes and Legume Products,"Phosphorus, P","Tempeh, cooked",46.0
Legumes and Legume Products,"Phosphorus, P","Soybeans, mature cooked, boiled, without salt",44.5
Legumes and Legume Products,"Phosphorus, P","Soybeans, mature seeds, cooked, boiled, with salt",44.5
Legumes and Legume Products,"Potassium, K","Soy sauce, reduced sodium, made from hydrolyzed vegetable protein",88.5
Legumes and Legume Products,"Potassium, K","Soybeans, mature seeds, roasted, salted",42.0
Legumes and Legume Products,"Potassium, K",Papad,28.6
Legumes and Legume Products,"Potassium, K",Chickpea flour (besan),24.2
Legumes and Legume Products,"Potassium, K",Carob flour,23.6
Legumes and Legume Products,"Potassium, K","Peanuts, spanish, oil-roasted, with salt",22.2
Legumes and Legume Products,"Potassium, K","Peanuts, spanish, oil-roasted, without salt",22.2
Legumes and Legume Products,"Potassium, K",Natto,20.8
Legumes and Legume Products,"Potassium, K","Peanuts, all types, oil-roasted, with salt",20.7
Legumes and Legume Products,"Potassium, K","Peanuts, all types, oil-roasted, without salt",20.7
Legumes and Legume Products,"Potassium, K","Peanuts, virginia, oil-roasted, without salt",18.6
Legumes and Legume Products,"Potassium, K","Peanuts, virginia, oil-roasted, with salt",18.6
Legumes and Legume Products,"Potassium, K","Peanuts, valencia, oil-roasted, with salt",17.5
Legumes and Legume Products,"Potassium, K","Peanuts, valencia, oil-roasted, without salt",17.5
Legumes and Legume Products,"Potassium, K","Falafel, home-prepared",16.7
Legumes and Legume Products,Protein,"Soybeans, mature seeds, roasted, salted",66.4
Legumes and Legume Products,Protein,"Peanuts, all types, oil-roasted, with salt",48.2
Legumes and Legume Products,Protein,"Peanuts, all types, oil-roasted, without salt",48.2
Legumes and Legume Products,Protein,"Peanuts, spanish, oil-roasted, with salt",48.2
Legumes and Legume Products,Protein,"Peanuts, spanish, oil-roasted, without salt",48.2
Legumes and Legume Products,Protein,"Peanuts, valencia, oil-roasted, with salt",46.5
Legumes and Legume Products,Protein,"Peanuts, valencia, oil-roasted, without salt",46.5
Legumes and Legume Products,Protein,"Peanuts, virginia, oil-roasted, without salt",44.5
Legumes and Legume Products,Protein,"Peanuts, virginia, oil-roasted, with salt",44.5
Legumes and Legume Products,Protein,Papad,44.0
Legumes and Legume Products,Protein,Chickpea flour (besan),38.5
Legumes and Legume Products,Protein,Tempeh,34.9
Legumes and Legume Products,Protein,"Tempeh, cooked",34.3
Legumes and Legume Products,Protein,Natto,33.4
Legumes and Legume Products,Protein,"Soybeans, mature cooked, boiled, without salt",31.3
Legumes and Legume Products,Riboflavin,Carob flour,28.8
Legumes and Legume Products,Riboflavin,"Vitasoy USA Organic Nasoya, Tofu Plus Extra Firm",27.5
Legumes and Legume Products,Riboflavin,"Vitasoy USA Organic Nasoya, Tofu Plus Firm",25.0
Legumes and Legume Products,Riboflavin,Tempeh,22.4
Legumes and Legume Products,Riboflavin,"Tempeh, cooked",22.3
Legumes and Legume Products,Riboflavin,"Soybeans, mature cooked, boiled, without salt",17.8
Legumes and Legume Products,Riboflavin,"Soybeans, mature seeds, cooked, boiled, with salt",17.8
Legumes and Legume Products,Riboflavin,Papad,16.1
Legumes and Legume Products,Riboflavin,"Soy sauce made from soy and wheat (shoyu), low sodium",15.0
Legumes and Legume Products,Riboflavin,Miso,14.6
Legumes and Legume Products,Riboflavin,"SILK Chocolate, soymilk",13.1
Legumes and Legume Products,Riboflavin,"SILK Light Plain, soymilk",13.1
Legumes and Legume Products,Riboflavin,"SILK Light Vanilla, soymilk",13.1
Legumes and Legume Products,Riboflavin,"SILK Light Chocolate, soymilk",13.1
Legumes and Legume Products,Riboflavin,"SILK Very Vanilla, soymilk",13.1
Legumes and Legume Products,"Selenium, Se","Vermicelli, made from soy",38.6
Legumes and Legume Products,"Selenium, Se","Soybeans, mature seeds, roasted, salted",27.3
Legumes and Legume Products,"Selenium, Se","Tofu, salted and fermented (fuyu)",24.7
Legumes and Legume Products,"Selenium, Se","Soybean, curd cheese",24.0
Legumes and Legume Products,"Selenium, Se","Tofu, hard, prepared with nigari",24.0
Legumes and Legume Products,"Selenium, Se",Tofu yogurt,18.6
Legumes and Legume Products,"Selenium, Se","Tofu, extra firm, prepared with nigari",18.6
Legumes and Legume Products,"Selenium, Se",Okara,15.1
Legumes and Legume Products,"Selenium, Se",Natto,12.6
Legumes and Legume Products,"Selenium, Se",Papad,11.9
Legumes and Legume Products,"Selenium, Se",Chickpea flour (besan),11.9
Legumes and Legume Products,"Selenium, Se","Peanuts, spanish, oil-roasted, with salt",10.7
Legumes and Legume Products,"Selenium, Se","Peanuts, valencia, oil-roasted, with salt",10.7
Legumes and Legume Products,"Selenium, Se","Peanuts, spanish, oil-roasted, without salt",10.7
Legumes and Legume Products,"Selenium, Se","Peanuts, valencia, oil-roasted, without salt",10.7
Legumes and Legume Products,"Sodium, Na",Soy sauce made from hydrolyzed vegetable protein,284.2
Legumes and Legume Products,"Sodium, Na",Soy sauce made from soy (tamari),232.8
Legumes and Legume Products,"Sodium, Na",Soy sauce made from soy and wheat (shoyu),228.9
Legumes and Legume Products,"Sodium, Na",Miso,155.3
Legumes and Legume Products,"Sodium, Na","Soy sauce made from soy and wheat (shoyu), low sodium",149.9
Legumes and Legume Products,"Sodium, Na","Soy sauce, reduced sodium, made from hydrolyzed vegetable protein",120.4
Legumes and Legume Products,"Sodium, Na","Tofu, salted and fermented (fuyu)",119.7
Legumes and Legume Products,"Sodium, Na",Papad,72.7
Legumes and Legume Products,"Sodium, Na","Peanuts, valencia, oil-roasted, with salt",32.2
Legumes and Legume Products,"Sodium, Na","Peanuts, all types, cooked, boiled, with salt",31.3
Legumes and Legume Products,"Sodium, Na","Beans, chili, barbecue, ranch style, cooked",30.2
Legumes and Legume Products,"Sodium, Na","Peanuts, spanish, oil-roasted, with salt",18.0
Legumes and Legume Products,"Sodium, Na","Peanuts, virginia, oil-roasted, with salt",18.0
Legumes and Legume Products,"Sodium, Na","Hummus, commercial",17.8
Legumes and Legume Products,"Sodium, Na","Beans, baked, home prepared",17.6
Legumes and Legume Products,Thiamin,Chickpea flour (besan),43.4
Legumes and Legume Products,Thiamin,"Peanuts, spanish, oil-roasted, with salt",28.3
Legumes and Legume Products,Thiamin,"Peanuts, spanish, oil-roasted, without salt",28.3
Legumes and Legume Products,Thiamin,"Winged beans, mature seeds, cooked, boiled, without salt",26.3
Legumes and Legume Products,Thiamin,"Winged beans, mature seeds, cooked, boiled, with salt",26.3
Legumes and Legume Products,Thiamin,Papad,24.7
Legumes and Legume Products,Thiamin,"Peanuts, virginia, oil-roasted, without salt",24.6
Legumes and Legume Products,Thiamin,"Peanuts, virginia, oil-roasted, with salt",24.6
Legumes and Legume Products,Thiamin,"Hyacinth beans, mature seeds, cooked, boiled, without salt",24.1
Legumes and Legume Products,Thiamin,"Hyacinth beans, mature seeds, cooked, boiled, with salt",24.1
Legumes and Legume Products,Thiamin,"Peanuts, all types, cooked, boiled, with salt",23.1
Legumes and Legume Products,Thiamin,"Beans, pink, mature seeds, cooked, boiled, with salt",22.9
Legumes and Legume Products,Thiamin,"Beans, pink, mature seeds, cooked, boiled, without salt",22.9
Legumes and Legume Products,Thiamin,"Beans, black, mature seeds, cooked, boiled, without salt",21.8
Legumes and Legume Products,Thiamin,"Beans, black, mature seeds, cooked, boiled, with salt",21.8
Legumes and Legume Products,Threonine,"Soybeans, mature seeds, roasted, salted",145.7
Legumes and Legume Products,Threonine,"Peanuts, spanish, oil-roasted, with salt",91.3
Legumes and Legume Products,Threonine,"Peanuts, spanish, oil-roasted, without salt",91.3
Legumes and Legume Products,Threonine,"Peanuts, valencia, oil-roasted, with salt",88.2
Legumes and Legume Products,Threonine,"Peanuts, valencia, oil-roasted, without salt",88.2
Legumes and Legume Products,Threonine,Papad,84.4
Legumes and Legume Products,Threonine,"Peanuts, virginia, oil-roasted, without salt",84.4
Legumes and Legume Products,Threonine,"Peanuts, virginia, oil-roasted, with salt",84.4
Legumes and Legume Products,Threonine,Natto,77.4
Legumes and Legume Products,Threonine,Tempeh,75.8
Legumes and Legume Products,Threonine,"Soybeans, mature cooked, boiled, without salt",68.9
Legumes and Legume Products,Threonine,"Soybeans, mature seeds, cooked, boiled, with salt",68.9
Legumes and Legume Products,Threonine,"Tofu, hard, prepared with nigari",60.0
Legumes and Legume Products,Threonine,"Peanuts, all types, oil-roasted, with salt",58.1
Legumes and Legume Products,Threonine,"Peanuts, all types, oil-roasted, without salt",58.1
Legumes and Legume Products,Total lipid (fat),"Peanuts, all types, oil-roasted, with salt",42.2
Legumes and Legume Products,Total lipid (fat),"Peanuts, all types, oil-roasted, without salt",42.2
Legumes and Legume Products,Total lipid (fat),"Peanuts, valencia, oil-roasted, with salt",41.2
Legumes and Legume Products,Total lipid (fat),"Peanuts, valencia, oil-roasted, without salt",41.2
Legumes and Legume Products,Total lipid (fat),"Peanuts, spanish, oil-roasted, with salt",39.4
Legumes and Legume Products,Total lipid (fat),"Peanuts, spanish, oil-roasted, without salt",39.4
Legumes and Legume Products,Total lipid (fat),"Peanuts, virginia, oil-roasted, without salt",39.1
Legumes and Legume Products,Total lipid (fat),"Peanuts, virginia, oil-roasted, with salt",39.1
Legumes and Legume Products,Total lipid (fat),"Soybeans, mature seeds, roasted, salted",20.4
Legumes and Legume Products,Total lipid (fat),"Peanuts, all types, cooked, boiled, with salt",17.7
Legumes and Legume Products,Total lipid (fat),"Hummus, commercial",14.3
Legumes and Legume Products,Total lipid (fat),"Falafel, home-prepared",14.3
Legumes and Legume Products,Total lipid (fat),"Tempeh, cooked",9.1
Legumes and Legume Products,Total lipid (fat),Natto,8.8
Legumes and Legume Products,Total lipid (fat),Tempeh,8.7
Legumes and Legume Products,Tryptophan,"Soybeans, mature seeds, roasted, salted",182.9
Legumes and Legume Products,Tryptophan,"Peanuts, spanish, oil-roasted, with salt",97.1
Legumes and Legume Products,Tryptophan,"Peanuts, spanish, oil-roasted, without salt",97.1
Legumes and Legume Products,Tryptophan,Papad,95.0
Legumes and Legume Products,Tryptophan,"Peanuts, valencia, oil-roasted, with salt",93.9
Legumes and Legume Products,Tryptophan,"Peanuts, valencia, oil-roasted, without salt",93.9
Legumes and Legume Products,Tryptophan,"Peanuts, virginia, oil-roasted, without salt",89.6
Legumes and Legume Products,Tryptophan,"Peanuts, virginia, oil-roasted, with salt",89.6
Legumes and Legume Products,Tryptophan,"Soybeans, mature cooked, boiled, without salt",86.4
Legumes and Legume Products,Tryptophan,"Soybeans, mature seeds, cooked, boiled, with salt",86.4
Legumes and Legume Products,Tryptophan,"Winged beans, mature seeds, cooked, boiled, without salt",83.2
Legumes and Legume Products,Tryptophan,"Winged beans, mature seeds, cooked, boiled, with salt",83.2
Legumes and Legume Products,Tryptophan,"Peanuts, all types, oil-roasted, with salt",82.5
Legumes and Legume Products,Tryptophan,"Peanuts, all types, oil-roasted, without salt",82.5
Legumes and Legume Products,Tryptophan,Natto,79.6
Legumes and Legume Products,Valine,"Soybeans, mature seeds, roasted, salted",96.6
Legumes and Legume Products,Valine,Papad,78.8
Legumes and Legume Products,Valine,"Peanuts, spanish, oil-roasted, with salt",64.6
Legumes and Legume Products,Valine,"Peanuts, spanish, oil-roasted, without salt",64.6
Legumes and Legume Products,Valine,"Peanuts, all types, oil-roasted, with salt",63.0
Legumes and Legume Products,Valine,"Peanuts, all types, oil-roasted, without salt",63.0
Legumes and Legume Products,Valine,"Peanuts, valencia, oil-roasted, with salt",62.3
Legumes and Legume Products,Valine,"Peanuts, valencia, oil-roasted, without salt",62.3
Legumes and Legume Products,Valine,"Peanuts, virginia, oil-roasted, without salt",59.6
Legumes and Legume Products,Valine,"Peanuts, virginia, oil-roasted, with salt",59.6
Legumes and Legume Products,Valine,Natto,55.9
Legumes and Legume Products,Valine,Tempeh,50.5
Legumes and Legume Products,Valine,"Soybeans, mature cooked, boiled, without salt",45.7
Legumes and Legume Products,Valine,"Soybeans, mature seeds, cooked, boiled, with salt",45.7
Legumes and Legume Products,Valine,"Tofu, hard, prepared with nigari",38.4
Legumes and Legume Products,"Vitamin A, RAE","Vitasoy USA Nasoya, Lite Silken Tofu",12.8
Legumes and Legume Products,"Vitamin A, RAE","Vitasoy USA, Nasoya Lite Firm Tofu",12.7
Legumes and Legume Products,"Vitamin A, RAE",Papad,1.7
Legumes and Legume Products,"Vitamin A, RAE","Soybeans, mature seeds, roasted, salted",1.3
Legumes and Legume Products,"Vitamin A, RAE",Miso,0.5
Legumes and Legume Products,"Vitamin A, RAE",Tofu yogurt,0.3
Legumes and Legume Products,"Vitamin A, RAE","Soybean, curd cheese",0.3
Legumes and Legume Products,"Vitamin A, RAE","Vermicelli, made from soy",0.3
Legumes and Legume Products,"Vitamin A, RAE","Mungo beans, mature seeds, cooked, boiled, without salt",0.3
Legumes and Legume Products,"Vitamin A, RAE","Vitasoy USA, Organic Nasoya Extra Firm Tofu",0.3
Legumes and Legume Products,"Vitamin A, RAE",Chickpea flour (besan),0.3
Legumes and Legume Products,"Vitamin A, RAE","Mungo beans, mature seeds, cooked, boiled, with salt",0.3
Legumes and Legume Products,"Vitamin A, RAE","Beans, chili, barbecue, ranch style, cooked",0.1
Legumes and Legume Products,"Vitamin A, RAE","Mothbeans, mature seeds, cooked, boiled, without salt",0.1
Legumes and Legume Products,"Vitamin A, RAE","Falafel, home-prepared",0.1
Legumes and Legume Products,Vitamin B-6,"Vitasoy USA Organic Nasoya, Tofu Plus Extra Firm",29.4
Legumes and Legume Products,Vitamin B-6,"Vitasoy USA Organic Nasoya, Tofu Plus Firm",29.4
Legumes and Legume Products,Vitamin B-6,Chickpea flour (besan),28.9
Legumes and Legume Products,Vitamin B-6,"Peanuts, all types, oil-roasted, with salt",27.1
Legumes and Legume Products,Vitamin B-6,"Peanuts, all types, oil-roasted, without salt",27.1
Legumes and Legume Products,Vitamin B-6,"Hummus, home prepared",23.5
Legumes and Legume Products,Vitamin B-6,Carob flour,21.5
Legumes and Legume Products,Vitamin B-6,Papad,16.8
Legumes and Legume Products,Vitamin B-6,"Beans, chili, barbecue, ranch style, cooked",15.9
Legumes and Legume Products,Vitamin B-6,"Peanuts, spanish, oil-roasted, with salt",15.1
Legumes and Legume Products,Vitamin B-6,"Peanuts, spanish, oil-roasted, without salt",15.1
Legumes and Legume Products,Vitamin B-6,"Peanuts, virginia, oil-roasted, without salt",14.9
Legumes and Legume Products,Vitamin B-6,"Peanuts, virginia, oil-roasted, with salt",14.9
Legumes and Legume Products,Vitamin B-6,"Peanuts, valencia, oil-roasted, with salt",14.3
Legumes and Legume Products,Vitamin B-6,"Peanuts, valencia, oil-roasted, without salt",14.3
Legumes and Legume Products,"Vitamin C, total ascorbic acid",SILK Hazelnut Creamer,181.8
Legumes and Legume Products,"Vitamin C, total ascorbic acid",SILK Raspberry soy yogurt,16.0
Legumes and Legume Products,"Vitamin C, total ascorbic acid",SILK Peach soy yogurt,16.0
Legumes and Legume Products,"Vitamin C, total ascorbic acid",SILK Black Cherry soy yogurt,16.0
Legumes and Legume Products,"Vitamin C, total ascorbic acid",SILK Blueberry soy yogurt,16.0
Legumes and Legume Products,"Vitamin C, total ascorbic acid",SILK Vanilla soy yogurt (single serving size),16.0
Legumes and Legume Products,"Vitamin C, total ascorbic acid",SILK Key Lime soy yogurt,16.0
Legumes and Legume Products,"Vitamin C, total ascorbic acid",SILK Plain soy yogurt,12.0
Legumes and Legume Products,"Vitamin C, total ascorbic acid",Natto,11.8
Legumes and Legume Products,"Vitamin C, total ascorbic acid","SILK Very Vanilla, soymilk",7.8
Legumes and Legume Products,"Vitamin C, total ascorbic acid","Hummus, home prepared",7.2
Legumes and Legume Products,"Vitamin C, total ascorbic acid","Soymilk (All flavors), enhanced",6.5
Legumes and Legume Products,"Vitamin C, total ascorbic acid",Tofu yogurt,2.3
Legumes and Legume Products,"Vitamin C, total ascorbic acid","Soybeans, mature seeds, roasted, salted",2.0
Legumes and Legume Products,"Vitamin C, total ascorbic acid","Beans, yellow, mature seeds, cooked, boiled, without salt",1.6
Legumes and Legume Products,Vitamin K (phylloquinone),"Soybeans, mature seeds, roasted, salted",72.0
Legumes and Legume Products,Vitamin K (phylloquinone),Miso,41.9
Legumes and Legume Products,Vitamin K (phylloquinone),Natto,33.0
Legumes and Legume Products,Vitamin K (phylloquinone),"Hummus, commercial",32.6
Legumes and Legume Products,Vitamin K (phylloquinone),"Soybeans, mature cooked, boiled, without salt",27.4
Legumes and Legume Products,Vitamin K (phylloquinone),"Soybeans, mature seeds, cooked, boiled, with salt",27.4
Legumes and Legume Products,Vitamin K (phylloquinone),"Vitasoy USA Organic Nasoya Sprouted, Tofu Plus Super Firm",21.0
Legumes and Legume Products,Vitamin K (phylloquinone),Chickpea flour (besan),13.0
Legumes and Legume Products,Vitamin K (phylloquinone),"Beans, kidney, all types, mature seeds, cooked, boiled, without salt",12.0
Legumes and Legume Products,Vitamin K (phylloquinone),"Beans, kidney, red, mature seeds, cooked, boiled, without salt",12.0
Legumes and Legume Products,Vitamin K (phylloquinone),"Beans, kidney, red, mature seeds, cooked, boiled, with salt",12.0
Legumes and Legume Products,Vitamin K (phylloquinone),"Peas, split, mature seeds, cooked, boiled, without salt",7.1
Legumes and Legume Products,Vitamin K (phylloquinone),"Peas, split, mature seeds, cooked, boiled, with salt",7.1
Legumes and Legume Products,Vitamin K (phylloquinone),"Soybean, curd cheese",6.6
Legumes and Legume Products,Vitamin K (phylloquinone),"Chickpeas (garbanzo beans, bengal gram), mature seeds, cooked, boiled, without salt",5.7
Legumes and Legume Products,"Zinc, Zn","Peanuts, virginia, oil-roasted, without salt",37.0
Legumes and Legume Products,"Zinc, Zn","Peanuts, virginia, oil-roasted, with salt",37.0
Legumes and Legume Products,"Zinc, Zn","Vermicelli, made from soy",23.7
Legumes and Legume Products,"Zinc, Zn",Papad,19.0
Legumes and Legume Products,"Zinc, Zn","Peanuts, all types, oil-roasted, with salt",18.3
Legumes and Legume Products,"Zinc, Zn","Peanuts, all types, oil-roasted, without salt",18.3
Legumes and Legume Products,"Zinc, Zn","Soybeans, mature seeds, roasted, salted",17.5
Legumes and Legume Products,"Zinc, Zn","Peanuts, valencia, oil-roasted, with salt",17.2
Legumes and Legume Products,"Zinc, Zn","Peanuts, valencia, oil-roasted, without salt",17.2
Legumes and Legume Products,"Zinc, Zn",Natto,16.9
Legumes and Legume Products,"Zinc, Zn","Hyacinth beans, mature seeds, cooked, boiled, without salt",15.9
Legumes and Legume Products,"Zinc, Zn","Hyacinth beans, mature seeds, cooked, boiled, with salt",15.9
Legumes and Legume Products,"Zinc, Zn",Chickpea flour (besan),15.7
Legumes and Legume Products,"Zinc, Zn",Miso,14.3
Legumes and Legume Products,"Zinc, Zn","Beans, chili, barbecue, ranch style, cooked",11.2
Nut and Seed Products,"Calcium, Ca","Seeds, sisymbrium sp. seeds, whole, dried",171.9
Nut and Seed Products,"Calcium, Ca","Seeds, sesame seeds, whole, roasted and toasted",104.1
Nut and Seed Products,"Calcium, Ca","Seeds, sesame seeds, whole, dried",102.6
Nut and Seed Products,"Calcium, Ca","Seeds, sesame butter, paste",101.1
Nut and Seed Products,"Calcium, Ca","Seeds, chia seeds, dried",66.4
Nut and Seed Products,"Calcium, Ca","Seeds, sesame butter, tahini, from roasted and toasted kernels (most common type)",44.8
Nut and Seed Products,"Calcium, Ca","Seeds, sesame butter, tahini, from raw and stone ground kernels",44.2
Nut and Seed Products,"Calcium, Ca","Nuts, almond butter, plain, without salt added",36.5
Nut and Seed Products,"Calcium, Ca","Nuts, almond butter, plain, with salt added",36.5
Nut and Seed Products,"Calcium, Ca","Nuts, almonds, oil roasted, lightly salted",30.6
Nut and Seed Products,"Calcium, Ca","Nuts, almonds, oil roasted, with salt added",30.6
Nut and Seed Products,"Calcium, Ca","Nuts, almonds, oil roasted, without salt added",30.6
Nut and Seed Products,"Calcium, Ca","Nuts, almonds, oil roasted, with salt added, smoke flavor",30.1
Nut and Seed Products,"Calcium, Ca","Nuts, almonds",28.3
Nut and Seed Products,"Calcium, Ca","Nuts, almonds, dry roasted, with salt added",28.2
Nut and Seed Products,Cholesterol,"Nuts, coconut meat, dried (desiccated), creamed",0.0
Nut and Seed Products,Cholesterol,"Nuts, coconut meat, dried (desiccated), sweetened, shredded",0.0
Nut and Seed Products,Cholesterol,"Seeds, sisymbrium sp. seeds, whole, dried",0.0
Nut and Seed Products,Cholesterol,"Nuts, almond butter, plain, without salt added",0.0
Nut and Seed Products,Cholesterol,"Nuts, chestnuts, japanese, boiled and steamed",0.0
Nut and Seed Products,Cholesterol,"Nuts, chestnuts, japanese, roasted",0.0
Nut and Seed Products,Cholesterol,"Seeds, lotus seeds, raw",0.0
Nut and Seed Products,Cholesterol,"Nuts, almonds, honey roasted, unblanched",0.0
Nut and Seed Products,Cholesterol,"Seeds, sunflower seed kernels, oil roasted, with salt added",0.0
Nut and Seed Products,Cholesterol,"Seeds, sunflower seed kernels, toasted, with salt added",0.0
Nut and Seed Products,Cholesterol,"Seeds, sunflower seed butter, with salt added (Includes foods for USDA's Food Distribution Program)",0.0
Nut and Seed Products,Cholesterol,"Nuts, almonds, dry roasted, with salt added",0.0
Nut and Seed Products,Cholesterol,"Nuts, cashew butter, plain, with salt added",0.0
Nut and Seed Products,Cholesterol,"Nuts, macadamia nuts, dry roasted, with salt added",0.0
Nut and Seed Products,Cholesterol,"Nuts, mixed nuts, dry roasted, with peanuts, with salt added",0.0
Nut and Seed Products,"Choline, total","Seeds, flaxseed",19.7
Nut and Seed Products,"Choline, total","Nuts, pistachio nuts, dry roasted, with salt added",17.9
Nut and Seed Products,"Choline, total","Nuts, pistachio nuts, dry roasted, without salt added",17.9
Nut and Seed Products,"Choline, total","Seeds, pumpkin and squash seed kernels, roasted, with salt added",15.8
Nut and Seed Products,"Choline, total","Seeds, pumpkin and squash seed kernels, dried",15.8
Nut and Seed Products,"Choline, total","Seeds, pumpkin and squash seed kernels, roasted, without salt",15.8
Nut and Seed Products,"Choline, total","Nuts, cashew nuts, dry roasted, with salt added",15.2
Nut and Seed Products,"Choline, total","Nuts, cashew nuts, oil roasted, with salt added",15.2
Nut and Seed Products,"Choline, total","Nuts, cashew nuts, dry roasted, without salt added",15.2
Nut and Seed Products,"Choline, total","Nuts, cashew nuts, oil roasted, without salt added",15.2
Nut and Seed Products,"Choline, total","Nuts, mixed nuts, dry roasted, with peanuts, without salt added",14.8
Nut and Seed Products,"Choline, total","Nuts, pine nuts, dried",13.9
Nut and Seed Products,"Choline, total","Seeds, sunflower seed kernels, oil roasted, with salt added",13.8
Nut and Seed Products,"Choline, total","Seeds, sunflower seed kernels from shell, dry roasted, with salt added",13.8
Nut and Seed Products,"Choline, total","Seeds, sunflower seed kernels, dry roasted, with salt added",13.8
Nut and Seed Products,Energy,"Nuts, pilinuts, dried",25.7
Nut and Seed Products,Energy,"Nuts, macadamia nuts, raw",25.6
Nut and Seed Products,Energy,"Nuts, macadamia nuts, dry roasted, without salt added",25.6
Nut and Seed Products,Energy,"Nuts, macadamia nuts, dry roasted, with salt added",25.6
Nut and Seed Products,Energy,"Nuts, pecans, oil roasted, with salt added",25.5
Nut and Seed Products,Energy,"Nuts, pecans, oil roasted, without salt added",25.5
Nut and Seed Products,Energy,"Nuts, pecans, dry roasted, with salt added",25.4
Nut and Seed Products,Energy,"Nuts, pecans, dry roasted, without salt added",25.4
Nut and Seed Products,Energy,"Nuts, pecans",24.7
Nut and Seed Products,Energy,"Nuts, coconut meat, dried (desiccated), creamed",24.4
Nut and Seed Products,Energy,"Nuts, pine nuts, dried",24.0
Nut and Seed Products,Energy,"Nuts, coconut meat, dried (desiccated), not sweetened",23.6
Nut and Seed Products,Energy,"Nuts, brazilnuts, dried, unblanched",23.5
Nut and Seed Products,Energy,"Nuts, hickorynuts, dried",23.5
Nut and Seed Products,Energy,"Nuts, walnuts, english",23.4
Nut and Seed Products,"Fiber, total dietary","Seeds, chia seeds, dried",137.6
Nut and Seed Products,"Fiber, total dietary","Seeds, flaxseed",109.2
Nut and Seed Products,"Fiber, total dietary","Seeds, pumpkin and squash seeds, whole, roasted, with salt added",73.6
Nut and Seed Products,"Fiber, total dietary","Seeds, pumpkin and squash seeds, whole, roasted, without salt",73.6
Nut and Seed Products,"Fiber, total dietary","Seeds, sesame seed kernels, toasted, with salt added (decorticated)",67.6
Nut and Seed Products,"Fiber, total dietary","Seeds, sesame seed kernels, toasted, without salt added (decorticated)",67.6
Nut and Seed Products,"Fiber, total dietary","Nuts, coconut meat, dried (desiccated), not sweetened",65.2
Nut and Seed Products,"Fiber, total dietary","Seeds, breadnut tree seeds, dried",59.6
Nut and Seed Products,"Fiber, total dietary","Seeds, sesame seeds, whole, roasted and toasted",56.0
Nut and Seed Products,"Fiber, total dietary","Nuts, almonds, honey roasted, unblanched",54.8
Nut and Seed Products,"Fiber, total dietary","Nuts, almonds",50.0
Nut and Seed Products,"Fiber, total dietary","Seeds, sesame seeds, whole, dried",47.2
Nut and Seed Products,"Fiber, total dietary","Nuts, chestnuts, european, dried, unpeeled",46.8
Nut and Seed Products,"Fiber, total dietary","Seeds, sesame seed kernels, dried (decorticated)",46.4
Nut and Seed Products,"Fiber, total dietary","Seeds, sunflower seed kernels, toasted, with salt added",46.0
Nut and Seed Products,"Folate, total","Seeds, sunflower seed kernels, toasted, with salt added",68.0
Nut and Seed Products,"Folate, total","Seeds, sunflower seed kernels, toasted, without salt",68.0
Nut and Seed Products,"Folate, total","Seeds, sunflower seed butter, with salt added (Includes foods for USDA's Food Distribution Program)",67.7
Nut and Seed Products,"Folate, total","Seeds, sunflower seed kernels from shell, dry roasted, with salt added",67.7
Nut and Seed Products,"Folate, total","Seeds, sunflower seed kernels, dry roasted, with salt added",67.7
Nut and Seed Products,"Folate, total","Seeds, sunflower seed butter, without salt",67.7
Nut and Seed Products,"Folate, total","Seeds, sunflower seed kernels, dry roasted, without salt",67.7
Nut and Seed Products,"Folate, total","Seeds, sunflower seed kernels, oil roasted, with salt added",66.9
Nut and Seed Products,"Folate, total","Seeds, sunflower seed kernels, oil roasted, without salt",66.9
Nut and Seed Products,"Folate, total","Seeds, cottonseed kernels, roasted (glandless)",66.6
Nut and Seed Products,"Folate, total","Seeds, sunflower seed kernels, dried",64.9
Nut and Seed Products,"Folate, total","Seeds, sunflower seed flour, partially defatted",63.4
Nut and Seed Products,"Folate, total","Seeds, safflower seed kernels, dried",45.7
Nut and Seed Products,"Folate, total","Seeds, safflower seed meal, partially defatted",45.4
Nut and Seed Products,"Folate, total","Nuts, formulated, wheat-based, unflavored, with salt added",40.6
Nut and Seed Products,Histidine,"Seeds, sesame flour, low-fat",210.9
Nut and Seed Products,Histidine,"Seeds, sunflower seed flour, partially defatted",190.4
Nut and Seed Products,Histidine,"Seeds, sesame flour, partially defatted",169.6
Nut and Seed Products,Histidine,"Seeds, cottonseed kernels, roasted (glandless)",146.7
Nut and Seed Products,Histidine,"Seeds, safflower seed meal, partially defatted",142.1
Nut and Seed Products,Histidine,"Seeds, hemp seed, hulled",138.4
Nut and Seed Products,Histidine,"Seeds, sesame flour, high-fat",129.4
Nut and Seed Products,Histidine,"Nuts, butternuts, dried",115.4
Nut and Seed Products,Histidine,"Seeds, pumpkin and squash seed kernels, dried",111.4
Nut and Seed Products,Histidine,"Seeds, watermelon seed kernels, dried",110.7
Nut and Seed Products,Histidine,"Seeds, pumpkin and squash seed kernels, roasted, with salt added",110.0
Nut and Seed Products,Histidine,"Seeds, pumpkin and squash seed kernels, roasted, without salt",110.0
Nut and Seed Products,Histidine,"Nuts, walnuts, black, dried",96.0
Nut and Seed Products,Histidine,"Seeds, sunflower seed kernels, dried",90.3
Nut and Seed Products,Histidine,"Nuts, almonds, blanched",85.1
Nut and Seed Products,"Iron, Fe","Seeds, sesame butter, paste",106.7
Nut and Seed Products,"Iron, Fe","Seeds, sesame flour, high-fat",84.3
Nut and Seed Products,"Iron, Fe","Seeds, sesame seeds, whole, roasted and toasted",82.0
Nut and Seed Products,"Iron, Fe","Seeds, sesame seeds, whole, dried",80.8
Nut and Seed Products,"Iron, Fe","Seeds, sesame meal, partially defatted",80.8
Nut and Seed Products,"Iron, Fe","Seeds, sesame flour, partially defatted",79.4
Nut and Seed Products,"Iron, Fe","Seeds, sesame flour, low-fat",79.0
Nut and Seed Products,"Iron, Fe","Seeds, sesame butter, tahini, from roasted and toasted kernels (most common type)",49.7
Nut and Seed Products,"Iron, Fe","Seeds, pumpkin and squash seed kernels, dried",49.0
Nut and Seed Products,"Iron, Fe","Seeds, pumpkin and squash seed kernels, roasted, with salt added",44.8
Nut and Seed Products,"Iron, Fe","Seeds, pumpkin and squash seed kernels, roasted, without salt",44.8
Nut and Seed Products,"Iron, Fe","Seeds, hemp seed, hulled",44.2
Nut and Seed Products,"Iron, Fe","Seeds, sesame seed kernels, toasted, with salt added (decorticated)",43.2
Nut and Seed Products,"Iron, Fe","Seeds, sesame seed kernels, toasted, without salt added (decorticated)",43.2
Nut and Seed Products,"Iron, Fe","Seeds, chia seeds, dried",42.9
Nut and Seed Products,Isoleucine,"Seeds, sunflower seed flour, partially defatted",171.6
Nut and Seed Products,Isoleucine,"Seeds, sesame flour, low-fat",154.1
Nut and Seed Products,Isoleucine,"Seeds, sesame flour, partially defatted",123.9
Nut and Seed Products,Isoleucine,"Seeds, safflower seed meal, partially defatted",112.8
Nut and Seed Products,Isoleucine,"Seeds, watermelon seed kernels, dried",95.9
Nut and Seed Products,Isoleucine,"Seeds, sesame flour, high-fat",94.6
Nut and Seed Products,Isoleucine,"Seeds, hemp seed, hulled",91.9
Nut and Seed Products,Isoleucine,"Seeds, pumpkin and squash seed kernels, dried",91.5
Nut and Seed Products,Isoleucine,"Seeds, pumpkin and squash seed kernels, roasted, with salt added",90.4
Nut and Seed Products,Isoleucine,"Seeds, pumpkin and squash seed kernels, roasted, without salt",90.4
Nut and Seed Products,Isoleucine,"Nuts, butternuts, dried",84.2
Nut and Seed Products,Isoleucine,"Seeds, cottonseed kernels, roasted (glandless)",83.9
Nut and Seed Products,Isoleucine,"Seeds, sunflower seed kernels, dried",81.4
Nut and Seed Products,Isoleucine,"Seeds, sunflower seed kernels, oil roasted, with salt added",71.6
Nut and Seed Products,Isoleucine,"Seeds, sunflower seed kernels, oil roasted, without salt",71.6
Nut and Seed Products,Leucine,"Seeds, sesame flour, low-fat",140.7
Nut and Seed Products,Leucine,"Seeds, sunflower seed flour, partially defatted",128.2
Nut and Seed Products,Leucine,"Seeds, sesame flour, partially defatted",113.1
Nut and Seed Products,Leucine,"Seeds, safflower seed meal, partially defatted",93.0
Nut and Seed Products,Leucine,"Seeds, pumpkin and squash seed kernels, dried",88.6
Nut and Seed Products,Leucine,"Seeds, pumpkin and squash seed kernels, roasted, with salt added",87.5
Nut and Seed Products,Leucine,"Seeds, pumpkin and squash seed kernels, roasted, without salt",87.5
Nut and Seed Products,Leucine,"Seeds, sesame flour, high-fat",86.4
Nut and Seed Products,Leucine,"Seeds, cottonseed kernels, roasted (glandless)",81.5
Nut and Seed Products,Leucine,"Nuts, butternuts, dried",80.5
Nut and Seed Products,Leucine,"Seeds, hemp seed, hulled",79.2
Nut and Seed Products,Leucine,"Seeds, watermelon seed kernels, dried",78.7
Nut and Seed Products,Leucine,"Nuts, walnuts, black, dried",61.7
Nut and Seed Products,Leucine,"Nuts, pistachio nuts, dry roasted, with salt added",61.4
Nut and Seed Products,Leucine,"Nuts, pistachio nuts, dry roasted, without salt added",61.4
Nut and Seed Products,Lysine,"Seeds, sunflower seed flour, partially defatted",94.1
Nut and Seed Products,Lysine,"Seeds, cottonseed kernels, roasted (glandless)",78.8
Nut and Seed Products,Lysine,"Seeds, sesame flour, low-fat",76.6
Nut and Seed Products,Lysine,"Seeds, pumpkin and squash seeds, whole, roasted, with salt added",66.0
Nut and Seed Products,Lysine,"Seeds, pumpkin and squash seeds, whole, roasted, without salt",66.0
Nut and Seed Products,Lysine,"Seeds, sesame flour, partially defatted",61.6
Nut and Seed Products,Lysine,"Seeds, hemp seed, hulled",60.8
Nut and Seed Products,Lysine,"Seeds, pumpkin and squash seed kernels, dried",58.9
Nut and Seed Products,Lysine,"Seeds, pumpkin and squash seed kernels, roasted, with salt added",58.1
Nut and Seed Products,Lysine,"Seeds, pumpkin and squash seed kernels, roasted, without salt",58.1
Nut and Seed Products,Lysine,"Nuts, pistachio nuts, dry roasted, with salt added",56.6
Nut and Seed Products,Lysine,"Nuts, pistachio nuts, dry roasted, without salt added",56.6
Nut and Seed Products,Lysine,"Seeds, safflower seed meal, partially defatted",56.0
Nut and Seed Products,Lysine,"Nuts, pistachio nuts, raw",54.2
Nut and Seed Products,Lysine,"Seeds, sesame flour, high-fat",47.0
Nut and Seed Products,"Magnesium, Mg","Seeds, hemp seed, hulled",200.0
Nut and Seed Products,"Magnesium, Mg","Seeds, pumpkin and squash seed kernels, dried",169.1
Nut and Seed Products,"Magnesium, Mg","Seeds, pumpkin and squash seed kernels, roasted, with salt added",157.1
Nut and Seed Products,"Magnesium, Mg","Seeds, pumpkin and squash seed kernels, roasted, without salt",157.1
Nut and Seed Products,"Magnesium, Mg","Seeds, watermelon seed kernels, dried",147.1
Nut and Seed Products,"Magnesium, Mg","Seeds, cottonseed kernels, roasted (glandless)",125.7
Nut and Seed Products,"Magnesium, Mg","Seeds, flaxseed",112.0
Nut and Seed Products,"Magnesium, Mg","Nuts, brazilnuts, dried, unblanched",107.4
Nut and Seed Products,"Magnesium, Mg","Seeds, sesame flour, partially defatted",103.4
Nut and Seed Products,"Magnesium, Mg","Seeds, sesame butter, paste",103.4
Nut and Seed Products,"Magnesium, Mg","Seeds, sesame flour, high-fat",103.1
Nut and Seed Products,"Magnesium, Mg","Seeds, sesame seeds, whole, roasted and toasted",101.7
Nut and Seed Products,"Magnesium, Mg","Seeds, sesame butter, tahini, from unroasted kernels (non-chemically removed seed coat)",100.9
Nut and Seed Products,"Magnesium, Mg","Seeds, safflower seed kernels, dried",100.9
Nut and Seed Products,"Magnesium, Mg","Seeds, sesame seeds, whole, dried",100.3
Nut and Seed Products,Methionine,"Seeds, sesame flour, low-fat",157.7
Nut and Seed Products,Methionine,"Seeds, sesame flour, partially defatted",126.8
Nut and Seed Products,Methionine,"Nuts, brazilnuts, dried, unblanched",107.0
Nut and Seed Products,Methionine,"Seeds, sunflower seed flour, partially defatted",99.3
Nut and Seed Products,Methionine,"Seeds, sesame flour, high-fat",96.8
Nut and Seed Products,Methionine,"Seeds, hemp seed, hulled",88.9
Nut and Seed Products,Methionine,"Seeds, sesame seed kernels, dried (decorticated)",83.8
Nut and Seed Products,Methionine,"Seeds, watermelon seed kernels, dried",79.4
Nut and Seed Products,Methionine,"Seeds, safflower seed meal, partially defatted",59.5
Nut and Seed Products,Methionine,"Nuts, butternuts, dried",58.2
Nut and Seed Products,Methionine,"Seeds, pumpkin and squash seed kernels, dried",57.4
Nut and Seed Products,Methionine,"Seeds, sesame butter, paste",56.9
Nut and Seed Products,Methionine,"Seeds, pumpkin and squash seed kernels, roasted, with salt added",56.7
Nut and Seed Products,Methionine,"Seeds, pumpkin and squash seed kernels, roasted, without salt",56.7
Nut and Seed Products,Methionine,"Seeds, sesame butter, tahini, from unroasted kernels (non-chemically removed seed coat)",56.5
Nut and Seed Products,Niacin,"Seeds, sisymbrium sp. seeds, whole, dried",91.0
Nut and Seed Products,Niacin,"Seeds, sesame flour, high-fat",72.3
Nut and Seed Products,Niacin,"Seeds, sesame meal, partially defatted",69.4
Nut and Seed Products,Niacin,"Seeds, sesame flour, partially defatted",68.2
Nut and Seed Products,Niacin,"Seeds, sesame flour, low-fat",67.8
Nut and Seed Products,Niacin,"Nuts, ginkgo nuts, dried",63.5
Nut and Seed Products,Niacin,"Seeds, hemp seed, hulled",49.8
Nut and Seed Products,Niacin,"Seeds, chia seeds, dried",47.8
Nut and Seed Products,Niacin,"Seeds, sunflower seed kernels, dried",45.1
Nut and Seed Products,Niacin,"Nuts, mixed nuts, oil roasted, with peanuts, with salt added",41.7
Nut and Seed Products,Niacin,"Nuts, mixed nuts, oil roasted, with peanuts, lightly salted",41.7
Nut and Seed Products,Niacin,"Nuts, mixed nuts, oil roasted, with peanuts, without salt added",41.7
Nut and Seed Products,Niacin,"Seeds, breadfruit seeds, roasted",40.0
Nut and Seed Products,Niacin,"Seeds, sunflower seed flour, partially defatted",39.6
Nut and Seed Products,Niacin,"Seeds, sunflower seed kernels from shell, dry roasted, with salt added",38.1
Nut and Seed Products,PUFA 18:2,"Nuts, walnuts, english",476.2
Nut and Seed Products,PUFA 18:2,"Seeds, sunflower seed kernels, toasted, with salt added",467.4
Nut and Seed Products,PUFA 18:2,"Seeds, sunflower seed kernels, toasted, without salt",467.4
Nut and Seed Products,PUFA 18:2,"Nuts, walnuts, dry roasted, with salt added",446.1
Nut and Seed Products,PUFA 18:2,"Seeds, sunflower seed kernels, oil roasted, with salt added",427.6
Nut and Seed Products,PUFA 18:2,"Seeds, sunflower seed kernels, oil roasted, without salt",427.6
Nut and Seed Products,PUFA 18:2,"Nuts, walnuts, black, dried",422.0
Nut and Seed Products,PUFA 18:2,"Nuts, butternuts, dried",421.6
Nut and Seed Products,PUFA 18:2,"Nuts, pine nuts, dried",414.4
Nut and Seed Products,PUFA 18:2,"Seeds, sunflower seed kernels from shell, dry roasted, with salt added",409.8
Nut and Seed Products,PUFA 18:2,"Seeds, sunflower seed kernels, dry roasted, with salt added",409.8
Nut and Seed Products,PUFA 18:2,"Seeds, sunflower seed kernels, dry roasted, without salt",409.8
Nut and Seed Products,PUFA 18:2,"Seeds, watermelon seed kernels, dried",351.2
Nut and Seed Products,PUFA 18:2,"Seeds, safflower seed kernels, dried",351.1
Nut and Seed Products,PUFA 18:2,"Seeds, hemp seed, hulled",343.2
Nut and Seed Products,PUFA 18:3,"Seeds, flaxseed",570.3
Nut and Seed Products,PUFA 18:3,"Seeds, chia seeds, dried",445.7
Nut and Seed Products,PUFA 18:3,"Seeds, hemp seed, hulled",250.6
Nut and Seed Products,PUFA 18:3,"Nuts, walnuts, english",227.0
Nut and Seed Products,PUFA 18:3,"Nuts, butternuts, dried",217.9
Nut and Seed Products,PUFA 18:3,"Nuts, walnuts, dry roasted, with salt added",212.3
Nut and Seed Products,PUFA 18:3,"Nuts, walnuts, black, dried",66.9
Nut and Seed Products,PUFA 18:3,"Nuts, mixed nuts, dry roasted, with peanuts, salt added, CHOSEN ROASTER",50.6
Nut and Seed Products,PUFA 18:3,"Nuts, formulated, wheat-based, all flavors except macadamia, without salt",44.4
Nut and Seed Products,PUFA 18:3,"Nuts, beechnuts, dried",42.5
Nut and Seed Products,PUFA 18:3,"Nuts, formulated, wheat-based, unflavored, with salt added",42.2
Nut and Seed Products,PUFA 18:3,"Seeds, sisymbrium sp. seeds, whole, dried",36.3
Nut and Seed Products,PUFA 18:3,"Nuts, hickorynuts, dried",26.2
Nut and Seed Products,PUFA 18:3,"Nuts, pecans, oil roasted, with salt added",25.8
Nut and Seed Products,PUFA 18:3,"Nuts, pecans, oil roasted, without salt added",25.8
Nut and Seed Products,Pantothenic acid,"Seeds, sunflower seed kernels, toasted, with salt added",141.1
Nut and Seed Products,Pantothenic acid,"Seeds, sunflower seed kernels, toasted, without salt",141.1
Nut and Seed Products,Pantothenic acid,"Seeds, sunflower seed kernels from shell, dry roasted, with salt added",140.8
Nut and Seed Products,Pantothenic acid,"Seeds, sunflower seed kernels, dry roasted, with salt added",140.8
Nut and Seed Products,Pantothenic acid,"Seeds, sunflower seed kernels, dry roasted, without salt",140.8
Nut and Seed Products,Pantothenic acid,"Seeds, sunflower seed kernels, oil roasted, with salt added",138.8
Nut and Seed Products,Pantothenic acid,"Seeds, sunflower seed kernels, oil roasted, without salt",138.8
Nut and Seed Products,Pantothenic acid,"Seeds, sunflower seed flour, partially defatted",131.9
Nut and Seed Products,Pantothenic acid,"Seeds, safflower seed kernels, dried",80.6
Nut and Seed Products,Pantothenic acid,"Seeds, safflower seed meal, partially defatted",79.9
Nut and Seed Products,Pantothenic acid,"Seeds, sesame flour, high-fat",58.6
Nut and Seed Products,Pantothenic acid,"Seeds, sesame meal, partially defatted",56.1
Nut and Seed Products,Pantothenic acid,"Seeds, sesame flour, partially defatted",55.2
Nut and Seed Products,Pantothenic acid,"Seeds, sesame flour, low-fat",54.9
Nut and Seed Products,Pantothenic acid,"Seeds, breadnut tree seeds, dried",37.5
Nut and Seed Products,Phenylalanine,"Seeds, sesame flour, low-fat",151.9
Nut and Seed Products,Phenylalanine,"Seeds, sunflower seed flour, partially defatted",140.9
Nut and Seed Products,Phenylalanine,"Seeds, sesame flour, partially defatted",122.2
Nut and Seed Products,Phenylalanine,"Seeds, watermelon seed kernels, dried",116.1
Nut and Seed Products,Phenylalanine,"Seeds, cottonseed kernels, roasted (glandless)",115.9
Nut and Seed Products,Phenylalanine,"Seeds, safflower seed meal, partially defatted",101.4
Nut and Seed Products,Phenylalanine,"Seeds, pumpkin and squash seed kernels, dried",99.0
Nut and Seed Products,Phenylalanine,"Seeds, pumpkin and squash seed kernels, roasted, with salt added",97.8
Nut and Seed Products,Phenylalanine,"Seeds, pumpkin and squash seed kernels, roasted, without salt",97.8
Nut and Seed Products,Phenylalanine,"Seeds, sesame flour, high-fat",93.3
Nut and Seed Products,Phenylalanine,"Seeds, hemp seed, hulled",82.7
Nut and Seed Products,Phenylalanine,"Nuts, butternuts, dried",82.4
Nut and Seed Products,Phenylalanine,"Nuts, mixed nuts, oil roasted, with peanuts, with salt added",67.5
Nut and Seed Products,Phenylalanine,"Nuts, mixed nuts, oil roasted, with peanuts, lightly salted",67.5
Nut and Seed Products,Phenylalanine,"Nuts, mixed nuts, oil roasted, with peanuts, without salt added",67.5
Nut and Seed Products,"Phosphorus, P","Seeds, hemp seed, hulled",300.0
Nut and Seed Products,"Phosphorus, P","Seeds, pumpkin and squash seed kernels, dried",224.2
Nut and Seed Products,"Phosphorus, P","Seeds, pumpkin and squash seed kernels, roasted, with salt added",213.5
Nut and Seed Products,"Phosphorus, P","Seeds, pumpkin and squash seed kernels, roasted, without salt",213.5
Nut and Seed Products,"Phosphorus, P","Seeds, sunflower seed kernels, toasted, with salt added",210.5
Nut and Seed Products,"Phosphorus, P","Seeds, sunflower seed kernels, toasted, without salt",210.5
Nut and Seed Products,"Phosphorus, P","Seeds, sunflower seed kernels from shell, dry roasted, with salt added",210.0
Nut and Seed Products,"Phosphorus, P","Seeds, sunflower seed kernels, dry roasted, with salt added",210.0
Nut and Seed Products,"Phosphorus, P","Seeds, sunflower seed kernels, dry roasted, without salt",210.0
Nut and Seed Products,"Phosphorus, P","Seeds, sunflower seed kernels, oil roasted, with salt added",207.1
Nut and Seed Products,"Phosphorus, P","Seeds, sunflower seed kernels, oil roasted, without salt",207.1
Nut and Seed Products,"Phosphorus, P","Seeds, chia seeds, dried",156.4
Nut and Seed Products,"Phosphorus, P","Seeds, sesame flour, partially defatted",147.3
Nut and Seed Products,"Phosphorus, P","Seeds, sesame flour, high-fat",146.7
Nut and Seed Products,"Phosphorus, P","Seeds, cottonseed kernels, roasted (glandless)",145.5
Nut and Seed Products,"Potassium, K","Seeds, sisymbrium sp. seeds, whole, dried",60.9
Nut and Seed Products,"Potassium, K","Seeds, breadnut tree seeds, dried",57.5
Nut and Seed Products,"Potassium, K","Seeds, lotus seeds, dried",39.1
Nut and Seed Products,"Potassium, K","Seeds, cottonseed kernels, roasted (glandless)",38.6
Nut and Seed Products,"Potassium, K","Seeds, hemp seed, hulled",34.3
Nut and Seed Products,"Potassium, K","Seeds, breadnut tree seeds, raw",33.8
Nut and Seed Products,"Potassium, K","Seeds, breadfruit seeds, roasted",30.9
Nut and Seed Products,"Potassium, K","Nuts, pistachio nuts, raw",29.3
Nut and Seed Products,"Potassium, K","Nuts, beechnuts, dried",29.1
Nut and Seed Products,"Potassium, K","Nuts, pistachio nuts, dry roasted, with salt added",28.8
Nut and Seed Products,"Potassium, K","Nuts, pistachio nuts, dry roasted, without salt added",28.8
Nut and Seed Products,"Potassium, K","Nuts, ginkgo nuts, dried",28.5
Nut and Seed Products,"Potassium, K","Nuts, chestnuts, european, dried, peeled",28.3
Nut and Seed Products,"Potassium, K","Nuts, chestnuts, european, dried, unpeeled",28.2
Nut and Seed Products,"Potassium, K","Seeds, breadfruit seeds, raw",26.9
Nut and Seed Products,Protein,"Seeds, sesame flour, low-fat",86.3
Nut and Seed Products,Protein,"Seeds, sunflower seed flour, partially defatted",82.7
Nut and Seed Products,Protein,"Seeds, sesame flour, partially defatted",69.4
Nut and Seed Products,Protein,"Seeds, safflower seed meal, partially defatted",61.3
Nut and Seed Products,Protein,"Seeds, cottonseed kernels, roasted (glandless)",56.1
Nut and Seed Products,Protein,"Seeds, hemp seed, hulled",54.3
Nut and Seed Products,Protein,"Seeds, sesame flour, high-fat",53.0
Nut and Seed Products,Protein,"Seeds, pumpkin and squash seed kernels, dried",52.0
Nut and Seed Products,Protein,"Seeds, pumpkin and squash seed kernels, roasted, with salt added",51.4
Nut and Seed Products,Protein,"Seeds, pumpkin and squash seed kernels, roasted, without salt",51.4
Nut and Seed Products,Protein,"Seeds, watermelon seed kernels, dried",48.8
Nut and Seed Products,Protein,"Nuts, butternuts, dried",42.9
Nut and Seed Products,Protein,"Nuts, walnuts, black, dried",41.4
Nut and Seed Products,Protein,"Nuts, mixed nuts, dry roasted, with peanuts, salt added, PLANTERS pistachio blend",40.1
Nut and Seed Products,Protein,"Nuts, almonds, oil roasted, with salt added, smoke flavor",36.9
Nut and Seed Products,Riboflavin,"Nuts, almonds, dry roasted, with salt added",74.8
Nut and Seed Products,Riboflavin,"Nuts, almonds, dry roasted, without salt added",74.8
Nut and Seed Products,Riboflavin,"Nuts, almonds",71.1
Nut and Seed Products,Riboflavin,"Nuts, almonds, honey roasted, unblanched",59.6
Nut and Seed Products,Riboflavin,"Nuts, almond butter, plain, without salt added",58.7
Nut and Seed Products,Riboflavin,"Nuts, almond butter, plain, with salt added",58.7
Nut and Seed Products,Riboflavin,"Nuts, almonds, oil roasted, lightly salted",48.8
Nut and Seed Products,Riboflavin,"Nuts, almonds, oil roasted, with salt added",48.8
Nut and Seed Products,Riboflavin,"Nuts, almonds, oil roasted, without salt added",48.8
Nut and Seed Products,Riboflavin,"Nuts, almonds, blanched",44.4
Nut and Seed Products,Riboflavin,"Nuts, mixed nuts, dry roasted, with peanuts, salt added, PLANTERS pistachio blend",35.6
Nut and Seed Products,Riboflavin,"Seeds, sesame butter, tahini, from raw and stone ground kernels",31.9
Nut and Seed Products,Riboflavin,"Nuts, mixed nuts, oil roasted, without peanuts, with salt added",30.4
Nut and Seed Products,Riboflavin,"Nuts, mixed nuts, oil roasted, without peanuts, without salt added",30.4
Nut and Seed Products,Riboflavin,"Seeds, sesame butter, tahini, from roasted and toasted kernels (most common type)",29.6
Nut and Seed Products,"Selenium, Se","Nuts, brazilnuts, dried, unblanched",2738.6
Nut and Seed Products,"Selenium, Se","Nuts, mixed nuts, oil roasted, without peanuts, with salt added",602.1
Nut and Seed Products,"Selenium, Se","Nuts, mixed nuts, oil roasted, without peanuts, lightly salted",198.7
Nut and Seed Products,"Selenium, Se","Seeds, sunflower seed butter, with salt added (Includes foods for USDA's Food Distribution Program)",149.1
Nut and Seed Products,"Selenium, Se","Seeds, sunflower seed butter, without salt",149.1
Nut and Seed Products,"Selenium, Se","Seeds, sunflower seed kernels from shell, dry roasted, with salt added",113.3
Nut and Seed Products,"Selenium, Se","Seeds, sunflower seed kernels, dry roasted, with salt added",113.3
Nut and Seed Products,"Selenium, Se","Seeds, sunflower seed kernels, dry roasted, without salt",113.3
Nut and Seed Products,"Selenium, Se","Seeds, sunflower seed kernels, oil roasted, with salt added",111.7
Nut and Seed Products,"Selenium, Se","Seeds, sunflower seed kernels, oil roasted, without salt",111.7
Nut and Seed Products,"Selenium, Se","Seeds, sunflower seed kernels, toasted, with salt added",88.9
Nut and Seed Products,"Selenium, Se","Seeds, sunflower seed flour, partially defatted",83.1
Nut and Seed Products,"Selenium, Se","Seeds, chia seeds, dried",78.9
Nut and Seed Products,"Selenium, Se","Seeds, sunflower seed kernels, dried",75.7
Nut and Seed Products,"Selenium, Se","Seeds, sesame butter, paste",50.7
Nut and Seed Products,"Sodium, Na","Seeds, sunflower seed kernels from shell, dry roasted, with salt added",250.3
Nut and Seed Products,"Sodium, Na","Seeds, pumpkin and squash seeds, whole, roasted, with salt added",105.9
Nut and Seed Products,"Sodium, Na","Seeds, sunflower seed kernels, dry roasted, with salt added",27.3
Nut and Seed Products,"Sodium, Na","Nuts, walnuts, dry roasted, with salt added",26.8
Nut and Seed Products,"Sodium, Na","Nuts, cashew nuts, dry roasted, with salt added",26.7
Nut and Seed Products,"Sodium, Na","Seeds, sunflower seed kernels, toasted, with salt added",25.5
Nut and Seed Products,"Sodium, Na","Seeds, sesame seed kernels, toasted, with salt added (decorticated)",24.5
Nut and Seed Products,"Sodium, Na","Nuts, almonds, oil roasted, with salt added, smoke flavor",22.8
Nut and Seed Products,"Sodium, Na","Nuts, formulated, wheat-based, unflavored, with salt added",21.0
Nut and Seed Products,"Sodium, Na","Nuts, walnuts, glazed",18.6
Nut and Seed Products,"Sodium, Na","Nuts, pistachio nuts, dry roasted, with salt added",17.8
Nut and Seed Products,"Sodium, Na","Nuts, pecans, oil roasted, with salt added",16.4
Nut and Seed Products,"Sodium, Na","Nuts, pecans, dry roasted, with salt added",16.0
Nut and Seed Products,"Sodium, Na","Nuts, macadamia nuts, dry roasted, with salt added",14.7
Nut and Seed Products,"Sodium, Na","Nuts, mixed nuts, dry roasted, with peanuts, with salt added",14.4
Nut and Seed Products,Thiamin,"Seeds, sunflower seed flour, partially defatted",284.6
Nut and Seed Products,Thiamin,"Seeds, sesame flour, high-fat",239.6
Nut and Seed Products,Thiamin,"Seeds, sesame meal, partially defatted",229.7
Nut and Seed Products,Thiamin,"Seeds, sesame flour, partially defatted",225.9
Nut and Seed Products,Thiamin,"Seeds, sesame flour, low-fat",224.6
Nut and Seed Products,Thiamin,"Seeds, flaxseed",146.8
Nut and Seed Products,Thiamin,"Seeds, sesame butter, tahini, type of kernels unspecified",142.0
Nut and Seed Products,Thiamin,"Seeds, sesame butter, tahini, from unroasted kernels (non-chemically removed seed coat)",141.7
Nut and Seed Products,Thiamin,"Seeds, sunflower seed kernels, dried",132.1
Nut and Seed Products,Thiamin,"Seeds, sesame butter, tahini, from raw and stone ground kernels",114.6
Nut and Seed Products,Thiamin,"Seeds, hemp seed, hulled",113.8
Nut and Seed Products,Thiamin,"Nuts, pine nuts, pinyon, dried",111.0
Nut and Seed Products,Thiamin,"Seeds, sesame butter, tahini, from roasted and toasted kernels (most common type)",108.9
Nut and Seed Products,Thiamin,"Seeds, sesame seed kernels, toasted, with salt added (decorticated)",107.6
Nut and Seed Products,Thiamin,"Seeds, sesame seed kernels, toasted, without salt added (decorticated)",107.6
Nut and Seed Products,Threonine,"Seeds, sesame flour, low-fat",198.2
Nut and Seed Products,Threonine,"Seeds, sunflower seed flour, partially defatted",186.6
Nut and Seed Products,Threonine,"Seeds, sesame flour, partially defatted",159.4
Nut and Seed Products,Threonine,"Seeds, safflower seed meal, partially defatted",122.9
Nut and Seed Products,Threonine,"Seeds, sesame flour, high-fat",121.7
Nut and Seed Products,Threonine,"Seeds, hemp seed, hulled",120.9
Nut and Seed Products,Threonine,"Seeds, cottonseed kernels, roasted (glandless)",114.8
Nut and Seed Products,Threonine,"Seeds, watermelon seed kernels, dried",105.9
Nut and Seed Products,Threonine,"Seeds, pumpkin and squash seed kernels, dried",95.0
Nut and Seed Products,Threonine,"Seeds, pumpkin and squash seed kernels, roasted, with salt added",93.8
Nut and Seed Products,Threonine,"Seeds, pumpkin and squash seed kernels, roasted, without salt",93.8
Nut and Seed Products,Threonine,"Nuts, butternuts, dried",89.5
Nut and Seed Products,Threonine,"Seeds, sunflower seed kernels, dried",88.4
Nut and Seed Products,Threonine,"Seeds, sunflower seed kernels, oil roasted, with salt added",77.8
Nut and Seed Products,Threonine,"Seeds, sunflower seed kernels, oil roasted, without salt",77.8
Nut and Seed Products,Total lipid (fat),"Nuts, pilinuts, dried",63.9
Nut and Seed Products,Total lipid (fat),"Nuts, macadamia nuts, dry roasted, with salt added",61.1
Nut and Seed Products,Total lipid (fat),"Nuts, macadamia nuts, dry roasted, without salt added",61.1
Nut and Seed Products,Total lipid (fat),"Nuts, macadamia nuts, raw",60.9
Nut and Seed Products,Total lipid (fat),"Nuts, pecans, oil roasted, with salt added",60.5
Nut and Seed Products,Total lipid (fat),"Nuts, pecans, oil roasted, without salt added",60.5
Nut and Seed Products,Total lipid (fat),"Nuts, pecans, dry roasted, with salt added",59.7
Nut and Seed Products,Total lipid (fat),"Nuts, pecans, dry roasted, without salt added",59.7
Nut and Seed Products,Total lipid (fat),"Nuts, pecans",57.8
Nut and Seed Products,Total lipid (fat),"Nuts, coconut meat, dried (desiccated), creamed",55.5
Nut and Seed Products,Total lipid (fat),"Nuts, pine nuts, dried",54.9
Nut and Seed Products,Total lipid (fat),"Nuts, brazilnuts, dried, unblanched",53.9
Nut and Seed Products,Total lipid (fat),"Nuts, walnuts, english",52.4
Nut and Seed Products,Total lipid (fat),"Nuts, coconut meat, dried (desiccated), not sweetened",51.9
Nut and Seed Products,Total lipid (fat),"Nuts, hickorynuts, dried",51.7
Nut and Seed Products,Tryptophan,"Seeds, sesame flour, low-fat",391.8
Nut and Seed Products,Tryptophan,"Seeds, sesame flour, partially defatted",315.0
Nut and Seed Products,Tryptophan,"Seeds, sunflower seed flour, partially defatted",262.5
Nut and Seed Products,Tryptophan,"Seeds, sesame flour, high-fat",240.7
Nut and Seed Products,Tryptophan,"Seeds, pumpkin and squash seed kernels, dried",205.7
Nut and Seed Products,Tryptophan,"Seeds, pumpkin and squash seed kernels, roasted, with salt added",203.2
Nut and Seed Products,Tryptophan,"Seeds, pumpkin and squash seed kernels, roasted, without salt",203.2
Nut and Seed Products,Tryptophan,"Seeds, cottonseed kernels, roasted (glandless)",175.7
Nut and Seed Products,Tryptophan,"Seeds, chia seeds, dried",155.7
Nut and Seed Products,Tryptophan,"Seeds, safflower seed meal, partially defatted",143.9
Nut and Seed Products,Tryptophan,"Seeds, sesame butter, paste",141.4
Nut and Seed Products,Tryptophan,"Seeds, sesame butter, tahini, from unroasted kernels (non-chemically removed seed coat)",140.4
Nut and Seed Products,Tryptophan,"Seeds, watermelon seed kernels, dried",139.3
Nut and Seed Products,Tryptophan,"Seeds, sesame butter, tahini, from raw and stone ground kernels",139.3
Nut and Seed Products,Tryptophan,"Seeds, sesame seeds, whole, dried",138.6
Nut and Seed Products,Valine,"Seeds, sesame flour, low-fat",153.8
Nut and Seed Products,Valine,"Seeds, sunflower seed flour, partially defatted",152.5
Nut and Seed Products,Valine,"Seeds, safflower seed meal, partially defatted",124.1
Nut and Seed Products,Valine,"Seeds, sesame flour, partially defatted",123.7
Nut and Seed Products,Valine,"Seeds, hemp seed, hulled",97.6
Nut and Seed Products,Valine,"Seeds, sesame flour, high-fat",94.5
Nut and Seed Products,Valine,"Seeds, cottonseed kernels, roasted (glandless)",91.9
Nut and Seed Products,Valine,"Seeds, pumpkin and squash seed kernels, dried",86.8
Nut and Seed Products,Valine,"Seeds, pumpkin and squash seed kernels, roasted, with salt added",85.7
Nut and Seed Products,Valine,"Seeds, pumpkin and squash seed kernels, roasted, without salt",85.7
Nut and Seed Products,Valine,"Seeds, watermelon seed kernels, dried",85.5
Nut and Seed Products,Valine,"Nuts, butternuts, dried",84.7
Nut and Seed Products,Valine,"Seeds, pumpkin and squash seeds, whole, roasted, with salt added",81.9
Nut and Seed Products,Valine,"Seeds, pumpkin and squash seeds, whole, roasted, without salt",81.9
Nut and Seed Products,Valine,"Seeds, sunflower seed kernels, dried",72.3
Nut and Seed Products,"Vitamin A, RAE","Nuts, ginkgo nuts, dried",7.3
Nut and Seed Products,"Vitamin A, RAE","Nuts, ginkgo nuts, raw",3.7
Nut and Seed Products,"Vitamin A, RAE","Nuts, pistachio nuts, raw",3.5
Nut and Seed Products,"Vitamin A, RAE","Seeds, cottonseed kernels, roasted (glandless)",2.9
Nut and Seed Products,"Vitamin A, RAE","Nuts, ginkgo nuts, canned",2.3
Nut and Seed Products,"Vitamin A, RAE","Nuts, chestnuts, chinese, dried",2.1
Nut and Seed Products,"Vitamin A, RAE","Seeds, breadfruit seeds, roasted",2.0
Nut and Seed Products,"Vitamin A, RAE","Nuts, pistachio nuts, dry roasted, with salt added",1.7
Nut and Seed Products,"Vitamin A, RAE","Seeds, breadfruit seeds, raw",1.7
Nut and Seed Products,"Vitamin A, RAE","Nuts, pistachio nuts, dry roasted, without salt added",1.7
Nut and Seed Products,"Vitamin A, RAE","Seeds, breadfruit seeds, boiled",1.6
Nut and Seed Products,"Vitamin A, RAE","Seeds, breadnut tree seeds, raw",1.6
Nut and Seed Products,"Vitamin A, RAE","Seeds, breadnut tree seeds, dried",1.5
Nut and Seed Products,"Vitamin A, RAE","Nuts, chestnuts, chinese, raw",1.3
Nut and Seed Products,"Vitamin A, RAE","Nuts, pecans, dry roasted, with salt added",0.9
Nut and Seed Products,Vitamin B-6,"Nuts, pistachio nuts, raw",100.0
Nut and Seed Products,Vitamin B-6,"Seeds, sunflower seed kernels, dried",79.1
Nut and Seed Products,Vitamin B-6,"Seeds, safflower seed kernels, dried",68.8
Nut and Seed Products,Vitamin B-6,"Seeds, safflower seed meal, partially defatted",68.3
Nut and Seed Products,Vitamin B-6,"Nuts, pistachio nuts, dry roasted, with salt added",66.0
Nut and Seed Products,Vitamin B-6,"Nuts, pistachio nuts, dry roasted, without salt added",66.0
Nut and Seed Products,Vitamin B-6,"Seeds, sesame butter, paste",48.0
Nut and Seed Products,Vitamin B-6,"Seeds, sunflower seed kernels, toasted, with salt added",47.4
Nut and Seed Products,Vitamin B-6,"Seeds, sunflower seed kernels, toasted, without salt",47.4
Nut and Seed Products,Vitamin B-6,"Seeds, sunflower seed kernels from shell, dry roasted, with salt added",47.3
Nut and Seed Products,Vitamin B-6,"Seeds, sunflower seed kernels, dry roasted, with salt added",47.3
Nut and Seed Products,Vitamin B-6,"Seeds, sunflower seed kernels, dry roasted, without salt",47.3
Nut and Seed Products,Vitamin B-6,"Seeds, sesame seeds, whole, roasted and toasted",47.2
Nut and Seed Products,Vitamin B-6,"Seeds, sunflower seed kernels, oil roasted, with salt added",46.6
Nut and Seed Products,Vitamin B-6,"Seeds, sunflower seed kernels, oil roasted, without salt",46.6
Nut and Seed Products,"Vitamin C, total ascorbic acid","Nuts, chestnuts, japanese, dried",55.7
Nut and Seed Products,"Vitamin C, total ascorbic acid","Nuts, chestnuts, chinese, dried",53.2
Nut and Seed Products,"Vitamin C, total ascorbic acid","Seeds, breadnut tree seeds, dried",42.4
Nut and Seed Products,"Vitamin C, total ascorbic acid","Nuts, chestnuts, european, raw, unpeeled",39.1
Nut and Seed Products,"Vitamin C, total ascorbic acid","Nuts, chestnuts, european, raw, peeled",36.5
Nut and Seed Products,"Vitamin C, total ascorbic acid","Nuts, chestnuts, chinese, roasted",34.9
Nut and Seed Products,"Vitamin C, total ascorbic acid","Nuts, chestnuts, chinese, raw",32.7
Nut and Seed Products,"Vitamin C, total ascorbic acid","Seeds, sisymbrium sp. seeds, whole, dried",27.9
Nut and Seed Products,"Vitamin C, total ascorbic acid","Nuts, ginkgo nuts, dried",26.6
Nut and Seed Products,"Vitamin C, total ascorbic acid","Nuts, chestnuts, japanese, roasted",25.5
Nut and Seed Products,"Vitamin C, total ascorbic acid","Seeds, breadnut tree seeds, raw",24.9
Nut and Seed Products,"Vitamin C, total ascorbic acid","Nuts, chestnuts, european, boiled and steamed",24.3
Nut and Seed Products,"Vitamin C, total ascorbic acid","Nuts, chestnuts, japanese, raw",23.9
Nut and Seed Products,"Vitamin C, total ascorbic acid","Nuts, chestnuts, european, roasted",23.6
Nut and Seed Products,"Vitamin C, total ascorbic acid","Nuts, chestnuts, chinese, boiled and steamed",22.5
Nut and Seed Products,Vitamin K (phylloquinone),"Nuts, pine nuts, dried",77.0
Nut and Seed Products,Vitamin K (phylloquinone),"Nuts, cashew nuts, dry roasted, with salt added",49.6
Nut and Seed Products,Vitamin K (phylloquinone),"Nuts, cashew nuts, oil roasted, with salt added",49.6
Nut and Seed Products,Vitamin K (phylloquinone),"Nuts, cashew nuts, dry roasted, without salt added",49.6
Nut and Seed Products,Vitamin K (phylloquinone),"Nuts, cashew nuts, oil roasted, without salt added",49.6
Nut and Seed Products,Vitamin K (phylloquinone),"Nuts, cashew nuts, raw",48.7
Nut and Seed Products,Vitamin K (phylloquinone),"Nuts, cashew butter, plain, with salt added",43.3
Nut and Seed Products,Vitamin K (phylloquinone),"Nuts, mixed nuts, oil roasted, without peanuts, with salt added",25.6
Nut and Seed Products,Vitamin K (phylloquinone),"Nuts, hazelnuts or filberts",20.3
Nut and Seed Products,Vitamin K (phylloquinone),"Nuts, pistachio nuts, dry roasted, with salt added",18.9
Nut and Seed Products,Vitamin K (phylloquinone),"Nuts, pistachio nuts, dry roasted, without salt added",18.9
Nut and Seed Products,Vitamin K (phylloquinone),"Nuts, mixed nuts, dry roasted, with peanuts, with salt added",18.4
Nut and Seed Products,Vitamin K (phylloquinone),"Nuts, mixed nuts, dry roasted, with peanuts, without salt added",17.1
Nut and Seed Products,Vitamin K (phylloquinone),"Nuts, mixed nuts, dry roasted, with peanuts, salt added, PLANTERS pistachio blend",12.7
Nut and Seed Products,Vitamin K (phylloquinone),"Nuts, chestnuts, european, roasted",11.1
Nut and Seed Products,"Zinc, Zn","Seeds, sesame flour, partially defatted",59.8
Nut and Seed Products,"Zinc, Zn","Seeds, sesame flour, high-fat",59.6
Nut and Seed Products,"Zinc, Zn","Seeds, sesame butter, tahini, from unroasted kernels (non-chemically removed seed coat)",58.4
Nut and Seed Products,"Zinc, Zn","Seeds, pumpkin and squash seeds, whole, roasted, with salt added",57.5
Nut and Seed Products,"Zinc, Zn","Seeds, pumpkin and squash seeds, whole, roasted, without salt",57.5
Nut and Seed Products,"Zinc, Zn","Seeds, watermelon seed kernels, dried",57.2
Nut and Seed Products,"Zinc, Zn","Seeds, sesame seed kernels, toasted, with salt added (decorticated)",57.1
Nut and Seed Products,"Zinc, Zn","Seeds, sesame seed kernels, toasted, without salt added (decorticated)",57.1
Nut and Seed Products,"Zinc, Zn","Seeds, sesame meal, partially defatted",57.1
Nut and Seed Products,"Zinc, Zn","Seeds, sesame flour, low-fat",55.9
Nut and Seed Products,"Zinc, Zn","Seeds, hemp seed, hulled",55.3
Nut and Seed Products,"Zinc, Zn","Seeds, pumpkin and squash seed kernels, dried",43.6
Nut and Seed Products,"Zinc, Zn","Seeds, sesame seeds, whole, dried",43.3
Nut and Seed Products,"Zinc, Zn","Seeds, pumpkin and squash seed kernels, roasted, with salt added",42.7
Nut and Seed Products,"Zinc, Zn","Seeds, pumpkin and squash seed kernels, roasted, without salt",42.7
Vegetables and Vegetable Products,"Calcium, Ca","Fireweed, leaves, raw",45.2
Vegetables and Vegetable Products,"Calcium, Ca","Grape leaves, raw",38.2
Vegetables and Vegetable Products,"Calcium, Ca","Lambsquarters, raw",32.5
Vegetables and Vegetable Products,"Calcium, Ca","Epazote, raw",28.9
Vegetables and Vegetable Products,"Calcium, Ca","Lambsquarters, cooked, boiled, drained, with salt",27.2
Vegetables and Vegetable Products,"Calcium, Ca","Lambsquarters, cooked, boiled, drained, without salt",27.2
Vegetables and Vegetable Products,"Calcium, Ca","Kale, raw",26.7
Vegetables and Vegetable Products,"Calcium, Ca","Winged bean leaves, raw",23.6
Vegetables and Vegetable Products,"Calcium, Ca","Amaranth leaves, raw",22.6
Vegetables and Vegetable Products,"Calcium, Ca","Jute, potherb, cooked, boiled, drained, without salt",22.2
Vegetables and Vegetable Products,"Calcium, Ca","Jute, potherb, cooked, boiled, drained, with salt",22.2
Vegetables and Vegetable Products,"Calcium, Ca","Mustard spinach, (tendergreen), raw",22.1
Vegetables and Vegetable Products,"Calcium, Ca","Amaranth leaves, cooked, boiled, drained, with salt",22.0
Vegetables and Vegetable Products,"Calcium, Ca","Amaranth leaves, cooked, boiled, drained, without salt",22.0
Vegetables and Vegetable Products,"Calcium, Ca","Jute, potherb, raw",21.9
Vegetables and Vegetable Products,Cholesterol,Spinach souffle,39.3
Vegetables and Vegetable Products,Cholesterol,Potato pancakes,31.7
Vegetables and Vegetable Products,Cholesterol,"Corn pudding, home prepared",24.0
Vegetables and Vegetable Products,Cholesterol,"Potato salad, home-prepared",22.7
Vegetables and Vegetable Products,Cholesterol,"Potatoes, mashed, ready-to-eat",4.3
Vegetables and Vegetable Products,Cholesterol,"Sweet potato, cooked, candied, home-prepared",3.0
Vegetables and Vegetable Products,Cholesterol,"Potatoes, o'brien, home-prepared",1.3
Vegetables and Vegetable Products,Cholesterol,"Potatoes, hash brown, refrigerated, unprepared",0.0
Vegetables and Vegetable Products,Cholesterol,"Hearts of palm, raw",0.0
Vegetables and Vegetable Products,Cholesterol,"Sweet Potato puffs, frozen, unprepared",0.0
Vegetables and Vegetable Products,Cholesterol,"Alfalfa seeds, sprouted, raw",0.0
Vegetables and Vegetable Products,Cholesterol,"Amaranth leaves, raw",0.0
Vegetables and Vegetable Products,Cholesterol,"Artichokes, (globe or french), cooked, boiled, drained, without salt",0.0
Vegetables and Vegetable Products,Cholesterol,"Artichokes, (globe or french), frozen, unprepared",0.0
Vegetables and Vegetable Products,Cholesterol,"Artichokes, (globe or french), frozen, cooked, boiled, drained, without salt",0.0
Vegetables and Vegetable Products,"Choline, total","Mushrooms, shiitake, cooked, with salt",20.0
Vegetables and Vegetable Products,"Choline, total",Potato pancakes,18.6
Vegetables and Vegetable Products,"Choline, total",Spinach souffle,15.2
Vegetables and Vegetable Products,"Choline, total","Cauliflower, green, raw",14.3
Vegetables and Vegetable Products,"Choline, total","Edamame, frozen, prepared",14.1
Vegetables and Vegetable Products,"Choline, total","Edamame, frozen, unprepared",14.0
Vegetables and Vegetable Products,"Choline, total","Corn pudding, home prepared",13.9
Vegetables and Vegetable Products,"Choline, total","Mushrooms, maitake, raw",12.8
Vegetables and Vegetable Products,"Choline, total","Mushrooms, oyster, raw",12.2
Vegetables and Vegetable Products,"Choline, total","Mushrooms, enoki, raw",11.9
Vegetables and Vegetable Products,"Choline, total","Pigeonpeas, immature seeds, raw",11.4
Vegetables and Vegetable Products,"Choline, total","Cowpeas (blackeyes), immature seeds, frozen, cooked, boiled, drained, without salt",11.4
Vegetables and Vegetable Products,"Choline, total","Cowpeas (blackeyes), immature seeds, frozen, cooked, boiled, drained, with salt",11.4
Vegetables and Vegetable Products,"Choline, total","Cauliflower, raw",11.1
Vegetables and Vegetable Products,"Choline, total","Lima beans, immature seeds, cooked, boiled, drained, without salt",11.0
Vegetables and Vegetable Products,Energy,Potato flour,12.8
Vegetables and Vegetable Products,Energy,Potato pancakes,9.6
Vegetables and Vegetable Products,Energy,"Potatoes, hash brown, home-prepared",9.5
Vegetables and Vegetable Products,Energy,"Potatoes, o'brien, frozen, prepared",7.3
Vegetables and Vegetable Products,Energy,"Potatoes, baked, skin, without salt",7.1
Vegetables and Vegetable Products,Energy,"Potatoes, baked, skin only, with salt",7.1
Vegetables and Vegetable Products,Energy,"Potato puffs, frozen, oven-heated",6.9
Vegetables and Vegetable Products,Energy,"Potato puffs, frozen, unprepared",6.4
Vegetables and Vegetable Products,Energy,Spinach souffle,6.1
Vegetables and Vegetable Products,Energy,"Beans, pinto, immature seeds, frozen, unprepared",6.1
Vegetables and Vegetable Products,Energy,"Sweet potato, cooked, candied, home-prepared",5.9
Vegetables and Vegetable Products,Energy,"Beans, pinto, immature seeds, frozen, cooked, boiled, drained, with salt",5.8
Vegetables and Vegetable Products,Energy,"Beans, pinto, immature seeds, frozen, cooked, boiled, drained, without salt",5.8
Vegetables and Vegetable Products,Energy,"Sweet Potato puffs, frozen, unprepared",5.8
Vegetables and Vegetable Products,Energy,"Cassava, raw",5.7
Vegetables and Vegetable Products,"Fiber, total dietary","Grape leaves, raw",44.0
Vegetables and Vegetable Products,"Fiber, total dietary","Fireweed, leaves, raw",42.4
Vegetables and Vegetable Products,"Fiber, total dietary","Potatoes, baked, skin, without salt",31.6
Vegetables and Vegetable Products,"Fiber, total dietary","Potatoes, baked, skin only, with salt",31.6
Vegetables and Vegetable Products,"Fiber, total dietary","Wasabi, root, raw",31.2
Vegetables and Vegetable Products,"Fiber, total dietary","Beans, fava, in pod, raw",30.0
Vegetables and Vegetable Products,"Fiber, total dietary","Cowpeas (blackeyes), immature seeds, frozen, cooked, boiled, drained, without salt",25.6
Vegetables and Vegetable Products,"Fiber, total dietary","Cowpeas (blackeyes), immature seeds, frozen, cooked, boiled, drained, with salt",25.6
Vegetables and Vegetable Products,"Fiber, total dietary","Lima beans, immature seeds, frozen, baby, unprepared",24.0
Vegetables and Vegetable Products,"Fiber, total dietary",Potato flour,23.6
Vegetables and Vegetable Products,"Fiber, total dietary","Artichokes, (globe or french), cooked, boiled, drained, without salt",22.8
Vegetables and Vegetable Products,"Fiber, total dietary","Artichokes, (globe or french), cooked, boiled, drained, with salt",22.8
Vegetables and Vegetable Products,"Fiber, total dietary","Beans, pinto, immature seeds, frozen, unprepared",22.8
Vegetables and Vegetable Products,"Fiber, total dietary","Peas, green, raw",22.8
Vegetables and Vegetable Products,"Fiber, total dietary","Lima beans, immature seeds, frozen, fordhook, unprepared",22.0
Vegetables and Vegetable Products,"Folate, total","Arrowroot, raw",96.6
Vegetables and Vegetable Products,"Folate, total","Edamame, frozen, prepared",88.9
Vegetables and Vegetable Products,"Folate, total","Edamame, frozen, unprepared",86.6
Vegetables and Vegetable Products,"Folate, total","Epazote, raw",61.4
Vegetables and Vegetable Products,"Folate, total","Seaweed, wakame, raw",56.0
Vegetables and Vegetable Products,"Folate, total","Spinach, raw",55.4
Vegetables and Vegetable Products,"Folate, total","Turnip greens, raw",55.4
Vegetables and Vegetable Products,"Folate, total","Asparagus, frozen, unprepared",54.6
Vegetables and Vegetable Products,"Folate, total","Cowpeas (blackeyes), immature seeds, frozen, unprepared",53.4
Vegetables and Vegetable Products,"Folate, total","Seaweed, irishmoss, raw",52.0
Vegetables and Vegetable Products,"Folate, total","Seaweed, kelp, raw",51.4
Vegetables and Vegetable Products,"Folate, total","Chrysanthemum leaves, raw",50.6
Vegetables and Vegetable Products,"Folate, total","Chrysanthemum, garland, raw",50.6
Vegetables and Vegetable Products,"Folate, total","Pigeonpeas, immature seeds, raw",49.4
Vegetables and Vegetable Products,"Folate, total","Soybeans, mature seeds, sprouted, raw",49.1
Vegetables and Vegetable Products,Histidine,"Soybeans, green, raw",49.7
Vegetables and Vegetable Products,Histidine,"Soybeans, mature seeds, sprouted, raw",49.7
Vegetables and Vegetable Products,Histidine,"Soybeans, green, cooked, boiled, drained, without salt",47.4
Vegetables and Vegetable Products,Histidine,"Soybeans, green, cooked, boiled, drained, with salt",47.4
Vegetables and Vegetable Products,Histidine,"Cowpeas (blackeyes), immature seeds, frozen, unprepared",41.4
Vegetables and Vegetable Products,Histidine,"Cowpeas (blackeyes), immature seeds, frozen, cooked, boiled, drained, without salt",39.1
Vegetables and Vegetable Products,Histidine,"Cowpeas (blackeyes), immature seeds, frozen, cooked, boiled, drained, with salt",39.1
Vegetables and Vegetable Products,Histidine,"Edamame, frozen, prepared",38.1
Vegetables and Vegetable Products,Histidine,"Lima beans, immature seeds, frozen, baby, unprepared",36.9
Vegetables and Vegetable Products,Histidine,"Lentils, sprouted, raw",36.7
Vegetables and Vegetable Products,Histidine,"Edamame, frozen, unprepared",36.0
Vegetables and Vegetable Products,Histidine,"Winged bean tuber, raw",34.4
Vegetables and Vegetable Products,Histidine,"Lima beans, immature seeds, raw",33.1
Vegetables and Vegetable Products,Histidine,"Lima beans, immature seeds, cooked, boiled, drained, without salt",33.0
Vegetables and Vegetable Products,Histidine,"Lima beans, immature seeds, cooked, boiled, drained, with salt",33.0
Vegetables and Vegetable Products,"Iron, Fe","Mushrooms, morel, raw",67.7
Vegetables and Vegetable Products,"Iron, Fe","Seaweed, irishmoss, raw",49.4
Vegetables and Vegetable Products,"Iron, Fe","Lemon grass (citronella), raw",45.4
Vegetables and Vegetable Products,"Iron, Fe","Seaweed, Canadian Cultivated EMI-TSUNOMATA, rehydrated",44.8
Vegetables and Vegetable Products,"Iron, Fe","Potatoes, baked, skin, without salt",39.1
Vegetables and Vegetable Products,"Iron, Fe","Potatoes, baked, skin only, with salt",39.1
Vegetables and Vegetable Products,"Iron, Fe","Parsley, fresh",34.4
Vegetables and Vegetable Products,"Iron, Fe","Potatoes, boiled, cooked in skin, skin, without salt",33.7
Vegetables and Vegetable Products,"Iron, Fe","Potatoes, boiled, cooked in skin, skin, with salt",33.7
Vegetables and Vegetable Products,"Iron, Fe","Potatoes, microwaved, cooked in skin, skin, without salt",33.0
Vegetables and Vegetable Products,"Iron, Fe","Potatoes, microwaved, cooked, in skin, skin with salt",33.0
Vegetables and Vegetable Products,"Iron, Fe","Jute, potherb, raw",26.4
Vegetables and Vegetable Products,"Iron, Fe","Drumstick leaves, raw",22.2
Vegetables and Vegetable Products,"Iron, Fe","Winged bean leaves, raw",22.2
Vegetables and Vegetable Products,"Iron, Fe","Chrysanthemum, garland, cooked, boiled, drained, with salt",20.8
Vegetables and Vegetable Products,Isoleucine,"Soybeans, mature seeds, sprouted, raw",41.4
Vegetables and Vegetable Products,Isoleucine,"Soybeans, green, raw",40.7
Vegetables and Vegetable Products,Isoleucine,"Soybeans, green, cooked, boiled, drained, without salt",38.8
Vegetables and Vegetable Products,Isoleucine,"Soybeans, green, cooked, boiled, drained, with salt",38.8
Vegetables and Vegetable Products,Isoleucine,"Lima beans, immature seeds, frozen, baby, unprepared",34.9
Vegetables and Vegetable Products,Isoleucine,"Cowpeas (blackeyes), immature seeds, frozen, unprepared",34.4
Vegetables and Vegetable Products,Isoleucine,"Cowpeas (blackeyes), immature seeds, frozen, cooked, boiled, drained, without salt",32.5
Vegetables and Vegetable Products,Isoleucine,"Cowpeas (blackeyes), immature seeds, frozen, cooked, boiled, drained, with salt",32.5
Vegetables and Vegetable Products,Isoleucine,"Drumstick leaves, raw",32.2
Vegetables and Vegetable Products,Isoleucine,Spinach souffle,32.1
Vegetables and Vegetable Products,Isoleucine,"Lima beans, immature seeds, raw",31.4
Vegetables and Vegetable Products,Isoleucine,"Lima beans, immature seeds, cooked, boiled, drained, without salt",31.3
Vegetables and Vegetable Products,Isoleucine,"Lima beans, immature seeds, cooked, boiled, drained, with salt",31.3
Vegetables and Vegetable Products,Isoleucine,"Lima beans, immature seeds, frozen, baby, cooked, boiled, drained, with salt",30.6
Vegetables and Vegetable Products,Isoleucine,"Lima beans, immature seeds, frozen, baby, cooked, boiled, drained, without salt",30.6
Vegetables and Vegetable Products,Leucine,"Soybeans, mature seeds, sprouted, raw",34.4
Vegetables and Vegetable Products,Leucine,"Soybeans, green, raw",33.9
Vegetables and Vegetable Products,Leucine,"Soybeans, green, cooked, boiled, drained, without salt",32.3
Vegetables and Vegetable Products,Leucine,"Soybeans, green, cooked, boiled, drained, with salt",32.3
Vegetables and Vegetable Products,Leucine,"Drumstick leaves, raw",29.0
Vegetables and Vegetable Products,Leucine,"Edamame, frozen, prepared",27.3
Vegetables and Vegetable Products,Leucine,Spinach souffle,25.9
Vegetables and Vegetable Products,Leucine,"Edamame, frozen, unprepared",25.7
Vegetables and Vegetable Products,Leucine,"Cowpeas (blackeyes), immature seeds, frozen, unprepared",23.4
Vegetables and Vegetable Products,Leucine,"Winged bean tuber, raw",23.4
Vegetables and Vegetable Products,Leucine,"Lentils, sprouted, raw",23.0
Vegetables and Vegetable Products,Leucine,"Soybeans, mature seeds, sprouted, cooked, steamed",22.2
Vegetables and Vegetable Products,Leucine,"Soybeans, mature seeds, sprouted, cooked, steamed, with salt",22.2
Vegetables and Vegetable Products,Leucine,"Cowpeas (blackeyes), immature seeds, frozen, cooked, boiled, drained, without salt",22.2
Vegetables and Vegetable Products,Leucine,"Cowpeas (blackeyes), immature seeds, frozen, cooked, boiled, drained, with salt",22.2
Vegetables and Vegetable Products,Lysine,"Soybeans, green, raw",36.9
Vegetables and Vegetable Products,Lysine,"Soybeans, mature seeds, sprouted, raw",35.8
Vegetables and Vegetable Products,Lysine,"Edamame, frozen, prepared",35.5
Vegetables and Vegetable Products,Lysine,"Soybeans, green, cooked, boiled, drained, without salt",35.2
Vegetables and Vegetable Products,Lysine,"Soybeans, green, cooked, boiled, drained, with salt",35.2
Vegetables and Vegetable Products,Lysine,"Lentils, sprouted, raw",33.9
Vegetables and Vegetable Products,Lysine,"Edamame, frozen, unprepared",33.4
Vegetables and Vegetable Products,Lysine,"Winged bean tuber, raw",28.2
Vegetables and Vegetable Products,Lysine,"Cowpeas (blackeyes), immature seeds, frozen, unprepared",28.1
Vegetables and Vegetable Products,Lysine,"Cowpeas (blackeyes), immature seeds, frozen, cooked, boiled, drained, without salt",26.6
Vegetables and Vegetable Products,Lysine,"Cowpeas (blackeyes), immature seeds, frozen, cooked, boiled, drained, with salt",26.6
Vegetables and Vegetable Products,Lysine,Spinach souffle,26.6
Vegetables and Vegetable Products,Lysine,"Drumstick leaves, raw",25.6
Vegetables and Vegetable Products,Lysine,"Lima beans, immature seeds, frozen, baby, unprepared",23.9
Vegetables and Vegetable Products,Lysine,"Peas, mature seeds, sprouted, cooked, boiled, drained, without salt",23.7
Vegetables and Vegetable Products,"Magnesium, Mg","Fireweed, leaves, raw",44.6
Vegetables and Vegetable Products,"Magnesium, Mg","Seaweed, irishmoss, raw",41.1
Vegetables and Vegetable Products,"Magnesium, Mg","Seaweed, kelp, raw",34.6
Vegetables and Vegetable Products,"Magnesium, Mg","Epazote, raw",34.6
Vegetables and Vegetable Products,"Magnesium, Mg","Beans, navy, mature seeds, sprouted, cooked, boiled, drained, with salt",31.7
Vegetables and Vegetable Products,"Magnesium, Mg","Beans, navy, mature seeds, sprouted, cooked, boiled, drained, without salt",31.7
Vegetables and Vegetable Products,"Magnesium, Mg","Seaweed, wakame, raw",30.6
Vegetables and Vegetable Products,"Magnesium, Mg","Dock, raw",29.4
Vegetables and Vegetable Products,"Magnesium, Mg","Beans, navy, mature seeds, sprouted, raw",28.9
Vegetables and Vegetable Products,"Magnesium, Mg","Grape leaves, raw",27.1
Vegetables and Vegetable Products,"Magnesium, Mg","Balsam-pear (bitter gourd), leafy tips, cooked, boiled, drained, without salt",26.9
Vegetables and Vegetable Products,"Magnesium, Mg","Balsam-pear (bitter gourd), leafy tips, cooked, boiled, drained, with salt",26.9
Vegetables and Vegetable Products,"Magnesium, Mg","Dock, cooked, boiled, drained, with salt",25.4
Vegetables and Vegetable Products,"Magnesium, Mg","Dock, cooked, boiled, drained, without salt",25.4
Vegetables and Vegetable Products,"Magnesium, Mg","Spinach, cooked, boiled, drained, without salt",24.9
Vegetables and Vegetable Products,Methionine,Spinach souffle,19.7
Vegetables and Vegetable Products,Methionine,"Soybeans, green, raw",15.0
Vegetables and Vegetable Products,Methionine,"Soybeans, green, cooked, boiled, drained, without salt",14.3
Vegetables and Vegetable Products,Methionine,"Soybeans, green, cooked, boiled, drained, with salt",14.3
Vegetables and Vegetable Products,Methionine,"Seaweed, laver, raw",13.8
Vegetables and Vegetable Products,Methionine,"Winged bean tuber, raw",13.6
Vegetables and Vegetable Products,Methionine,"Edamame, frozen, prepared",13.4
Vegetables and Vegetable Products,Methionine,"Soybeans, mature seeds, sprouted, raw",13.1
Vegetables and Vegetable Products,Methionine,Potato pancakes,13.0
Vegetables and Vegetable Products,Methionine,"Edamame, frozen, unprepared",12.7
Vegetables and Vegetable Products,Methionine,"Cowpeas (blackeyes), immature seeds, frozen, unprepared",12.2
Vegetables and Vegetable Products,Methionine,"Drumstick leaves, raw",11.7
Vegetables and Vegetable Products,Methionine,"Cowpeas (blackeyes), immature seeds, frozen, cooked, boiled, drained, without salt",11.5
Vegetables and Vegetable Products,Methionine,"Cowpeas (blackeyes), immature seeds, frozen, cooked, boiled, drained, with salt",11.5
Vegetables and Vegetable Products,Methionine,"Seaweed, spirulina, raw",11.2
Vegetables and Vegetable Products,Niacin,"Mushrooms, enoki, raw",38.1
Vegetables and Vegetable Products,Niacin,"Mushrooms, maitake, raw",35.6
Vegetables and Vegetable Products,Niacin,"Mushrooms, portabella, grilled",33.8
Vegetables and Vegetable Products,Niacin,"Mushrooms, portabella, exposed to ultraviolet light, grilled",33.8
Vegetables and Vegetable Products,Niacin,"Mushrooms, white, microwaved",29.0
Vegetables and Vegetable Products,Niacin,"Fiddlehead ferns, raw",26.9
Vegetables and Vegetable Products,Niacin,"Mushrooms, oyster, raw",26.8
Vegetables and Vegetable Products,Niacin,"Fireweed, leaves, raw",25.3
Vegetables and Vegetable Products,Niacin,"Mushrooms, portabella, raw",24.3
Vegetables and Vegetable Products,Niacin,"Mushrooms, portabella, exposed to ultraviolet light, raw",24.3
Vegetables and Vegetable Products,Niacin,"Mushrooms, white, cooked, boiled, drained, with salt",24.1
Vegetables and Vegetable Products,Niacin,"Mushrooms, white, cooked, boiled, drained, without salt",24.1
Vegetables and Vegetable Products,Niacin,"Mushrooms, Chanterelle, raw",22.1
Vegetables and Vegetable Products,Niacin,"Mushrooms, shiitake, raw",21.0
Vegetables and Vegetable Products,Niacin,"Mushrooms, brown, italian, or crimini, raw",20.6
Vegetables and Vegetable Products,PUFA 18:2,Potato pancakes,82.7
Vegetables and Vegetable Products,PUFA 18:2,"Peppers, sweet, green, sauteed",64.1
Vegetables and Vegetable Products,PUFA 18:2,"Peppers, sweet, red, sauteed",61.8
Vegetables and Vegetable Products,PUFA 18:2,"Onions, yellow, sauteed",60.1
Vegetables and Vegetable Products,PUFA 18:2,"Potatoes, hash brown, home-prepared",54.5
Vegetables and Vegetable Products,PUFA 18:2,"Potato salad, home-prepared",41.8
Vegetables and Vegetable Products,PUFA 18:2,"Soybeans, mature seeds, sprouted, raw",41.7
Vegetables and Vegetable Products,PUFA 18:2,"Potatoes, o'brien, frozen, prepared",40.6
Vegetables and Vegetable Products,PUFA 18:2,"Potato puffs, frozen, unprepared",36.3
Vegetables and Vegetable Products,PUFA 18:2,"Soybeans, green, raw",35.3
Vegetables and Vegetable Products,PUFA 18:2,"Soybeans, green, cooked, boiled, drained, without salt",33.2
Vegetables and Vegetable Products,PUFA 18:2,"Soybeans, green, cooked, boiled, drained, with salt",33.2
Vegetables and Vegetable Products,PUFA 18:2,"Soybeans, mature seeds, sprouted, cooked, steamed",27.7
Vegetables and Vegetable Products,PUFA 18:2,"Soybeans, mature seeds, sprouted, cooked, steamed, with salt",27.7
Vegetables and Vegetable Products,PUFA 18:2,"Potato puffs, frozen, oven-heated",26.8
Vegetables and Vegetable Products,PUFA 18:3,Potato pancakes,21.6
Vegetables and Vegetable Products,PUFA 18:3,"Grape leaves, raw",21.4
Vegetables and Vegetable Products,PUFA 18:3,"Peppers, sweet, red, sauteed",19.4
Vegetables and Vegetable Products,PUFA 18:3,"Peppers, sweet, green, sauteed",19.2
Vegetables and Vegetable Products,PUFA 18:3,"Radish seeds, sprouted, raw",18.1
Vegetables and Vegetable Products,PUFA 18:3,"Onions, yellow, sauteed",16.5
Vegetables and Vegetable Products,PUFA 18:3,"Soybeans, mature seeds, sprouted, raw",11.1
Vegetables and Vegetable Products,PUFA 18:3,"Kale, raw",9.4
Vegetables and Vegetable Products,PUFA 18:3,"Soybeans, green, raw",9.4
Vegetables and Vegetable Products,PUFA 18:3,"Kale, cooked, boiled, drained, without salt",9.3
Vegetables and Vegetable Products,PUFA 18:3,"Spinach, frozen, chopped or leaf, cooked, boiled, drained, without salt",9.3
Vegetables and Vegetable Products,PUFA 18:3,"Potato salad, home-prepared",9.2
Vegetables and Vegetable Products,PUFA 18:3,"Edamame, frozen, prepared",8.9
Vegetables and Vegetable Products,PUFA 18:3,"Soybeans, green, cooked, boiled, drained, without salt",8.8
Vegetables and Vegetable Products,PUFA 18:3,"Soybeans, green, cooked, boiled, drained, with salt",8.8
Vegetables and Vegetable Products,Pantothenic acid,"Mushrooms, shiitake, cooked, without salt",71.9
Vegetables and Vegetable Products,Pantothenic acid,"Mushrooms, shiitake, cooked, with salt",71.9
Vegetables and Vegetable Products,Pantothenic acid,"Mushrooms, white, cooked, boiled, drained, with salt",43.2
Vegetables and Vegetable Products,Pantothenic acid,"Mushrooms, white, cooked, boiled, drained, without salt",43.2
Vegetables and Vegetable Products,Pantothenic acid,"Jew's ear, (pepeao), raw",39.8
Vegetables and Vegetable Products,Pantothenic acid,"Mushrooms, white, microwaved",39.2
Vegetables and Vegetable Products,Pantothenic acid,"Mushrooms, brown, italian, or crimini, raw",30.0
Vegetables and Vegetable Products,Pantothenic acid,"Mushrooms, brown, italian, or crimini, exposed to ultraviolet light, raw",30.0
Vegetables and Vegetable Products,Pantothenic acid,"Mushrooms, shiitake, raw",30.0
Vegetables and Vegetable Products,Pantothenic acid,"Mushrooms, white, raw",29.9
Vegetables and Vegetable Products,Pantothenic acid,"Mushroom, white, exposed to ultraviolet light, raw",29.9
Vegetables and Vegetable Products,Pantothenic acid,"Fireweed, leaves, raw",27.1
Vegetables and Vegetable Products,Pantothenic acid,"Mushrooms, enoki, raw",27.0
Vegetables and Vegetable Products,Pantothenic acid,"Mushrooms, oyster, raw",25.9
Vegetables and Vegetable Products,Pantothenic acid,"Mushrooms, portabella, grilled",25.2
Vegetables and Vegetable Products,Phenylalanine,"Soybeans, mature seeds, sprouted, raw",36.6
Vegetables and Vegetable Products,Phenylalanine,"Soybeans, green, raw",33.5
Vegetables and Vegetable Products,Phenylalanine,"Soybeans, green, cooked, boiled, drained, without salt",31.9
Vegetables and Vegetable Products,Phenylalanine,"Soybeans, green, cooked, boiled, drained, with salt",31.9
Vegetables and Vegetable Products,Phenylalanine,"Cowpeas (blackeyes), immature seeds, frozen, unprepared",28.2
Vegetables and Vegetable Products,Phenylalanine,"Edamame, frozen, prepared",27.9
Vegetables and Vegetable Products,Phenylalanine,"Drumstick leaves, raw",27.8
Vegetables and Vegetable Products,Phenylalanine,"Cowpeas (blackeyes), immature seeds, frozen, cooked, boiled, drained, without salt",26.6
Vegetables and Vegetable Products,Phenylalanine,"Cowpeas (blackeyes), immature seeds, frozen, cooked, boiled, drained, with salt",26.6
Vegetables and Vegetable Products,Phenylalanine,"Edamame, frozen, unprepared",26.3
Vegetables and Vegetable Products,Phenylalanine,"Winged bean tuber, raw",25.8
Vegetables and Vegetable Products,Phenylalanine,"Lentils, sprouted, raw",25.3
Vegetables and Vegetable Products,Phenylalanine,"Soybeans, mature seeds, sprouted, cooked, steamed",23.7
Vegetables and Vegetable Products,Phenylalanine,"Soybeans, mature seeds, sprouted, cooked, steamed, with salt",23.7
Vegetables and Vegetable Products,Phenylalanine,Spinach souffle,23.2
Vegetables and Vegetable Products,"Phosphorus, P","Arrowhead, cooked, boiled, drained, with salt",35.8
Vegetables and Vegetable Products,"Phosphorus, P","Arrowhead, cooked, boiled, drained, without salt",35.8
Vegetables and Vegetable Products,"Phosphorus, P","Mushrooms, morel, raw",35.3
Vegetables and Vegetable Products,"Phosphorus, P","Soybeans, green, raw",35.3
Vegetables and Vegetable Products,"Phosphorus, P","Arrowhead, raw",31.6
Vegetables and Vegetable Products,"Phosphorus, P","Lentils, sprouted, raw",31.5
Vegetables and Vegetable Products,"Phosphorus, P","Edamame, frozen, prepared",30.7
Vegetables and Vegetable Products,"Phosphorus, P",Potato flour,30.5
Vegetables and Vegetable Products,"Phosphorus, P","Eppaw, raw",30.0
Vegetables and Vegetable Products,"Phosphorus, P","Peas, mature seeds, sprouted, raw",30.0
Vegetables and Vegetable Products,"Phosphorus, P","Soybeans, mature seeds, sprouted, raw",29.8
Vegetables and Vegetable Products,"Phosphorus, P","Edamame, frozen, unprepared",29.3
Vegetables and Vegetable Products,"Phosphorus, P","Soybeans, green, cooked, boiled, drained, without salt",28.7
Vegetables and Vegetable Products,"Phosphorus, P","Soybeans, green, cooked, boiled, drained, with salt",28.7
Vegetables and Vegetable Products,"Phosphorus, P","Seaweed, irishmoss, raw",28.5
Vegetables and Vegetable Products,"Potassium, K","Hearts of palm, raw",51.6
Vegetables and Vegetable Products,"Potassium, K",Potato flour,28.6
Vegetables and Vegetable Products,"Potassium, K","Arrowhead, raw",26.3
Vegetables and Vegetable Products,"Potassium, K","Beet greens, cooked, boiled, drained, with salt",26.0
Vegetables and Vegetable Products,"Potassium, K","Beet greens, cooked, boiled, drained, without salt",26.0
Vegetables and Vegetable Products,"Potassium, K","Arrowhead, cooked, boiled, drained, with salt",25.2
Vegetables and Vegetable Products,"Potassium, K","Arrowhead, cooked, boiled, drained, without salt",25.2
Vegetables and Vegetable Products,"Potassium, K","Cabbage, japanese style, fresh, pickled",24.4
Vegetables and Vegetable Products,"Potassium, K","Yam, raw",23.3
Vegetables and Vegetable Products,"Potassium, K","Beet greens, raw",21.8
Vegetables and Vegetable Products,"Potassium, K","Beans, pinto, immature seeds, frozen, unprepared",21.6
Vegetables and Vegetable Products,"Potassium, K","Lemon grass (citronella), raw",20.7
Vegetables and Vegetable Products,"Potassium, K","Yam, cooked, boiled, drained, or baked, without salt",19.1
Vegetables and Vegetable Products,"Potassium, K","Yam, cooked, boiled, drained, or baked, with salt",19.1
Vegetables and Vegetable Products,"Potassium, K","Potatoes, microwaved, cooked in skin, skin, without salt",18.6
Vegetables and Vegetable Products,Protein,"Soybeans, mature seeds, sprouted, raw",22.5
Vegetables and Vegetable Products,Protein,"Soybeans, green, raw",22.3
Vegetables and Vegetable Products,Protein,"Soybeans, green, cooked, boiled, drained, without salt",21.3
Vegetables and Vegetable Products,Protein,"Soybeans, green, cooked, boiled, drained, with salt",21.3
Vegetables and Vegetable Products,Protein,"Edamame, frozen, prepared",20.5
Vegetables and Vegetable Products,Protein,"Winged bean tuber, raw",20.0
Vegetables and Vegetable Products,Protein,"Edamame, frozen, unprepared",19.3
Vegetables and Vegetable Products,Protein,"Beans, pinto, immature seeds, frozen, unprepared",16.9
Vegetables and Vegetable Products,Protein,"Drumstick leaves, raw",16.2
Vegetables and Vegetable Products,Protein,"Beans, pinto, immature seeds, frozen, cooked, boiled, drained, with salt",16.0
Vegetables and Vegetable Products,Protein,"Beans, pinto, immature seeds, frozen, cooked, boiled, drained, without salt",16.0
Vegetables and Vegetable Products,Protein,"Cowpeas (blackeyes), immature seeds, frozen, unprepared",15.5
Vegetables and Vegetable Products,Protein,"Lentils, sprouted, raw",15.4
Vegetables and Vegetable Products,Protein,"Peas, mature seeds, sprouted, raw",15.1
Vegetables and Vegetable Products,Protein,"Cowpeas (blackeyes), immature seeds, frozen, cooked, boiled, drained, without salt",14.6
Vegetables and Vegetable Products,Riboflavin,"Drumstick leaves, raw",41.2
Vegetables and Vegetable Products,Riboflavin,"Winged bean leaves, raw",37.6
Vegetables and Vegetable Products,Riboflavin,"Jute, potherb, raw",34.1
Vegetables and Vegetable Products,Riboflavin,"Drumstick leaves, cooked, boiled, drained, without salt",31.8
Vegetables and Vegetable Products,Riboflavin,"Drumstick leaves, cooked, boiled, drained, with salt",31.8
Vegetables and Vegetable Products,Riboflavin,"Mushrooms, brown, italian, or crimini, raw",30.6
Vegetables and Vegetable Products,Riboflavin,"Mushrooms, brown, italian, or crimini, exposed to ultraviolet light, raw",30.6
Vegetables and Vegetable Products,Riboflavin,"Seaweed, irishmoss, raw",29.1
Vegetables and Vegetable Products,Riboflavin,"Taro leaves, raw",28.5
Vegetables and Vegetable Products,Riboflavin,"Seaweed, laver, raw",27.9
Vegetables and Vegetable Products,Riboflavin,"Lambsquarters, raw",27.5
Vegetables and Vegetable Products,Riboflavin,"Mushrooms, white, microwaved",26.9
Vegetables and Vegetable Products,Riboflavin,"Mushrooms, portabella, grilled",25.2
Vegetables and Vegetable Products,Riboflavin,"Mushrooms, portabella, exposed to ultraviolet light, grilled",25.2
Vegetables and Vegetable Products,Riboflavin,"Mushrooms, white, raw",25.1
Vegetables and Vegetable Products,"Selenium, Se","Potatoes, mashed, ready-to-eat",38.4
Vegetables and Vegetable Products,"Selenium, Se","Mushrooms, brown, italian, or crimini, raw",37.1
Vegetables and Vegetable Products,"Selenium, Se","Mushrooms, brown, italian, or crimini, exposed to ultraviolet light, raw",37.1
Vegetables and Vegetable Products,"Selenium, Se","Mushrooms, shiitake, cooked, without salt",35.4
Vegetables and Vegetable Products,"Selenium, Se","Mushrooms, shiitake, cooked, with salt",35.4
Vegetables and Vegetable Products,"Selenium, Se","Mushrooms, portabella, grilled",31.3
Vegetables and Vegetable Products,"Selenium, Se","Mushrooms, portabella, exposed to ultraviolet light, grilled",31.3
Vegetables and Vegetable Products,"Selenium, Se","Mushrooms, portabella, raw",26.6
Vegetables and Vegetable Products,"Selenium, Se","Mushrooms, portabella, exposed to ultraviolet light, raw",26.6
Vegetables and Vegetable Products,"Selenium, Se","Mushrooms, white, microwaved",25.7
Vegetables and Vegetable Products,"Selenium, Se","Garlic, raw",20.3
Vegetables and Vegetable Products,"Selenium, Se","Mushrooms, white, cooked, boiled, drained, with salt",19.1
Vegetables and Vegetable Products,"Selenium, Se","Mushrooms, white, cooked, boiled, drained, without salt",17.0
Vegetables and Vegetable Products,"Selenium, Se","Jew's ear, (pepeao), raw",15.9
Vegetables and Vegetable Products,"Selenium, Se",Spinach souffle,15.9
Vegetables and Vegetable Products,"Sodium, Na","Pickles, cucumber, sour",50.3
Vegetables and Vegetable Products,"Sodium, Na","Pickle relish, hamburger",45.7
Vegetables and Vegetable Products,"Sodium, Na","Pickle relish, hot dog",45.5
Vegetables and Vegetable Products,"Sodium, Na",Catsup,37.8
Vegetables and Vegetable Products,"Sodium, Na","Seaweed, wakame, raw",36.3
Vegetables and Vegetable Products,"Sodium, Na","Pickle relish, sweet",33.8
Vegetables and Vegetable Products,"Sodium, Na","Pickles, cucumber, dill or kosher dill",33.7
Vegetables and Vegetable Products,"Sodium, Na","Radishes, hawaiian style, pickled",32.9
Vegetables and Vegetable Products,"Sodium, Na",Potato pancakes,31.8
Vegetables and Vegetable Products,"Sodium, Na","Cabbage, mustard, salted",29.9
Vegetables and Vegetable Products,"Sodium, Na",Spinach souffle,23.6
Vegetables and Vegetable Products,"Sodium, Na","Potato salad, home-prepared",22.0
Vegetables and Vegetable Products,"Sodium, Na","Pickles, chowchow, with cauliflower onion mustard, sweet",22.0
Vegetables and Vegetable Products,"Sodium, Na","Seaweed, Canadian Cultivated EMI-TSUNOMATA, rehydrated",21.9
Vegetables and Vegetable Products,"Sodium, Na","Cabbage, kimchi",20.8
Vegetables and Vegetable Products,Thiamin,"Winged bean leaves, raw",74.4
Vegetables and Vegetable Products,Thiamin,"Soybeans, green, raw",38.8
Vegetables and Vegetable Products,Thiamin,"Pigeonpeas, immature seeds, raw",35.7
Vegetables and Vegetable Products,Thiamin,"Beans, navy, mature seeds, sprouted, raw",34.8
Vegetables and Vegetable Products,Thiamin,"Beans, navy, mature seeds, sprouted, cooked, boiled, drained, with salt",34.0
Vegetables and Vegetable Products,Thiamin,"Beans, navy, mature seeds, sprouted, cooked, boiled, drained, without salt",34.0
Vegetables and Vegetable Products,Thiamin,"Winged bean tuber, raw",33.8
Vegetables and Vegetable Products,Thiamin,"Beans, kidney, mature seeds, sprouted, raw",33.0
Vegetables and Vegetable Products,Thiamin,"Beans, kidney, mature seeds, sprouted, cooked, boiled, drained, without salt",32.3
Vegetables and Vegetable Products,Thiamin,"Beans, kidney, mature seeds, sprouted, cooked, boiled, drained, with salt",32.3
Vegetables and Vegetable Products,Thiamin,"Cowpeas, leafy tips, raw",31.6
Vegetables and Vegetable Products,Thiamin,"Pigeonpeas, immature seeds, cooked, boiled, drained, without salt",31.2
Vegetables and Vegetable Products,Thiamin,"Pigeonpeas, immature seeds, cooked, boiled, drained, with salt",31.2
Vegetables and Vegetable Products,Thiamin,"Soybeans, mature seeds, sprouted, raw",30.4
Vegetables and Vegetable Products,Thiamin,"Beans, pinto, immature seeds, frozen, unprepared",30.4
Vegetables and Vegetable Products,Threonine,"Soybeans, green, raw",49.1
Vegetables and Vegetable Products,Threonine,"Soybeans, mature seeds, sprouted, raw",47.9
Vegetables and Vegetable Products,Threonine,"Soybeans, green, cooked, boiled, drained, without salt",46.9
Vegetables and Vegetable Products,Threonine,"Soybeans, green, cooked, boiled, drained, with salt",46.9
Vegetables and Vegetable Products,Threonine,"Winged bean tuber, raw",43.0
Vegetables and Vegetable Products,Threonine,"Drumstick leaves, raw",39.1
Vegetables and Vegetable Products,Threonine,"Cowpeas (blackeyes), immature seeds, frozen, unprepared",31.9
Vegetables and Vegetable Products,Threonine,"Edamame, frozen, prepared",31.5
Vegetables and Vegetable Products,Threonine,"Lentils, sprouted, raw",31.2
Vegetables and Vegetable Products,Threonine,"Soybeans, mature seeds, sprouted, cooked, steamed",31.0
Vegetables and Vegetable Products,Threonine,"Soybeans, mature seeds, sprouted, cooked, steamed, with salt",31.0
Vegetables and Vegetable Products,Threonine,"Lima beans, immature seeds, frozen, baby, unprepared",30.7
Vegetables and Vegetable Products,Threonine,"Cowpeas (blackeyes), immature seeds, frozen, cooked, boiled, drained, without salt",30.1
Vegetables and Vegetable Products,Threonine,"Cowpeas (blackeyes), immature seeds, frozen, cooked, boiled, drained, with salt",30.1
Vegetables and Vegetable Products,Threonine,"Edamame, frozen, unprepared",29.7
Vegetables and Vegetable Products,Total lipid (fat),Potato pancakes,11.9
Vegetables and Vegetable Products,Total lipid (fat),"Potatoes, o'brien, frozen, prepared",10.6
Vegetables and Vegetable Products,Total lipid (fat),Spinach souffle,10.4
Vegetables and Vegetable Products,Total lipid (fat),"Peppers, sweet, red, sauteed",10.2
Vegetables and Vegetable Products,Total lipid (fat),"Potatoes, hash brown, home-prepared",10.1
Vegetables and Vegetable Products,Total lipid (fat),"Peppers, sweet, green, sauteed",9.5
Vegetables and Vegetable Products,Total lipid (fat),"Onions, yellow, sauteed",8.7
Vegetables and Vegetable Products,Total lipid (fat),"Potato puffs, frozen, oven-heated",7.3
Vegetables and Vegetable Products,Total lipid (fat),"Potato puffs, frozen, unprepared",7.0
Vegetables and Vegetable Products,Total lipid (fat),"Potato salad, home-prepared",6.6
Vegetables and Vegetable Products,Total lipid (fat),"Soybeans, green, raw",5.5
Vegetables and Vegetable Products,Total lipid (fat),"Soybeans, mature seeds, sprouted, raw",5.4
Vegetables and Vegetable Products,Total lipid (fat),"Soybeans, green, cooked, boiled, drained, without salt",5.1
Vegetables and Vegetable Products,Total lipid (fat),"Soybeans, green, cooked, boiled, drained, with salt",5.1
Vegetables and Vegetable Products,Total lipid (fat),"Edamame, frozen, prepared",4.2
Vegetables and Vegetable Products,Tryptophan,"Winged bean tuber, raw",90.0
Vegetables and Vegetable Products,Tryptophan,"Soybeans, mature seeds, sprouted, raw",56.8
Vegetables and Vegetable Products,Tryptophan,"Soybeans, green, raw",56.1
Vegetables and Vegetable Products,Tryptophan,"Soybeans, green, cooked, boiled, drained, without salt",53.6
Vegetables and Vegetable Products,Tryptophan,"Soybeans, green, cooked, boiled, drained, with salt",53.6
Vegetables and Vegetable Products,Tryptophan,"Drumstick leaves, raw",51.4
Vegetables and Vegetable Products,Tryptophan,"Edamame, frozen, prepared",45.0
Vegetables and Vegetable Products,Tryptophan,"Edamame, frozen, unprepared",42.5
Vegetables and Vegetable Products,Tryptophan,"Winged bean leaves, raw",41.4
Vegetables and Vegetable Products,Tryptophan,Potato flour,41.1
Vegetables and Vegetable Products,Tryptophan,Spinach souffle,38.6
Vegetables and Vegetable Products,Tryptophan,"Cowpeas (blackeyes), immature seeds, frozen, unprepared",36.8
Vegetables and Vegetable Products,Tryptophan,"Soybeans, mature seeds, sprouted, cooked, steamed",36.8
Vegetables and Vegetable Products,Tryptophan,"Soybeans, mature seeds, sprouted, cooked, steamed, with salt",36.8
Vegetables and Vegetable Products,Tryptophan,"Spinach, frozen, chopped or leaf, cooked, boiled, drained, without salt",36.1
Vegetables and Vegetable Products,Valine,"Soybeans, mature seeds, sprouted, raw",34.1
Vegetables and Vegetable Products,Valine,"Drumstick leaves, raw",33.6
Vegetables and Vegetable Products,Valine,"Winged bean tuber, raw",32.9
Vegetables and Vegetable Products,Valine,"Soybeans, green, raw",31.6
Vegetables and Vegetable Products,Valine,"Soybeans, green, cooked, boiled, drained, without salt",30.2
Vegetables and Vegetable Products,Valine,"Soybeans, green, cooked, boiled, drained, with salt",30.2
Vegetables and Vegetable Products,Valine,"Cowpeas (blackeyes), immature seeds, frozen, unprepared",28.6
Vegetables and Vegetable Products,Valine,Spinach souffle,27.7
Vegetables and Vegetable Products,Valine,"Cowpeas (blackeyes), immature seeds, frozen, cooked, boiled, drained, without salt",27.0
Vegetables and Vegetable Products,Valine,"Cowpeas (blackeyes), immature seeds, frozen, cooked, boiled, drained, with salt",27.0
Vegetables and Vegetable Products,Valine,"Lima beans, immature seeds, frozen, baby, unprepared",26.0
Vegetables and Vegetable Products,Valine,"Lima beans, immature seeds, raw",23.5
Vegetables and Vegetable Products,Valine,"Lima beans, immature seeds, cooked, boiled, drained, without salt",23.4
Vegetables and Vegetable Products,Valine,"Lima beans, immature seeds, cooked, boiled, drained, with salt",23.4
Vegetables and Vegetable Products,Valine,"Lima beans, immature seeds, frozen, baby, cooked, boiled, drained, with salt",22.8
Vegetables and Vegetable Products,"Vitamin A, RAE","Grape leaves, raw",183.5
Vegetables and Vegetable Products,"Vitamin A, RAE","Sweet potato, frozen, cooked, baked, without salt",139.1
Vegetables and Vegetable Products,"Vitamin A, RAE","Sweet potato, cooked, baked in skin, flesh, without salt",128.1
Vegetables and Vegetable Products,"Vitamin A, RAE","Carrots, cooked, boiled, drained, with salt",113.6
Vegetables and Vegetable Products,"Vitamin A, RAE","Carrots, cooked, boiled, drained, without salt",113.6
Vegetables and Vegetable Products,"Vitamin A, RAE","Carrots, frozen, cooked, boiled, drained, with salt",112.8
Vegetables and Vegetable Products,"Vitamin A, RAE","Carrots, frozen, cooked, boiled, drained, without salt",112.8
Vegetables and Vegetable Products,"Vitamin A, RAE","Carrots, raw",111.3
Vegetables and Vegetable Products,"Vitamin A, RAE","Sweet potato, frozen, cooked, baked, with salt",109.5
Vegetables and Vegetable Products,"Vitamin A, RAE","Sweet potato, cooked, boiled, without skin",104.9
Vegetables and Vegetable Products,"Vitamin A, RAE","Sweet potato, cooked, boiled, without skin, with salt",104.9
Vegetables and Vegetable Products,"Vitamin A, RAE","Dandelion greens, cooked, boiled, drained, with salt",96.9
Vegetables and Vegetable Products,"Vitamin A, RAE","Carrots, frozen, unprepared (Includes foods for USDA's Food Distribution Program)",94.7
Vegetables and Vegetable Products,"Vitamin A, RAE","Sweet potato, raw, unprepared (Includes foods for USDA's Food Distribution Program)",94.5
Vegetables and Vegetable Products,"Vitamin A, RAE","Carrots, baby, raw",92.0
Vegetables and Vegetable Products,Vitamin B-6,"Garlic, raw",72.6
Vegetables and Vegetable Products,Vitamin B-6,"Drumstick leaves, raw",70.6
Vegetables and Vegetable Products,Vitamin B-6,"Drumstick leaves, cooked, boiled, drained, without salt",54.6
Vegetables and Vegetable Products,Vitamin B-6,"Drumstick leaves, cooked, boiled, drained, with salt",54.6
Vegetables and Vegetable Products,Vitamin B-6,"Hearts of palm, raw",47.6
Vegetables and Vegetable Products,Vitamin B-6,"Balsam-pear (bitter gourd), leafy tips, raw",47.2
Vegetables and Vegetable Products,Vitamin B-6,Potato flour,45.2
Vegetables and Vegetable Products,Vitamin B-6,"Balsam-pear (bitter gourd), leafy tips, cooked, boiled, drained, without salt",44.7
Vegetables and Vegetable Products,Vitamin B-6,"Balsam-pear (bitter gourd), leafy tips, cooked, boiled, drained, with salt",44.7
Vegetables and Vegetable Products,Vitamin B-6,"Fireweed, leaves, raw",37.2
Vegetables and Vegetable Products,Vitamin B-6,"Potatoes, baked, skin, without salt",36.1
Vegetables and Vegetable Products,Vitamin B-6,"Potatoes, baked, skin only, with salt",36.1
Vegetables and Vegetable Products,Vitamin B-6,"Jute, potherb, raw",35.3
Vegetables and Vegetable Products,Vitamin B-6,"Jute, potherb, cooked, boiled, drained, without salt",33.5
Vegetables and Vegetable Products,Vitamin B-6,"Jute, potherb, cooked, boiled, drained, with salt",33.5
Vegetables and Vegetable Products,"Vitamin C, total ascorbic acid","Peppers, hot chili, green, raw",220.5
Vegetables and Vegetable Products,"Vitamin C, total ascorbic acid","Peppers, sweet, yellow, raw",166.8
Vegetables and Vegetable Products,"Vitamin C, total ascorbic acid","Peppers, sweet, green, sauteed",160.9
Vegetables and Vegetable Products,"Vitamin C, total ascorbic acid","Peppers, sweet, red, cooked, boiled, drained, without salt",155.5
Vegetables and Vegetable Products,"Vitamin C, total ascorbic acid","Peppers, sweet, red, cooked, boiled, drained, with salt",155.5
Vegetables and Vegetable Products,"Vitamin C, total ascorbic acid","Peppers, sweet, red, sauteed",148.0
Vegetables and Vegetable Products,"Vitamin C, total ascorbic acid","Peppers, hot chili, red, raw",130.6
Vegetables and Vegetable Products,"Vitamin C, total ascorbic acid","Drumstick pods, raw",128.2
Vegetables and Vegetable Products,"Vitamin C, total ascorbic acid","Pokeberry shoots, (poke), raw",123.6
Vegetables and Vegetable Products,"Vitamin C, total ascorbic acid","Parsley, fresh",120.9
Vegetables and Vegetable Products,"Vitamin C, total ascorbic acid","Mustard spinach, (tendergreen), raw",118.2
Vegetables and Vegetable Products,"Vitamin C, total ascorbic acid","Peppers, sweet, red, raw",116.1
Vegetables and Vegetable Products,"Vitamin C, total ascorbic acid","Peppers, jalapeno, raw",107.8
Vegetables and Vegetable Products,"Vitamin C, total ascorbic acid","Vinespinach, (basella), raw",92.7
Vegetables and Vegetable Products,"Vitamin C, total ascorbic acid","Drumstick pods, cooked, boiled, drained, with salt",88.2
Vegetables and Vegetable Products,Vitamin K (phylloquinone),"Parsley, fresh",2342.9
Vegetables and Vegetable Products,Vitamin K (phylloquinone),"Amaranth leaves, raw",1628.6
Vegetables and Vegetable Products,Vitamin K (phylloquinone),"Chard, swiss, raw",1185.7
Vegetables and Vegetable Products,Vitamin K (phylloquinone),"Dandelion greens, raw",1112.0
Vegetables and Vegetable Products,Vitamin K (phylloquinone),"Mustard greens, cooked, boiled, drained, without salt",846.7
Vegetables and Vegetable Products,Vitamin K (phylloquinone),"Mustard greens, cooked, boiled, drained, with salt",846.7
Vegetables and Vegetable Products,Vitamin K (phylloquinone),"Dandelion greens, cooked, boiled, drained, without salt",787.7
Vegetables and Vegetable Products,Vitamin K (phylloquinone),"Cress, garden, raw",774.1
Vegetables and Vegetable Products,Vitamin K (phylloquinone),"Spinach, frozen, chopped or leaf, cooked, boiled, drained, without salt",772.4
Vegetables and Vegetable Products,Vitamin K (phylloquinone),"Spinach, frozen, chopped or leaf, cooked, boiled, drained, with salt",772.4
Vegetables and Vegetable Products,Vitamin K (phylloquinone),"Turnip greens, frozen, cooked, boiled, drained, with salt",741.3
Vegetables and Vegetable Products,Vitamin K (phylloquinone),"Turnip greens, frozen, cooked, boiled, drained, without salt",741.3
Vegetables and Vegetable Products,Vitamin K (phylloquinone),"Lambsquarters, cooked, boiled, drained, with salt",706.0
Vegetables and Vegetable Products,Vitamin K (phylloquinone),"Lambsquarters, cooked, boiled, drained, without salt",706.0
Vegetables and Vegetable Products,Vitamin K (phylloquinone),"Spinach, cooked, boiled, drained, without salt",705.1
Vegetables and Vegetable Products,"Zinc, Zn","Hearts of palm, raw",20.8
Vegetables and Vegetable Products,"Zinc, Zn","Fireweed, leaves, raw",14.9
Vegetables and Vegetable Products,"Zinc, Zn","Lemon grass (citronella), raw",12.5
Vegetables and Vegetable Products,"Zinc, Zn","Mushrooms, morel, raw",11.3
Vegetables and Vegetable Products,"Zinc, Zn","Seaweed, irishmoss, raw",10.9
Vegetables and Vegetable Products,"Zinc, Zn","Wasabi, root, raw",9.0
Vegetables and Vegetable Products,"Zinc, Zn","Cowpeas (blackeyes), immature seeds, frozen, unprepared",8.8
Vegetables and Vegetable Products,"Zinc, Zn","Lentils, sprouted, raw",8.4
Vegetables and Vegetable Products,"Zinc, Zn","Cowpeas (blackeyes), immature seeds, frozen, cooked, boiled, drained, without salt",7.9
Vegetables and Vegetable Products,"Zinc, Zn","Cowpeas (blackeyes), immature seeds, frozen, cooked, boiled, drained, with salt",7.9
Vegetables and Vegetable Products,"Zinc, Zn","Winged bean tuber, raw",7.8
Vegetables and Vegetable Products,"Zinc, Zn","Edamame, frozen, prepared",7.7
Vegetables and Vegetable Products,"Zinc, Zn","Mushrooms, shiitake, cooked, without salt",7.4
Vegetables and Vegetable Products,"Zinc, Zn","Mushrooms, shiitake, cooked, with salt",7.4
Vegetables and Vegetable Products,"Zinc, Zn","Edamame, frozen, unprepared",7.4
