category,food,score,"Calcium, Ca","Carbohydrate, by difference","Carotene, beta",Cholesterol,"Choline, total",Energy,"Fatty acids, total monounsaturated","Fatty acids, total polyunsaturated","Fatty acids, total saturated","Fiber, total dietary","Folate, total",Histidine,"Iron, Fe",Isoleucine,Leucine,Lysine,"Magnesium, Mg",Methionine,Niacin,PUFA 18:2,PUFA 18:3,Pantothenic acid,Phenylalanine,"Phosphorus, P","Potassium, K",Protein,Riboflavin,"Selenium, Se","Sodium, Na",Thiamin,Threonine,Total lipid (fat),Tryptophan,Valine,"Vitamin A, RAE",Vitamin B-6,"Vitamin C, total ascorbic acid",Vitamin K (phylloquinone),"Zinc, Zn"
Beef Products,"Beef, variety meats and by-products, liver, cooked, braised",0.379,0.006,,,1.320,1.065,0.068,,,,0.000,0.723,1.256,0.727,0.966,0.978,1.070,0.060,0.723,0.948,0.000,0.000,1.422,0.866,0.904,0.101,0.501,2.141,0.516,0.033,0.173,1.157,0.048,1.314,0.968,12.589,0.598,0.017,0.047,0.386
Beef Products,"Beef, New Zealand, imported, variety meats and by-products liver, cooked, boiled",0.327,0.004,,,0.810,,0.054,,,,0.000,,1.199,0.797,0.692,0.644,0.879,0.060,0.730,0.747,0.019,0.015,1.960,0.518,0.722,0.096,0.401,1.900,0.231,0.023,0.336,0.804,0.043,0.871,0.565,28.019,0.266,0.000,,0.247
Beef Products,"Beef, New Zealand, imported, variety meats and by-products, kidney, cooked, boiled",0.309,0.015,,,3.340,,0.056,,,,0.000,,1.404,0.633,0.810,0.754,1.029,0.051,0.854,0.211,0.049,0.022,0.611,0.606,0.615,0.041,0.470,1.841,1.503,0.051,0.360,0.941,0.048,1.021,0.662,0.139,0.149,0.000,,0.189
Beef Products,"Beef, variety meats and by-products, pancreas, cooked, braised",0.285,0.017,,,0.873,,0.097,,,,0.000,0.009,0.761,0.290,0.979,0.775,0.952,0.060,0.467,0.215,0.234,0.030,0.850,0.644,0.824,0.070,0.466,0.303,0.693,0.025,0.161,1.197,0.158,1.254,0.798,0.000,0.106,0.185,,0.335
Beef Products,"Beef, cured, breakfast strips, cooked",0.273,0.009,,,0.397,0.298,0.160,,,,0.000,0.023,1.424,0.349,0.966,0.842,1.142,0.077,0.691,0.350,0.156,0.083,0.069,0.644,0.429,0.118,0.539,0.163,0.383,0.939,0.080,1.126,0.316,1.018,0.757,0.000,0.182,0.000,0.040,0.463
Beef Products,"Beef, New Zealand, imported, variety meats and by-products, heart, cooked, boiled",0.271,0.006,,,0.670,,0.064,,,,0.000,,1.610,0.757,0.929,0.865,1.180,0.074,0.980,0.182,0.063,0.030,0.246,0.695,0.482,0.053,0.539,0.614,0.243,0.025,0.212,1.079,0.055,1.171,0.759,0.019,0.072,0.000,,0.203
Beef Products,"Beef, variety meats and by-products, spleen, cooked, braised",0.260,0.013,,,1.157,,0.052,,,,0.000,0.011,1.286,4.373,0.691,0.812,0.864,0.054,0.440,0.301,0.039,0.000,0.175,0.576,0.555,0.081,0.432,0.187,1.306,0.024,0.043,0.941,0.039,0.932,0.830,0.000,0.024,0.457,,0.203
Beef Products,"Beef, rib, shortribs, separable lean only, choice, cooked, braised",0.233,0.012,,,0.310,0.293,0.105,,,,0.000,0.020,1.403,0.373,0.999,0.896,1.238,0.063,0.763,0.174,0.054,0.013,0.067,0.694,0.427,0.089,0.529,0.126,0.316,0.024,0.058,1.170,0.167,0.721,0.838,0.000,0.165,0.000,0.027,0.567
Beef Products,"Beef, New Zealand, imported, cube roll, separable lean only, cooked, fast roasted",0.233,0.005,,,0.313,,0.085,,,,0.000,,1.549,0.264,0.894,0.832,1.135,0.066,0.943,0.226,0.020,0.022,0.088,0.669,0.380,0.103,0.518,0.092,0.094,0.022,0.060,1.038,0.121,1.125,0.730,0.016,0.179,0.000,,0.363
Beef Products,"Beef, variety meats and by-products, thymus, cooked, braised",0.226,0.011,,,0.980,,0.114,,,,0.000,0.003,0.550,0.166,0.532,0.534,0.866,0.029,0.290,0.100,0.340,0.043,0.394,0.358,0.662,0.124,0.376,0.141,0.309,0.048,0.075,0.752,0.229,0.600,0.520,0.000,0.047,0.275,,0.160
Beef Products,"Beef, New Zealand, imported, brisket point end, separable lean only, cooked, braised",0.224,0.006,,,0.317,,0.072,,,,0.000,,1.776,0.309,1.025,0.954,1.301,0.057,1.081,0.189,0.023,0.019,0.000,0.767,0.304,0.051,0.594,0.073,0.076,0.013,0.013,1.190,0.065,1.293,0.837,0.016,0.115,0.000,,0.375
Beef Products,"Beef, New Zealand, imported, bolar blade, separable lean only, cooked, fast roasted",0.224,0.005,,,0.303,,0.069,,,,0.000,,1.726,0.300,0.996,0.926,1.264,0.054,1.050,0.121,0.017,0.016,0.080,0.745,0.300,0.052,0.577,0.089,0.029,0.014,0.033,1.156,0.060,1.254,0.813,0.017,0.112,0.000,,0.464
Beef Products,"Beef, New Zealand, imported, flat, separable lean only, cooked, braised",0.223,0.006,,,0.313,,0.081,,,,0.000,,1.710,0.359,0.986,0.918,1.252,0.051,1.041,0.124,0.031,0.026,0.030,0.738,0.289,0.049,0.572,0.120,0.029,0.013,0.021,1.146,0.095,1.243,0.805,0.020,0.101,0.000,,0.330
Beef Products,"Beef, New Zealand, imported, chuck eye roll, separable lean only, cooked, braised",0.222,0.006,,,0.327,,0.074,,,,0.000,,1.651,0.301,0.953,0.886,1.210,0.054,1.005,0.110,0.020,0.019,0.000,0.713,0.285,0.054,0.552,0.089,0.030,0.016,0.025,1.106,0.082,1.200,0.778,0.016,0.086,0.000,,0.568
Beef Products,"Beef, New Zealand, imported, ribs prepared, cooked, fast roasted",0.221,0.019,,,0.230,,0.070,,,,0.000,,1.401,0.246,0.809,0.753,1.027,0.063,0.853,0.273,0.013,0.013,0.078,0.605,0.371,0.104,0.469,0.073,0.050,0.024,0.023,0.939,0.089,1.018,0.660,0.012,0.156,0.000,,0.356
Beef Products,"Beef, New Zealand, imported, eye round, separable lean only, cooked, slow roasted",0.219,0.004,,,0.223,,0.059,,,,0.000,,1.527,0.210,0.881,0.820,1.119,0.069,0.930,0.216,0.015,0.013,0.071,0.659,0.404,0.107,0.511,0.070,0.026,0.018,0.037,1.024,0.046,1.111,0.720,0.009,0.198,0.000,,0.287
Beef Products,"Beef, New Zealand, imported, flank, separable lean only, cooked, braised",0.218,0.005,,,0.260,,0.069,,,,0.000,,1.583,0.268,0.913,0.850,1.159,0.051,0.963,0.188,0.015,0.015,0.026,0.683,0.256,0.055,0.529,0.054,0.079,0.012,0.019,1.060,0.073,1.150,0.746,0.015,0.071,0.000,,0.501
Beef Products,"Beef, New Zealand, imported, hind shin, separable lean only, cooked, braised",0.218,0.006,,,0.297,,0.060,,,,0.000,,1.607,0.302,0.927,0.863,1.178,0.057,0.978,0.146,0.014,0.014,0.038,0.694,0.282,0.062,0.538,0.074,0.029,0.018,0.017,1.077,0.043,1.168,0.757,0.011,0.085,0.000,,0.447
Beef Products,"Beef, variety meats and by-products, lungs, cooked, braised",0.215,0.012,,,0.923,,0.043,,,,0.000,0.023,0.886,0.600,0.695,0.549,0.689,0.029,0.389,0.135,0.031,0.007,0.125,0.474,0.324,0.049,0.351,0.089,0.719,0.042,0.031,0.725,0.034,0.664,0.552,0.016,0.012,0.297,,0.119
Beef Products,"Beef, New Zealand, imported, oyster blade, separable lean only, cooked, braised",0.212,0.005,,,0.290,,0.070,,,,0.000,,1.537,0.309,0.887,0.826,1.126,0.049,0.935,0.089,0.018,0.019,0.000,0.663,0.262,0.043,0.514,0.092,0.029,0.010,0.021,1.030,0.078,1.118,0.724,0.015,0.058,0.000,,0.384
Beef Products,"Beef, New Zealand, imported, brisket navel end, separable lean only, cooked, braised",0.211,0.007,,,0.263,,0.095,,,,0.000,,1.510,0.204,0.871,0.811,1.106,0.040,0.919,0.133,0.038,0.025,0.000,0.652,0.205,0.041,0.505,0.058,0.051,0.016,0.015,1.012,0.150,1.096,0.712,0.021,0.060,0.000,,0.419
Beef Products,"Beef, New Zealand, imported, variety meats and by-products, tongue, cooked, boiled",0.198,0.005,,,0.350,,0.097,,,,0.000,,0.943,0.280,0.544,0.506,0.690,0.049,0.573,0.140,0.050,0.037,0.142,0.407,0.285,0.054,0.315,0.142,0.056,0.024,0.053,0.631,0.187,0.686,0.444,0.016,0.042,0.000,,0.306
Beef Products,"Beef, cured, corned beef, brisket, cooked",0.198,0.008,,,0.327,0.173,0.090,,,,0.000,0.017,0.829,0.207,0.591,0.529,0.731,0.034,0.450,0.164,0.068,0.033,0.084,0.410,0.227,0.041,0.313,0.106,0.469,0.405,0.023,0.691,0.174,0.425,0.495,0.000,0.135,0.000,0.021,0.333
Beef Products,"Beef, New Zealand, imported, manufacturing beef, cooked, boiled",0.196,0.006,,,0.223,,0.045,,,,0.000,,1.246,0.198,0.719,0.669,0.913,0.046,0.758,0.095,0.013,0.016,0.057,0.538,0.235,0.055,0.417,0.060,0.016,0.013,0.037,0.835,0.030,0.907,0.587,0.011,0.094,0.000,,0.365
Beef Products,"Beef, New Zealand, imported, variety meats and by-products, tripe cooked, boiled",0.195,0.166,,,0.663,,0.037,,,,0.000,,0.977,0.413,0.564,0.525,0.716,0.069,0.595,0.142,0.009,0.004,0.045,0.422,0.305,0.029,0.327,0.064,0.061,0.017,0.020,0.655,0.027,0.711,0.461,0.008,0.008,0.000,,0.174
Beef Products,"Beef, variety meats and by-products, kidneys, cooked, simmered",0.194,0.020,,,2.387,1.283,0.056,,,,0.000,0.237,,0.644,,,,0.034,,0.212,0.078,0.005,0.312,,0.553,0.039,0.469,1.856,2.400,0.039,0.143,,0.043,,,0.000,0.230,0.000,0.000,0.207
Beef Products,"Beef, variety meats and by-products, heart, cooked, simmered",0.176,0.005,,,0.707,0.572,0.059,,,,0.000,0.014,,0.709,,,,0.060,,0.361,0.092,0.005,0.320,,0.462,0.063,0.490,0.756,0.556,0.025,0.090,,0.043,,,0.000,0.144,0.000,0.007,0.209
Beef Products,"Beef, New Zealand, imported, sweetbread, cooked, boiled",0.176,0.004,,,0.830,,0.114,,,,0.000,,0.644,0.124,0.372,0.346,0.472,0.046,0.392,0.087,0.040,0.034,0.100,0.278,0.647,0.074,0.216,0.071,0.157,0.022,0.069,0.432,0.274,0.468,0.304,0.025,0.024,0.000,,0.087
Beef Products,"Beef, variety meats and by-products, brain, cooked, simmered",0.144,0.009,,,10.333,1.227,0.054,,,,0.000,0.014,,0.256,,,,0.034,,0.196,0.005,0.000,0.242,,0.609,0.070,0.201,0.136,0.311,0.045,0.062,,0.097,,,0.008,0.084,0.095,0.001,0.079
Beef Products,"Beef, ground, patties, frozen, cooked, broiled",0.140,0.012,,,0.280,0.186,0.105,,,,0.000,0.060,,0.269,,,,0.054,,0.287,0.074,0.011,0.109,,0.316,0.087,0.397,0.110,0.307,0.032,0.027,,0.200,,,0.000,0.256,0.000,0.033,0.352
Beef Products,"Beef, variety meats and by-products, tongue, cooked, simmered",0.135,0.005,,,0.440,0.388,0.101,,,,0.000,0.020,,0.290,,,,0.043,,0.189,0.066,0.023,0.149,,0.264,0.053,0.332,0.184,0.189,0.027,0.020,,0.205,,,0.000,0.091,0.012,0.017,0.298
Beef Products,"Beef, variety meats and by-products, tripe, cooked, simmered",0.099,0.085,,,0.523,,0.034,,,,0.000,0.009,,0.073,,,,0.043,,0.025,0.017,0.002,0.019,,0.120,0.012,0.202,0.016,0.169,0.028,0.000,,0.037,,,0.000,0.000,0.000,0.000,0.124
Cereal Grains and Pasta,Oats (Includes foods for USDA's Food Distribution Program),0.237,0.057,,,0.000,,0.139,,,,0.424,0.160,0.579,0.524,0.496,0.470,0.334,0.506,0.297,0.052,0.303,0.028,0.270,0.511,0.951,0.123,0.291,0.087,,0.001,0.681,0.548,0.063,0.836,0.515,0.000,0.070,0.000,,0.289
Cereal Grains and Pasta,"Wheat, durum",0.207,0.036,,,0.000,,0.121,,,,,0.123,0.460,0.391,0.381,0.342,0.144,0.411,0.210,0.365,0.116,0.012,0.187,0.389,0.924,0.123,0.235,0.076,1.277,0.001,0.374,0.349,0.023,0.629,0.326,0.000,0.246,0.000,,0.303
Cereal Grains and Pasta,Millet flour,0.202,0.015,,,,,0.136,,,,0.140,0.120,0.367,0.438,0.338,0.563,0.069,0.340,0.304,0.326,0.319,0.011,0.253,0.386,0.518,0.064,0.185,0.046,0.467,0.002,0.369,0.337,0.039,0.607,0.321,,0.219,0.000,0.011,0.191
Cereal Grains and Pasta,"Rye flour, dark",0.202,0.039,,,0.000,0.076,0.116,,,,0.952,0.094,0.333,0.552,0.252,0.314,0.161,0.457,0.190,0.231,0.112,0.037,0.291,0.369,0.907,0.205,0.274,0.157,0.257,0.001,0.282,0.467,0.020,0.643,0.274,0.001,0.261,0.000,0.084,0.367
Cereal Grains and Pasta,"Wheat, hard red spring",0.201,0.026,,,0.000,0.078,0.117,,,,0.488,0.123,0.471,0.400,0.386,0.380,0.192,0.354,0.219,0.309,0.091,0.009,0.187,0.414,0.604,0.097,0.265,0.069,1.010,0.001,0.450,0.412,0.018,0.696,0.373,0.000,0.198,0.000,0.027,0.202
Cereal Grains and Pasta,"Barley, hulled",0.198,0.035,,,0.000,,0.126,,,,0.692,0.054,0.401,0.400,0.326,0.311,0.221,0.380,0.229,0.249,0.125,0.028,0.056,0.400,0.480,0.129,0.215,0.178,0.539,0.005,0.577,0.404,0.021,0.743,0.336,0.001,0.187,0.000,0.031,0.202
Cereal Grains and Pasta,"Triticale flour, whole-grain",0.197,0.037,,,0.000,,0.121,,,,0.584,0.211,0.449,0.288,0.346,0.337,0.176,0.437,0.196,0.155,0.093,0.013,0.433,0.368,0.584,0.133,0.227,0.083,,0.001,0.337,0.390,0.017,0.564,0.338,0.000,0.237,0.000,,0.194
Cereal Grains and Pasta,"Buckwheat flour, whole-groat",0.195,0.043,,,0.000,0.136,0.120,,,,0.400,0.154,0.420,0.451,0.339,0.290,0.305,0.717,0.156,0.333,0.110,0.018,0.088,0.283,0.613,0.165,0.217,0.119,0.081,0.005,0.372,0.459,0.028,0.654,0.355,0.000,0.342,0.000,0.100,0.227
Cereal Grains and Pasta,"Wheat flour, whole-grain (Includes foods for USDA's Food Distribution Program)",0.195,0.036,,,0.000,0.078,0.121,,,,0.428,0.126,0.510,0.400,0.316,0.329,0.171,0.391,0.217,0.268,0.137,0.018,0.121,0.390,0.649,0.104,0.227,0.103,0.883,0.001,0.448,0.350,0.023,0.621,0.310,0.000,0.239,0.000,0.027,0.189
Cereal Grains and Pasta,Buckwheat,0.193,0.019,,,0.000,,0.122,,,,0.400,0.086,0.441,0.244,0.356,0.305,0.320,0.660,0.164,0.380,0.120,0.019,0.247,0.297,0.631,0.131,0.228,0.266,0.119,0.000,0.090,0.482,0.031,0.686,0.373,0.000,0.124,0.000,,0.175
Cereal Grains and Pasta,"Wheat, hard red winter",0.184,0.031,,,0.000,0.078,0.117,,,,0.488,0.109,0.407,0.354,0.327,0.313,0.160,0.360,0.191,0.296,0.075,0.007,0.191,0.338,0.524,0.104,0.217,0.072,1.010,0.001,0.342,0.348,0.014,0.571,0.305,0.000,0.176,0.000,0.027,0.193
Cereal Grains and Pasta,"Pasta, fresh-refrigerated, spinach, as purchased",0.182,0.045,,,0.243,,0.103,,,,,0.506,0.339,0.367,0.349,0.298,0.160,0.180,0.198,0.187,0.050,0.016,0.138,0.320,0.269,0.078,0.194,0.249,,0.011,0.544,0.335,0.019,0.536,0.299,0.033,0.185,0.000,,0.102
Cereal Grains and Pasta,Barley malt flour,0.182,0.039,,,0.000,,0.129,,,,0.284,0.109,0.393,0.523,0.258,0.273,0.255,0.277,0.280,0.305,0.107,0.024,0.115,0.129,0.551,0.064,0.177,0.192,0.539,0.005,0.276,0.388,0.017,0.471,0.276,0.001,0.385,0.005,0.031,0.150
Cereal Grains and Pasta,Triticale,0.181,0.039,,,0.000,,0.120,,,,,0.209,0.444,0.286,0.342,0.334,0.174,0.371,0.194,0.077,0.107,0.015,0.265,0.365,0.651,0.095,0.225,0.084,,0.002,0.371,0.386,0.019,0.561,0.335,0.000,0.081,0.000,,0.251
Cereal Grains and Pasta,Sorghum grain,0.173,0.014,,,0.000,,0.117,,,,0.268,0.057,0.351,0.373,0.309,0.546,0.109,0.471,0.161,0.200,0.187,0.016,0.073,0.312,0.525,0.104,0.183,0.060,0.174,0.001,0.296,0.330,0.032,0.443,0.308,0.000,0.261,0.000,,0.121
Cereal Grains and Pasta,"Pasta, fresh-refrigerated, plain, as purchased",0.172,0.016,,,0.243,,0.103,,,,,0.503,0.323,0.372,0.308,0.279,0.102,0.131,0.166,0.181,0.107,0.021,0.107,0.310,0.296,0.051,0.195,0.274,,0.011,0.629,0.281,0.021,0.511,0.262,0.019,0.055,0.000,,0.089
Cereal Grains and Pasta,"Wheat, soft red winter",0.171,0.028,,,0.000,,0.118,,,,0.500,0.117,0.366,0.357,0.283,0.279,0.150,0.360,0.166,0.260,0.079,0.007,0.170,0.290,0.896,0.113,0.178,0.060,,0.001,0.352,0.326,0.014,,0.274,0.000,0.160,0.000,,0.191
Cereal Grains and Pasta,"Corn grain, white",0.171,0.007,,,0.000,,0.130,,,,,,0.410,0.301,0.241,0.423,0.126,0.363,0.188,0.196,0.262,0.016,0.085,0.265,0.382,0.082,0.162,0.126,0.221,0.015,0.344,0.337,0.044,0.239,0.262,0.000,0.366,0.000,,0.161
Cereal Grains and Pasta,Barley flour or meal,0.171,0.034,,,0.000,0.094,0.123,,,,0.404,0.023,0.337,0.298,0.274,0.261,0.186,0.274,0.192,0.339,0.087,0.019,0.029,0.337,0.538,0.088,0.181,0.071,0.539,0.002,0.330,0.339,0.015,0.625,0.283,0.000,0.233,0.000,0.031,0.146
Cereal Grains and Pasta,"Corn grain, yellow",0.166,0.007,,,0.000,,0.130,,,,0.292,0.054,0.410,0.301,0.241,0.423,0.126,0.363,0.188,0.196,0.262,0.016,0.085,0.265,0.382,0.082,0.162,0.126,0.221,0.015,0.344,0.337,0.044,0.239,0.262,0.015,0.366,0.000,0.004,0.161
Cereal Grains and Pasta,"Rice flour, brown",0.166,0.012,,,0.000,,0.130,,,,0.184,0.046,0.263,0.220,0.219,0.219,0.131,0.320,0.155,0.343,0.119,0.011,0.318,0.213,0.613,0.083,0.124,0.050,,0.003,0.396,0.252,0.026,0.329,0.233,,0.433,0.000,,0.178
Cereal Grains and Pasta,"Noodles, chinese, chow mein",0.163,0.000,,,0.000,0.022,0.168,,,,0.268,0.357,,0.714,,,,0.054,,0.255,0.434,0.025,,,0.178,0.029,0.187,0.248,0.407,0.361,0.506,,0.195,,,0.000,0.025,0.000,0.076,0.059
Cereal Grains and Pasta,Rye grain,0.162,0.025,,,0.000,0.076,0.121,,,,0.604,0.109,0.270,0.292,0.149,0.206,0.136,0.314,0.146,0.231,0.082,0.027,0.291,0.249,0.604,0.146,0.178,0.157,0.199,0.001,0.282,0.275,0.015,0.386,0.174,0.001,0.173,0.000,0.084,0.193
Cereal Grains and Pasta,"Sorghum flour, whole-grain",0.160,0.013,,,,,0.128,,,,0.264,0.071,0.239,0.349,0.221,0.397,0.083,0.351,0.138,0.243,0.167,0.015,0.108,0.252,0.505,0.093,0.145,0.038,0.174,0.001,0.294,0.297,0.031,0.379,0.213,0.000,0.191,0.007,0.091,0.119
Cereal Grains and Pasta,"Wheat, soft white",0.155,0.036,,,0.000,,0.121,,,,0.508,0.117,,0.597,,,,0.257,,0.258,0.100,0.009,0.170,,0.731,0.124,0.184,0.067,,0.001,0.366,,0.018,,,0.000,0.222,0.000,0.027,0.252
Cereal Grains and Pasta,"Cornmeal, whole-grain, yellow",0.154,0.006,,,0.000,0.054,0.129,,,,0.292,0.071,0.354,0.383,0.208,0.365,0.109,0.363,0.162,0.197,0.199,0.012,0.085,0.228,0.438,0.082,0.140,0.126,0.221,0.015,0.344,0.290,0.033,0.204,0.226,0.015,0.179,0.000,0.004,0.132
Cereal Grains and Pasta,"Cornmeal, whole-grain, white",0.154,0.006,,,0.000,0.054,0.129,,,,0.292,0.071,0.354,0.383,0.208,0.365,0.109,0.363,0.162,0.197,0.199,0.012,0.085,0.228,0.438,0.082,0.140,0.126,0.221,0.015,0.344,0.290,0.033,0.204,0.226,0.000,0.179,0.000,0.004,0.132
Cereal Grains and Pasta,"Corn flour, whole-grain, blue (harina de maiz morado)",0.152,0.005,,,,,0.130,,,,0.336,,,0.193,,,,0.314,,0.141,,,0.110,,0.478,0.109,0.151,0.144,0.031,0.002,0.143,,0.047,,,,0.276,,,0.163
Cereal Grains and Pasta,"Wheat flour, whole-grain, soft wheat",0.152,0.035,,,0.000,0.078,0.119,,,,0.524,0.080,,0.412,,,,0.334,,0.289,,,0.202,,0.587,0.113,0.165,0.117,0.181,0.001,0.265,,0.018,,,0.000,0.112,0.000,0.027,0.215
Cereal Grains and Pasta,"Wheat, hard white",0.152,0.034,,,0.000,,0.122,,,,0.488,0.109,,0.507,,,,0.266,,0.237,0.089,0.009,0.191,,0.645,0.123,0.195,0.067,,0.001,0.346,,0.016,,,0.000,0.216,0.000,0.027,0.242
Cereal Grains and Pasta,"Rye flour, medium",0.147,0.025,,,0.000,0.052,0.125,,,,0.472,0.097,0.227,0.282,0.181,0.224,0.101,0.180,0.130,0.093,0.075,0.025,0.098,0.279,0.409,0.107,0.187,0.071,0.206,0.001,0.256,0.325,0.014,0.439,0.191,0.000,0.158,0.000,0.084,0.158
Cereal Grains and Pasta,"Wheat, sprouted",0.144,0.029,,,0.000,,0.071,,,,0.044,0.109,0.280,0.238,0.205,0.186,0.117,0.234,0.110,0.167,0.066,0.006,0.189,0.200,0.364,0.048,0.129,0.097,0.607,0.007,0.201,0.242,0.012,0.411,0.198,0.000,0.156,0.024,,0.120
Cereal Grains and Pasta,"Corn flour, whole-grain, yellow",0.142,0.007,,,0.000,0.054,0.129,,,,0.292,0.071,0.301,0.264,0.177,0.311,0.093,0.266,0.138,0.103,0.213,0.013,0.132,0.194,0.495,0.090,0.119,0.050,0.220,0.002,0.220,0.249,0.035,0.175,0.193,0.015,0.218,0.000,0.004,0.126
Cereal Grains and Pasta,"Corn flour, whole-grain, white",0.142,0.007,,,0.000,0.054,0.129,,,,0.292,0.071,0.301,0.264,0.177,0.311,0.093,0.266,0.138,0.103,0.213,0.013,0.132,0.194,0.495,0.090,0.119,0.050,0.220,0.002,0.220,0.249,0.035,0.175,0.193,0.000,0.218,0.000,0.004,0.126
Cereal Grains and Pasta,"Noodles, flat, crunchy, Chinese restaurant",0.139,0.022,,,0.000,0.020,0.186,,,,0.076,0.049,,0.196,,,,0.060,,0.136,1.863,0.504,0.071,,0.158,0.025,0.178,0.070,0.459,0.158,0.174,,0.291,,,0.000,0.016,0.000,0.090,0.046
Cereal Grains and Pasta,"Rye flour, light",0.131,0.014,,,0.000,0.027,0.128,,,,0.320,0.066,0.210,0.101,0.168,0.204,0.100,0.091,0.108,0.043,0.063,0.021,0.133,0.254,0.236,0.064,0.169,0.056,0.251,0.001,0.296,0.265,0.012,0.396,0.177,0.000,0.138,0.000,0.084,0.097
Cereal Grains and Pasta,"Wheat, KAMUT khorasan, cooked",0.128,0.009,,,0.000,,0.047,,,,0.172,0.031,0.210,0.196,0.157,0.158,0.077,0.137,0.092,0.125,,,,0.171,0.267,0.047,0.098,0.019,0.456,0.003,0.085,0.164,0.008,0.182,0.147,,0.041,,,0.134
Cereal Grains and Pasta,Vital wheat gluten,0.121,0.149,,,0.000,,0.132,,,,0.024,0.000,,0.578,,,,0.071,,0.000,0.095,0.012,0.000,,0.473,0.029,1.294,0.000,0.567,0.012,0.000,,0.017,,,0.000,0.000,0.000,0.000,0.062
Cereal Grains and Pasta,"Pasta, whole-wheat, cooked (Includes foods for USDA's Food Distribution Program)",0.120,0.014,,,0.000,0.016,0.053,,,,0.156,0.060,0.200,0.191,0.166,0.150,0.063,0.154,0.092,0.169,0.067,0.009,0.054,0.170,0.231,0.027,0.103,0.062,0.519,0.002,0.139,0.153,0.016,0.275,0.142,0.000,0.055,0.000,0.009,0.097
Cereal Grains and Pasta,"Teff, cooked",0.112,0.052,,,0.000,,0.036,,,,0.112,0.051,0.126,0.228,0.104,0.114,0.052,0.143,0.119,0.049,,,,0.116,0.218,0.031,0.067,0.021,,0.003,0.163,0.142,0.006,0.146,0.110,0.000,0.057,,,0.081
Cereal Grains and Pasta,"Pasta, homemade, made with egg, cooked",0.111,0.011,,,0.137,,0.046,,,,,0.123,0.159,0.129,0.159,0.140,0.079,0.040,0.096,0.068,0.057,0.011,0.046,0.150,0.095,0.006,0.091,0.109,,0.035,0.154,0.158,0.016,0.239,0.136,0.023,0.022,0.000,,0.032
Cereal Grains and Pasta,"Pasta, fresh-refrigerated, spinach, cooked",0.111,0.019,,,0.110,,0.046,,,,,0.183,0.153,0.123,0.156,0.134,0.072,0.069,0.089,0.055,0.023,0.007,0.046,0.144,0.104,0.011,0.087,0.084,,0.003,0.159,0.150,0.009,0.239,0.135,0.013,0.066,0.000,,0.046
Cereal Grains and Pasta,"Quinoa, cooked",0.110,0.018,,,0.000,0.058,0.043,,,,0.112,0.120,0.181,0.166,0.112,0.096,0.114,0.183,0.091,0.022,0.122,0.021,,0.106,0.276,0.049,0.076,0.069,0.040,0.003,0.096,0.125,0.018,0.186,0.102,0.000,0.072,0.000,0.000,0.079
Cereal Grains and Pasta,"Spaghetti, spinach, cooked",0.109,0.032,,,0.000,,0.046,,,,,0.034,0.133,0.116,0.126,0.114,0.045,0.177,0.068,0.083,0.028,0.007,0.037,0.126,0.196,0.017,0.079,0.064,0.316,0.006,0.087,0.117,0.006,0.207,0.108,0.011,0.056,0.000,,0.079
Cereal Grains and Pasta,"Pasta, fresh-refrigerated, plain, cooked",0.109,0.006,,,0.110,,0.047,,,,,0.183,0.147,0.127,0.141,0.127,0.046,0.051,0.075,0.054,0.049,0.009,0.037,0.141,0.115,0.007,0.089,0.094,,0.003,0.187,0.128,0.010,0.232,0.119,0.008,0.020,0.000,,0.041
Cereal Grains and Pasta,"Amaranth grain, cooked",0.106,0.049,,,,,0.036,,,,0.084,0.063,,0.233,,,,0.186,,0.013,,,,,0.269,0.039,0.065,0.014,0.079,0.003,0.013,,0.015,,,,0.066,,,0.063
Cereal Grains and Pasta,"Spelt, cooked",0.104,0.011,,,0.000,,0.045,,,,0.156,0.037,,0.186,,,,0.140,,0.139,,,,,0.273,0.041,0.095,0.019,0.057,0.002,0.092,,0.008,,,0.000,0.047,0.000,,0.091
Cereal Grains and Pasta,"Pasta, homemade, made without egg, cooked",0.102,0.006,,,0.000,,0.044,,,,,0.123,0.127,0.126,0.121,0.110,0.040,0.040,0.065,0.073,0.057,0.014,0.030,0.121,0.073,0.005,0.075,0.092,,0.031,0.162,0.110,0.009,0.200,0.102,0.000,0.016,0.000,,0.027
Cereal Grains and Pasta,"Wild rice, cooked",0.101,0.003,,,0.000,0.025,0.036,,,,0.072,0.074,0.149,0.067,0.119,0.101,0.081,0.091,0.113,0.070,0.015,0.024,0.031,0.111,0.149,0.029,0.069,0.054,0.011,0.001,0.046,0.121,0.003,0.175,0.127,0.000,0.079,0.000,0.007,0.097
Cereal Grains and Pasta,"Millet, cooked",0.099,0.003,,,0.000,0.028,0.043,,,,0.052,0.054,0.107,0.070,0.106,0.163,0.032,0.126,0.067,0.072,0.060,0.007,0.034,0.106,0.182,0.018,0.060,0.051,0.013,0.001,0.095,0.108,0.009,0.136,0.101,0.000,0.064,0.000,0.004,0.066
Cereal Grains and Pasta,"Pasta, gluten-free, brown rice flour, cooked, TINKYADA",0.099,0.005,,,0.000,0.007,0.049,,,,0.068,0.011,0.120,0.059,0.081,0.097,0.099,0.103,0.075,0.079,0.053,0.004,0.052,0.099,0.158,0.007,0.060,0.051,0.159,0.002,0.085,0.104,0.015,0.143,0.074,0.000,0.044,0.000,0.004,0.060
Cereal Grains and Pasta,"Noodles, japanese, soba, cooked",0.099,0.004,,,0.000,,0.035,,,,,0.020,0.170,0.053,0.139,0.121,0.102,0.026,0.069,0.028,0.004,0.001,0.047,0.124,0.045,0.010,0.087,0.016,,0.025,0.084,0.169,0.001,0.257,0.137,0.000,0.024,0.000,,0.009
Cereal Grains and Pasta,"Rice, brown, long-grain, cooked (Includes foods for USDA's Food Distribution Program)",0.099,0.003,,,0.000,0.023,0.044,,,,0.064,0.026,0.094,0.062,0.078,0.078,0.047,0.111,0.055,0.139,0.044,0.003,0.076,0.076,0.187,0.025,0.047,0.043,0.083,0.002,0.159,0.090,0.009,0.118,0.083,0.000,0.072,0.000,0.003,0.052
Cereal Grains and Pasta,"Buckwheat groats, roasted, cooked",0.098,0.007,,,0.000,0.050,0.033,,,,0.108,0.040,0.113,0.089,0.091,0.078,0.082,0.146,0.042,0.051,0.022,0.004,0.072,0.076,0.127,0.025,0.058,0.024,0.031,0.002,0.036,0.123,0.006,0.175,0.095,0.000,0.045,0.000,0.027,0.044
Cereal Grains and Pasta,"Pasta, gluten-free, corn flour and quinoa flour, cooked, ANCIENT HARVEST",0.098,0.007,,,0.000,0.014,0.054,,,,0.132,0.023,0.127,0.080,0.064,0.130,0.075,0.117,0.056,0.024,0.114,0.008,0.042,0.085,0.165,0.018,0.056,0.058,0.031,0.002,0.107,0.094,0.019,0.071,0.059,0.001,0.029,0.000,0.000,0.051
Cereal Grains and Pasta,"Barley, pearled, cooked",0.097,0.012,,,0.000,0.034,0.044,,,,0.152,0.046,0.073,0.148,0.059,0.056,0.040,0.063,0.041,0.112,0.024,0.005,0.027,0.073,0.098,0.027,0.039,0.039,0.123,0.001,0.074,0.073,0.004,0.136,0.061,0.000,0.068,0.000,0.011,0.060
Cereal Grains and Pasta,"Couscous, cooked",0.097,0.008,,,0.000,0.008,0.040,,,,0.056,0.043,0.110,0.042,0.105,0.095,0.035,0.023,0.056,0.053,0.007,0.001,0.074,0.105,0.040,0.017,0.065,0.017,0.393,0.002,0.056,0.095,0.001,0.175,0.089,0.000,0.030,0.000,0.001,0.019
Cereal Grains and Pasta,"Rice, brown, parboiled, cooked, UNCLE BENS",0.096,0.003,,,,0.011,0.052,,,,0.068,0.011,,0.059,,,,0.111,,0.103,0.032,0.002,0.055,,0.175,0.017,0.053,0.044,0.134,0.002,0.087,,0.008,,,,0.065,,0.006,0.056
Cereal Grains and Pasta,"Rice, brown, medium-grain, cooked (Includes foods for USDA's Food Distribution Program)",0.096,0.011,,,0.000,,0.040,,,,0.072,0.011,0.084,0.059,0.070,0.070,0.042,0.126,0.050,0.072,0.035,0.003,0.078,0.068,0.140,0.023,0.040,0.007,,0.000,0.091,0.081,0.008,0.107,0.075,0.000,0.088,0.000,,0.045
Cereal Grains and Pasta,"Bulgur, cooked",0.095,0.011,,,0.000,0.017,0.030,,,,0.180,0.051,0.101,0.107,0.081,0.076,0.040,0.091,0.046,0.054,0.012,0.001,0.069,0.083,0.073,0.019,0.053,0.017,0.009,0.002,0.051,0.085,0.002,0.171,0.076,0.000,0.049,0.000,0.007,0.041
Cereal Grains and Pasta,"Pasta, gluten-free, corn, cooked",0.095,0.001,,,0.000,,0.045,,,,0.192,0.017,0.114,0.028,0.067,0.118,0.035,0.103,0.052,0.030,0.040,0.003,0.026,0.074,0.138,0.009,0.045,0.014,0.040,0.000,0.047,0.094,0.007,0.068,0.073,0.004,0.034,0.000,,0.046
Cereal Grains and Pasta,"Noodles, japanese, somen, cooked",0.093,0.008,,,0.000,,0.047,,,,,0.006,0.116,0.058,0.111,0.100,0.037,0.006,0.059,0.005,0.008,0.002,0.034,0.111,0.049,0.008,0.069,0.021,,0.067,0.018,0.101,0.002,0.182,0.094,0.000,0.008,0.000,,0.016
Cereal Grains and Pasta,"Pasta, gluten-free, corn and rice flour, cooked",0.092,0.002,,,0.000,0.004,0.064,,,,0.056,0.011,0.131,0.024,0.074,0.166,0.078,0.031,0.069,0.013,0.039,0.003,0.028,0.100,0.060,0.007,0.055,0.049,0.031,0.002,0.045,0.098,0.009,0.071,0.057,0.005,0.022,0.000,0.000,0.020
Cereal Grains and Pasta,"Rice, white, steamed, Chinese restaurant",0.085,0.005,,,,,0.054,,,,0.036,0.014,,0.043,,,,0.014,,0.031,,,,,0.060,0.006,0.055,0.009,,0.002,0.014,,0.002,,,,0.013,,,0.049
Cereal Grains and Pasta,"Rice noodles, cooked",0.084,0.004,,,0.000,0.004,0.039,,,,0.040,0.003,0.064,0.016,0.052,0.054,0.030,0.009,0.041,0.004,0.002,0.001,0.002,0.054,0.036,0.001,0.031,0.003,0.064,0.008,0.016,0.060,0.002,0.079,0.057,0.000,0.004,0.000,0.000,0.018
Cereal Grains and Pasta,Arrowroot flour,0.082,0.042,,,0.000,,0.128,,,,0.136,0.020,0.006,0.037,0.007,0.007,0.006,0.009,0.006,0.000,0.004,0.002,0.026,0.007,0.009,0.003,0.005,0.000,,0.001,0.001,0.011,0.001,0.014,0.008,0.000,0.003,0.000,,0.005
Cereal Grains and Pasta,Cornstarch,0.080,0.002,,,0.000,0.001,0.136,,,,0.036,0.000,0.011,0.052,0.007,0.013,0.003,0.009,0.006,0.000,0.003,0.000,0.000,0.007,0.024,0.001,0.004,0.000,0.040,0.004,0.000,0.009,0.000,0.004,0.008,0.000,0.000,0.000,0.000,0.004
Dairy and Egg Products,"Cheese, roquefort",0.281,0.697,,,0.300,,0.132,,,,0.000,0.140,0.860,0.062,0.869,0.774,0.880,0.086,0.531,0.040,0.077,0.176,0.346,0.585,0.713,0.026,0.371,0.366,0.207,0.754,0.036,0.919,0.281,1.082,0.887,0.392,0.073,0.000,,0.151
Dairy and Egg Products,"Cheese, parmesan, shredded",0.271,1.319,,,0.240,0.038,0.148,,,,0.000,0.023,2.299,0.097,1.573,1.470,1.830,0.146,1.061,0.016,0.036,0.086,0.105,1.277,1.336,0.028,0.652,0.220,0.341,0.707,0.037,1.458,0.251,2.000,1.568,0.305,0.062,0.000,0.027,0.232
Dairy and Egg Products,"Cheese, goat, hard type",0.270,0.942,,,0.350,0.038,0.161,,,,0.000,0.011,1.189,0.209,0.902,0.964,1.043,0.154,0.774,0.130,0.106,0.000,0.082,0.694,1.325,0.014,0.525,0.744,0.079,0.176,0.125,1.085,0.327,1.146,1.154,0.648,0.047,0.000,0.043,0.116
Dairy and Egg Products,"Cheese, parmesan, grated",0.268,0.898,,,0.287,0.035,0.150,,,,0.000,0.017,1.151,0.054,1.039,1.006,1.048,0.097,0.715,0.004,0.147,0.026,0.090,0.879,1.140,0.051,0.489,0.224,0.491,0.752,0.023,1.024,0.256,1.368,1.025,0.349,0.048,0.000,0.024,0.306
Dairy and Egg Products,"Cheese, gruyere",0.261,1.064,,,0.367,0.038,0.147,,,,0.000,0.029,1.596,0.019,1.151,1.136,1.290,0.103,0.783,0.006,0.163,0.108,0.112,0.996,1.100,0.023,0.513,0.174,0.207,0.297,0.054,1.037,0.297,1.504,1.232,0.361,0.048,0.000,0.039,0.284
Dairy and Egg Products,"Cheese, parmesan, hard",0.260,1.246,,,0.227,0.038,0.140,,,,0.000,0.020,1.977,0.091,1.353,1.264,1.574,0.126,0.912,0.015,0.034,0.074,0.091,1.098,1.262,0.026,0.615,0.207,0.321,0.490,0.035,1.254,0.230,1.721,1.348,0.276,0.054,0.000,0.024,0.200
Dairy and Egg Products,"Cheese, tilsit",0.258,0.737,,,0.340,,0.121,,,,0.000,0.057,1.006,0.026,1.060,0.933,0.971,0.037,0.718,0.011,0.050,0.081,0.069,0.776,0.909,0.019,0.420,0.224,0.207,0.314,0.054,0.856,0.239,1.257,0.963,0.332,0.038,0.000,,0.255
Dairy and Egg Products,"Cheese food, pasteurized process, swiss",0.255,0.761,,,0.273,,0.115,,,,0.000,0.017,1.276,0.067,0.724,0.710,1.036,0.080,0.540,0.006,0.041,0.068,0.100,0.636,0.956,0.081,0.377,0.250,0.230,0.647,0.012,0.677,0.222,1.139,0.721,0.316,0.021,0.000,,0.258
Dairy and Egg Products,"Cheese, romano",0.254,1.120,,,0.347,0.038,0.138,,,,0.000,0.020,1.759,0.086,1.204,1.125,1.400,0.117,0.811,0.004,0.035,0.077,0.085,0.977,1.382,0.025,0.547,0.231,0.207,0.597,0.033,1.115,0.247,1.532,1.199,0.128,0.050,0.000,0.031,0.188
Dairy and Egg Products,"Cheese, cheshire",0.252,0.677,,,0.343,,0.138,,,,0.000,0.051,1.173,0.023,1.036,0.820,0.926,0.060,0.583,0.004,0.067,0.084,0.083,0.703,0.844,0.027,0.402,0.183,0.207,0.292,0.041,0.792,0.281,1.071,0.857,0.311,0.044,0.000,,0.203
Dairy and Egg Products,"Cheese, cheddar, sharp, sliced",0.252,0.748,,,0.330,0.041,0.146,,,,0.000,0.077,1.014,0.018,0.921,0.892,0.970,0.077,0.559,0.002,0.147,0.030,0.096,0.719,0.836,0.022,0.417,0.271,0.404,0.268,0.024,1.039,0.311,1.146,0.896,0.351,0.044,0.000,0.034,0.272
Dairy and Egg Products,"Cheese, swiss",0.250,0.937,,,0.310,0.035,0.140,,,,0.000,0.029,1.521,0.014,1.098,1.084,1.231,0.094,0.747,0.003,0.136,0.032,0.071,0.950,1.044,0.021,0.464,0.189,0.429,0.078,0.010,0.989,0.285,1.432,1.175,0.384,0.042,0.000,0.020,0.318
Dairy and Egg Products,"Cheese, edam",0.248,0.769,,,0.297,0.038,0.128,,,,0.000,0.046,1.477,0.049,0.934,0.941,1.267,0.086,0.687,0.004,0.052,0.062,0.056,0.819,0.975,0.054,0.430,0.243,0.207,0.405,0.033,0.888,0.262,1.257,0.995,0.324,0.045,0.000,0.033,0.273
Dairy and Egg Products,"Cheese, fontina",0.245,0.579,,,0.387,0.038,0.139,,,,0.000,0.017,1.370,0.026,0.989,0.976,1.109,0.040,0.672,0.008,0.108,0.198,0.086,0.855,0.629,0.018,0.441,0.127,0.207,0.333,0.019,0.890,0.286,1.289,1.058,0.348,0.049,0.000,0.037,0.255
Dairy and Egg Products,"Cheese, gouda",0.245,0.737,,,0.380,0.038,0.127,,,,0.000,0.060,1.474,0.027,0.933,0.939,1.264,0.083,0.685,0.003,0.033,0.099,0.068,0.818,0.993,0.035,0.429,0.209,0.207,0.341,0.027,0.886,0.252,1.257,0.992,0.220,0.047,0.000,0.033,0.284
Dairy and Egg Products,"Cheese, blue",0.245,0.556,,,0.250,0.038,0.126,,,,0.000,0.103,1.083,0.034,0.803,0.703,0.882,0.066,0.556,0.055,0.067,0.066,0.346,0.621,0.704,0.073,0.368,0.239,0.207,0.477,0.026,0.748,0.264,1.114,0.855,0.264,0.098,0.000,0.034,0.194
Dairy and Egg Products,"Cheese food, cold pack, American",0.244,0.523,,,0.213,,0.118,,,,0.000,0.014,1.144,0.093,0.649,0.637,0.929,0.086,0.485,0.004,0.058,0.064,0.195,0.571,0.727,0.104,0.338,0.279,0.231,0.403,0.027,0.608,0.225,1.025,0.647,,0.083,0.000,,0.219
Dairy and Egg Products,"Cheese, pasteurized process, swiss",0.243,0.813,,,0.283,0.091,0.119,,,,0.000,0.017,1.440,0.068,0.816,0.801,1.169,0.083,0.610,0.002,0.043,0.070,0.052,0.718,1.385,0.062,0.426,0.173,0.227,0.571,0.012,0.764,0.230,1.286,0.814,0.264,0.021,0.000,0.031,0.263
Dairy and Egg Products,"Cheese, cheddar (Includes foods for USDA's Food Distribution Program)",0.243,0.747,,,0.330,0.041,0.144,,,,0.000,0.077,0.781,0.016,0.861,0.710,0.488,0.077,0.521,0.003,0.146,0.029,0.082,0.614,0.827,0.022,0.394,0.267,0.407,0.272,0.026,0.994,0.306,1.954,0.771,0.449,0.039,0.000,0.034,0.265
Dairy and Egg Products,"Cheese, colby",0.241,0.721,,,0.317,0.038,0.141,,,,0.000,0.051,1.191,0.084,1.054,0.833,0.942,0.074,0.592,0.005,0.085,0.069,0.042,0.715,0.831,0.036,0.409,0.234,0.207,0.252,0.013,0.805,0.295,1.089,0.871,0.352,0.046,0.000,0.039,0.223
Dairy and Egg Products,"Cheese, mozzarella, low moisture, part-skim, shredded",0.240,0.754,,,0.217,0.035,0.109,,,,0.000,0.077,0.989,0.026,0.897,0.869,0.945,0.083,0.545,0.008,0.088,0.019,0.102,0.701,0.976,0.037,0.407,0.229,0.383,0.284,0.026,1.012,0.181,1.114,0.873,0.339,0.065,0.000,0.019,0.263
Dairy and Egg Products,"Cheese, pasteurized process, pimento",0.240,0.646,,,0.313,0.087,0.134,,,,0.004,0.023,1.289,0.047,0.731,0.716,1.046,0.063,0.545,0.004,0.076,0.096,0.097,0.642,1.353,0.046,0.381,0.221,0.207,0.381,0.024,0.684,0.287,1.154,0.728,0.325,0.042,0.021,0.041,0.217
Dairy and Egg Products,"Cheese, limburger",0.240,0.523,,,0.300,0.038,0.117,,,,0.000,0.166,0.826,0.014,0.871,0.767,0.798,0.060,0.590,0.009,0.042,0.039,0.235,0.638,0.715,0.037,0.345,0.314,0.207,0.333,0.071,0.704,0.250,1.032,0.791,0.453,0.051,0.000,0.033,0.153
Dairy and Egg Products,"Cheese, provolone",0.239,0.796,,,0.230,0.038,0.125,,,,0.000,0.029,1.593,0.058,0.779,0.841,1.260,0.080,0.653,0.008,0.062,0.069,0.095,0.735,0.902,0.039,0.440,0.201,0.207,0.303,0.017,0.935,0.244,1.232,0.901,0.315,0.043,0.000,0.031,0.235
Dairy and Egg Products,"Cheese, monterey",0.238,0.785,,,0.297,0.038,0.133,,,,0.000,0.051,1.227,0.080,1.085,0.859,0.970,0.077,0.610,0.005,0.080,0.065,0.042,0.737,0.807,0.023,0.421,0.244,0.207,0.250,0.013,0.830,0.278,1.125,0.898,0.264,0.046,0.000,0.036,0.218
Dairy and Egg Products,"Cheese, port de salut",0.237,0.684,,,0.410,0.038,0.126,,,,0.000,0.051,0.980,0.048,1.033,0.909,0.946,0.069,0.699,0.003,0.047,0.088,0.042,0.756,0.655,0.039,0.409,0.150,0.207,0.223,0.012,0.834,0.259,1.225,0.938,0.420,0.031,0.000,0.034,0.189
Dairy and Egg Products,"Cheese, gjetost",0.236,0.421,,,0.313,,0.166,,,,0.000,0.014,0.419,0.058,0.371,0.363,0.388,0.200,0.303,0.044,0.064,0.107,0.670,0.309,0.807,0.403,0.166,0.864,0.207,0.250,0.281,0.374,0.271,0.482,0.420,0.445,0.159,0.000,,0.083
Dairy and Egg Products,"Cheese, brick",0.235,0.709,,,0.313,0.038,0.133,,,,0.000,0.057,1.176,0.048,0.812,0.822,1.011,0.069,0.538,0.006,0.061,0.073,0.058,0.703,0.820,0.039,0.400,0.219,0.207,0.233,0.012,0.840,0.273,1.157,0.809,0.389,0.038,0.000,0.036,0.189
Dairy and Egg Products,"Cheese, muenster",0.235,0.755,,,0.320,0.038,0.131,,,,0.000,0.034,1.184,0.046,0.818,0.828,1.019,0.077,0.542,0.006,0.054,0.058,0.038,0.709,0.851,0.038,0.403,0.200,0.207,0.262,0.012,0.846,0.276,1.168,0.814,0.397,0.033,0.000,0.036,0.204
Dairy and Egg Products,"Cheese, camembert",0.234,0.408,,,0.240,0.038,0.107,,,,0.000,0.177,0.976,0.037,0.691,0.674,0.841,0.057,0.538,0.034,0.056,0.069,0.273,0.631,0.631,0.053,0.341,0.305,0.207,0.351,0.025,0.683,0.223,1.096,0.703,0.321,0.134,0.000,0.029,0.173
Dairy and Egg Products,"Cheese, low-sodium, cheddar or colby",0.234,0.740,,,0.333,0.038,0.142,,,,0.000,0.051,1.123,0.080,0.992,0.786,0.889,0.077,0.560,0.005,0.074,0.094,0.062,0.674,0.880,0.032,0.419,0.234,0.207,0.009,0.019,0.760,0.300,1.021,0.822,0.352,0.045,0.000,0.039,0.225
Dairy and Egg Products,"Cheese, Mexican blend",0.233,0.694,,,0.317,0.039,0.137,,,,0.000,0.037,1.050,0.066,0.969,0.795,0.788,0.071,0.571,0.006,0.067,0.083,0.050,0.686,0.796,0.024,0.405,0.199,0.214,0.253,0.021,0.828,0.295,1.268,0.830,0.232,0.036,0.000,0.036,0.219
Dairy and Egg Products,"Cheese, mozzarella, low moisture, part-skim",0.231,0.734,,,0.213,0.035,0.105,,,,0.000,0.077,0.787,0.024,0.869,0.716,0.492,0.077,0.525,0.006,0.091,0.018,0.086,0.619,0.996,0.054,0.409,0.221,0.394,0.278,0.021,1.003,0.182,1.968,0.778,0.303,0.059,0.000,0.019,0.263
Dairy and Egg Products,"Cheese, brie",0.225,0.194,,,0.333,0.038,0.119,,,,0.000,0.186,1.023,0.056,0.725,0.707,0.881,0.057,0.564,0.021,0.064,0.078,0.138,0.662,0.342,0.043,0.357,0.325,0.207,0.262,0.062,0.715,0.254,1.150,0.736,0.232,0.138,0.000,0.033,0.173
Dairy and Egg Products,"Cheese, mexican, queso anejo",0.223,0.716,,,0.350,0.038,0.133,,,,0.000,0.003,0.970,0.052,0.753,0.739,0.691,0.080,0.515,0.002,0.069,0.087,0.050,0.639,0.807,0.025,0.369,0.131,0.207,0.471,0.018,0.696,0.275,0.768,0.735,0.085,0.028,0.000,0.036,0.214
Dairy and Egg Products,"Cheese, mozzarella, whole milk, low moisture",0.222,0.605,,,0.297,0.037,0.114,,,,0.000,0.023,1.161,0.022,0.740,0.771,1.045,0.060,0.574,0.005,0.071,0.053,0.014,0.644,0.749,0.021,0.372,0.169,0.230,0.296,0.014,0.784,0.226,1.079,0.742,0.263,0.036,0.000,0.036,0.179
Dairy and Egg Products,"Cheese, mexican, queso asadero",0.221,0.696,,,0.350,0.038,0.127,,,,0.000,0.023,0.991,0.057,0.875,0.778,0.737,0.074,0.565,0.010,0.065,0.082,0.046,0.680,0.805,0.025,0.389,0.139,0.207,0.253,0.019,0.702,0.230,0.961,0.784,0.073,0.031,0.000,0.034,0.220
Dairy and Egg Products,"Cheese, mozzarella, part skim milk",0.221,0.823,,,0.213,0.038,0.091,,,,0.000,0.026,1.304,0.024,0.831,0.866,1.173,0.066,0.645,0.006,0.042,0.034,0.016,0.723,0.842,0.024,0.418,0.189,0.206,0.258,0.016,0.880,0.146,1.211,0.834,0.169,0.041,0.000,0.023,0.201
Dairy and Egg Products,"Cheese, feta",0.220,0.519,,,0.297,0.038,0.095,,,,0.000,0.091,0.567,0.072,0.574,0.511,0.580,0.054,0.350,0.054,0.041,0.066,0.193,0.386,0.613,0.018,0.245,0.527,0.214,0.475,0.137,0.607,0.197,0.714,0.585,0.167,0.249,0.000,0.026,0.210
Dairy and Egg Products,"Cheese, mexican, queso chihuahua",0.219,0.685,,,0.350,0.038,0.134,,,,0.000,0.006,0.854,0.052,0.769,0.739,0.731,0.066,0.579,0.008,0.068,0.086,0.056,0.593,0.804,0.015,0.371,0.141,0.207,0.257,0.016,0.779,0.273,0.707,0.696,0.075,0.032,0.000,0.036,0.255
Dairy and Egg Products,"Cheese, goat, semisoft type",0.219,0.314,,,0.263,0.038,0.130,,,,0.000,0.006,0.841,0.180,0.638,0.682,0.738,0.083,0.548,0.062,0.089,0.000,0.038,0.491,0.682,0.045,0.371,0.422,0.054,0.173,0.064,0.767,0.274,0.811,0.816,0.543,0.035,0.000,0.036,0.048
Dairy and Egg Products,"Cheese, mozzarella, whole milk",0.212,0.532,,,0.263,0.038,0.107,,,,0.000,0.020,0.736,0.049,0.811,0.669,0.460,0.057,0.490,0.006,0.049,0.093,0.028,0.578,0.644,0.022,0.382,0.177,0.243,0.203,0.027,0.936,0.203,1.839,0.726,0.239,0.022,0.000,0.033,0.212
Dairy and Egg Products,"Egg, whole, cooked, poached",0.199,0.059,,,1.233,0.585,0.051,,,,0.000,0.100,0.440,0.194,0.478,0.396,0.433,0.034,0.360,0.003,0.194,0.012,0.305,0.387,0.358,0.039,0.215,0.242,0.437,0.124,0.029,0.527,0.087,0.593,0.470,0.213,0.085,0.000,0.004,0.094
Dairy and Egg Products,"Egg, whole, cooked, hard-boiled",0.195,0.053,,,1.243,0.735,0.055,,,,0.000,0.126,0.426,0.132,0.490,0.394,0.430,0.029,0.373,0.003,0.148,0.009,0.280,0.382,0.313,0.036,0.217,0.321,0.440,0.052,0.059,0.575,0.097,0.546,0.421,0.199,0.071,0.000,0.004,0.076
Dairy and Egg Products,"Cheese, goat, soft type",0.194,0.147,,,0.153,0.038,0.094,,,,0.000,0.034,0.721,0.211,0.547,0.585,0.633,0.046,0.470,0.023,0.063,0.000,0.136,0.421,0.465,0.007,0.319,0.237,0.040,0.191,0.062,0.658,0.194,0.696,0.700,0.384,0.147,0.000,0.026,0.067
Dairy and Egg Products,"Egg, whole, cooked, omelet",0.187,0.051,,,1.043,0.619,0.055,,,,0.000,0.111,0.371,0.164,0.404,0.334,0.365,0.031,0.304,0.003,0.290,0.033,0.258,0.327,0.304,0.033,0.182,0.241,0.369,0.065,0.030,0.445,0.107,0.500,0.397,0.229,0.084,0.000,0.064,0.079
Dairy and Egg Products,KRAFT CHEEZ WHIZ Pasteurized Process Cheese Sauce,0.181,0.378,,,0.250,,0.099,,,,0.012,,,0.021,,,,,,,,,,,1.465,0.069,0.207,0.150,,0.682,,,0.193,,,,,0.004,,0.119
Dairy and Egg Products,"Cheese substitute, mozzarella",0.180,0.642,,,0.000,0.034,0.089,,,,0.000,0.031,0.409,0.044,0.407,0.338,0.378,0.117,0.269,0.017,0.208,0.018,0.017,0.300,1.060,0.130,0.197,0.277,0.274,0.285,0.023,0.378,0.112,0.539,0.374,0.583,0.030,0.001,0.014,0.140
Dairy and Egg Products,KRAFT CHEEZ WHIZ LIGHT Pasteurized Process Cheese Product,0.180,0.440,,,0.117,,0.077,,,,0.008,,,0.018,,,,,,,,,,,1.715,0.085,0.281,0.206,,0.710,,,0.087,,,,,0.004,,0.172
Dairy and Egg Products,"Egg, whole, cooked, scrambled",0.179,0.069,,,0.923,0.552,0.053,,,,0.000,0.103,0.350,0.146,0.380,0.315,0.336,0.031,0.283,0.004,0.258,0.034,0.243,0.306,0.300,0.038,0.172,0.235,0.336,0.060,0.036,0.421,0.101,0.496,0.371,0.215,0.079,0.000,0.057,0.076
Dairy and Egg Products,"Cheese, mexican, queso cotija",0.165,0.842,,,0.333,0.038,0.131,,,,0.000,0.029,,0.000,,,,0.109,,0.006,0.124,0.050,,,1.325,0.036,0.344,0.304,0.253,0.583,0.026,,0.276,,,0.305,0.029,0.000,0.027,0.282
Dairy and Egg Products,"Yogurt, Greek, whole, plain, CHOBANI",0.159,0.117,,,0.050,,0.029,,,,0.032,,0.337,0.003,0.318,0.301,0.337,,0.216,,,,,0.234,,,0.142,,,0.015,,0.350,0.037,0.436,0.297,0.077,,0.005,,
Dairy and Egg Products,"Imitation cheese, american or cheddar, low cholesterol",0.158,0.742,,,0.050,0.000,0.139,,,,0.000,0.051,,0.078,,,,0.086,,0.004,1.305,0.045,,,0.964,0.016,0.430,0.225,0.209,0.279,0.027,,0.294,,,0.153,0.041,0.000,0.039,0.218
Dairy and Egg Products,"Cheese, parmesan, low sodium",0.157,0.842,,,0.263,0.038,0.161,,,,0.000,0.029,,0.106,,,,0.146,,0.017,0.040,0.085,,,1.467,0.031,0.716,0.244,0.341,0.026,0.036,,0.275,,,0.167,0.059,0.000,0.029,0.232
Dairy and Egg Products,"Cheese, ricotta, part skim milk",0.155,0.286,,,0.103,0.041,0.049,,,,0.000,0.037,0.663,0.049,0.426,0.452,0.644,0.043,0.270,0.004,0.024,0.018,0.048,0.321,0.333,0.036,0.196,0.116,0.239,0.041,0.019,0.498,0.073,0.454,0.385,0.143,0.012,0.000,0.010,0.097
Dairy and Egg Products,"Cheese, white, queso blanco",0.154,0.726,,,0.233,0.038,0.111,,,,,,,0.020,,,,0.083,,0.002,0.115,0.028,0.079,,0.849,0.036,0.351,0.144,0.197,0.293,0.043,,0.223,,,0.209,0.051,,0.023,0.223
Dairy and Egg Products,"Butter, Clarified butter (ghee)",0.153,0.000,,,1.000,,0.321,,,,0.000,,,0.000,,,,,,,,,,,,,0.000,,,0.000,,,0.918,,,,,0.000,,
Dairy and Egg Products,"Cheese sauce, prepared from recipe",0.152,0.327,,,0.127,0.013,0.070,,,,0.004,0.029,0.444,0.039,0.413,0.330,0.368,0.054,0.231,0.011,0.152,0.046,0.047,0.277,0.416,0.041,0.178,0.152,0.094,0.205,0.039,0.338,0.137,0.439,0.345,0.109,0.026,0.005,0.013,0.092
Dairy and Egg Products,"Cheese, neufchatel",0.150,0.123,,,0.247,,0.090,,,,0.000,0.040,0.386,0.014,0.358,0.371,0.417,0.029,0.280,0.011,0.087,0.029,0.115,0.256,0.251,0.043,0.157,0.097,0.043,0.139,0.020,0.342,0.209,0.379,0.335,0.321,0.024,0.000,0.024,0.060
Dairy and Egg Products,"Cheese, swiss, low sodium",0.150,1.012,,,0.307,0.038,0.134,,,,0.000,0.017,,0.019,,,,0.103,,0.005,0.077,0.087,,,1.100,0.032,0.489,0.231,0.179,0.006,0.018,,0.252,,,0.288,0.047,0.000,0.034,0.284
Dairy and Egg Products,"Cheese, cottage, with vegetables",0.148,0.059,,,0.047,0.044,0.034,,,,0.004,0.049,0.567,0.011,0.503,0.451,0.461,0.011,0.342,0.005,0.013,0.009,,0.369,0.233,0.025,0.188,0.081,0.064,0.168,0.009,0.508,0.039,0.479,0.408,0.071,0.029,0.036,0.157,0.021
Dairy and Egg Products,"Cheese, pasteurized process, cheddar or American, low sodium",0.148,0.648,,,0.313,0.091,0.134,,,,0.000,0.023,,0.043,,,,0.063,,0.004,0.076,0.095,,,1.355,0.046,0.382,0.219,0.181,0.003,0.027,,0.286,,,0.339,0.041,0.000,0.037,0.218
Dairy and Egg Products,"Cheese, cottage, creamed, large or small curd",0.142,0.087,,,0.057,0.046,0.035,,,,0.000,0.034,0.466,0.008,0.422,0.409,0.445,0.023,0.256,0.005,0.013,0.004,0.111,0.330,0.289,0.030,0.191,0.102,0.139,0.131,0.024,0.476,0.039,0.525,0.411,0.049,0.027,0.000,0.000,0.029
Dairy and Egg Products,"Cheese, american cheddar, imitation",0.142,0.592,,,0.120,0.000,0.085,,,,0.000,0.020,,0.037,,,,0.083,,0.007,0.033,0.036,,,1.295,0.069,0.287,0.269,0.217,0.560,0.045,,0.129,,,0.152,0.071,0.000,0.039,0.188
Dairy and Egg Products,"Cheese, fresh, queso fresco",0.140,0.596,,,0.230,0.031,0.107,,,,0.000,0.020,,0.022,,,,0.069,,0.001,0.111,0.027,0.072,,0.700,0.037,0.311,0.108,0.276,0.313,0.037,,0.219,,,0.299,0.045,0.000,0.014,0.188
Dairy and Egg Products,"Yogurt, Greek, Blueberry, CHOBANI",0.139,0.095,,,0.013,,0.029,,,,0.020,,0.296,0.017,0.279,0.264,0.295,,0.190,,,,,0.206,,0.037,0.124,,,0.013,,0.307,0.002,0.382,0.261,0.004,,0.003,,
Dairy and Egg Products,"Cheese, cottage, creamed, with fruit",0.137,0.056,,,0.043,0.044,0.035,,,,0.008,0.031,0.504,0.018,0.446,0.400,0.409,0.020,0.305,0.008,0.011,0.009,0.036,0.327,0.205,0.026,0.184,0.089,0.110,0.143,0.029,0.449,0.035,0.421,0.361,0.051,0.040,0.013,0.006,0.024
Dairy and Egg Products,"Cheese, mozzarella, low sodium",0.136,0.769,,,0.180,0.046,0.100,,,,0.000,0.026,,0.028,,,,0.074,,0.006,0.045,0.037,,,0.953,0.027,0.473,0.212,0.224,0.007,0.018,,0.157,,,0.183,0.047,0.000,0.026,0.228
Dairy and Egg Products,"Cheese, cream",0.136,0.102,,,0.337,0.067,0.125,,,,0.000,0.026,0.250,0.012,0.231,0.241,0.270,0.026,0.182,0.005,0.151,0.033,0.103,0.166,0.195,0.038,0.106,0.144,0.123,0.131,0.021,0.222,0.316,0.246,0.217,0.411,0.033,0.000,0.030,0.036
Dairy and Egg Products,"Nutritional supplement for people with diabetes, liquid",0.126,0.116,,,0.007,0.151,0.031,,,,0.088,0.126,,0.220,,,,0.126,,0.119,0.049,0.001,0.220,,0.200,0.050,0.076,0.117,0.110,0.038,0.147,,0.028,,,0.220,0.129,0.240,0.126,0.120
Dairy and Egg Products,"Milk, sheep, fluid",0.124,0.203,,,0.090,,0.039,,,,0.000,0.020,0.239,0.011,0.241,0.215,0.244,0.051,0.148,0.023,0.023,0.032,0.081,0.162,0.287,0.039,0.103,0.222,0.024,0.018,0.058,0.255,0.064,0.300,0.246,0.059,0.035,0.038,,0.039
Dairy and Egg Products,"Eggs, scrambled, frozen mixture",0.120,0.018,,,0.923,0.639,0.047,,,,0.000,0.049,,0.026,,,,0.029,,0.005,0.204,0.029,,,0.055,0.042,0.225,0.187,0.327,0.068,0.009,,0.051,,,0.028,0.006,0.000,0.026,0.010
Dairy and Egg Products,"Ice cream bar, covered with chocolate and nuts",0.118,0.095,,,0.187,0.095,0.108,,,,0.044,0.040,,0.134,,,,0.106,,0.066,0.215,0.040,,,0.265,0.087,0.097,0.144,0.044,0.023,0.046,,0.237,,,0.081,0.165,0.000,0.024,0.059
Dairy and Egg Products,"Yogurt, plain, skim milk",0.114,0.209,,,0.007,0.038,0.020,,,,0.000,0.034,0.203,0.010,0.224,0.211,0.245,0.054,0.161,0.007,0.001,0.000,0.128,0.179,0.285,0.073,0.099,0.146,0.051,0.032,0.043,0.224,0.002,0.114,0.260,0.003,0.031,0.008,0.003,0.071
Dairy and Egg Products,"Butter, salted",0.114,0.025,,,0.717,0.047,0.256,,,,0.000,0.009,0.033,0.002,0.036,0.030,0.032,0.006,0.020,0.002,0.341,0.079,0.022,0.023,0.044,0.007,0.015,0.021,0.014,0.268,0.004,0.036,0.745,0.043,0.031,0.912,0.002,0.000,0.100,0.007
Dairy and Egg Products,"Cream, fluid, heavy whipping",0.114,0.069,,,0.377,0.042,0.121,,,,0.000,0.011,0.094,0.011,0.104,0.086,0.059,0.020,0.063,0.003,0.162,0.032,0.099,0.074,0.105,0.027,0.049,0.117,0.043,0.011,0.018,0.120,0.331,0.236,0.093,0.548,0.021,0.005,0.046,0.017
Dairy and Egg Products,"Ice cream, soft serve, chocolate",0.114,0.138,,,0.303,0.065,0.079,,,,0.028,0.026,0.141,0.023,0.154,0.129,0.141,0.034,0.087,0.005,0.035,0.045,0.101,0.101,0.211,0.051,0.071,0.114,0.043,0.025,0.044,0.161,0.119,0.171,0.132,0.216,0.028,0.007,0.013,0.038
Dairy and Egg Products,"Butter, whipped, with salt",0.113,0.024,,,0.750,0.047,0.261,,,,0.000,0.011,0.033,0.006,0.036,0.030,0.032,0.003,0.020,0.001,0.339,0.074,0.019,0.023,0.044,0.012,0.008,0.040,0.000,0.243,0.006,0.036,0.719,0.043,0.031,0.911,0.005,0.000,0.066,0.004
Dairy and Egg Products,Dulce de Leche,0.112,0.264,,,0.097,0.223,0.113,,,,0.000,0.031,,0.019,,,,0.063,,0.011,0.036,0.013,0.167,,0.351,0.100,0.118,0.253,0.039,0.054,0.014,,0.068,,,0.099,0.009,0.024,0.019,0.057
Dairy and Egg Products,"Ice cream, bar or stick, chocolate covered",0.112,0.125,,,0.093,0.074,0.118,,,,0.032,0.020,,0.032,,,,0.080,,0.009,0.372,0.071,0.096,,0.315,0.087,0.071,0.163,0.034,0.028,0.055,,0.221,,,0.025,0.025,0.000,0.019,0.060
Dairy and Egg Products,"Butter, without salt",0.112,0.025,,,0.717,0.047,0.256,,,,0.000,0.009,0.033,0.002,0.036,0.030,0.032,0.006,0.020,0.002,0.229,0.295,0.022,0.023,0.044,0.007,0.015,0.021,0.014,0.005,0.004,0.036,0.745,0.043,0.031,0.912,0.002,0.000,0.100,0.007
Dairy and Egg Products,Eggnog,0.111,0.137,,,0.197,0.131,0.031,,,,0.000,0.003,0.154,0.022,0.169,0.140,0.122,0.054,0.114,0.006,0.017,0.015,0.083,0.129,0.198,0.047,0.078,0.119,0.060,0.022,0.030,0.191,0.038,0.304,0.159,0.079,0.029,0.014,0.004,0.033
Dairy and Egg Products,"Butter oil, anhydrous",0.110,0.004,,,0.853,0.056,0.313,,,,0.000,0.000,0.011,0.000,0.012,0.010,0.010,0.000,0.007,0.000,0.281,0.362,0.002,0.008,0.005,0.001,0.005,0.003,0.000,0.001,0.001,0.012,0.914,0.014,0.010,1.120,0.001,0.000,0.123,0.001
Dairy and Egg Products,"Cream, whipped, cream topping, pressurized",0.108,0.106,,,0.253,0.042,0.092,,,,0.000,0.009,0.124,0.006,0.139,0.115,0.121,0.031,0.076,0.004,0.063,0.081,0.061,0.088,0.162,0.042,0.055,0.041,0.020,0.003,0.033,0.137,0.204,0.161,0.118,0.251,0.024,0.000,0.027,0.027
Dairy and Egg Products,"Ice cream cone, chocolate covered, with nuts, flavors other than chocolate",0.107,0.066,,,0.070,0.060,0.126,,,,0.040,0.069,,0.000,,,,0.083,,0.045,0.176,0.062,0.088,,0.196,0.063,0.090,0.158,0.037,0.039,0.096,,0.201,,,0.043,0.027,0.000,0.016,0.063
Dairy and Egg Products,"Cream, sour, cultured",0.106,0.106,,,0.197,0.048,0.071,,,,0.000,0.017,0.131,0.008,0.116,0.118,0.131,0.029,0.074,0.005,0.081,0.018,0.094,0.090,0.138,0.036,0.042,0.105,0.053,0.013,0.018,0.135,0.178,0.150,0.107,0.165,0.024,0.008,0.021,0.024
Dairy and Egg Products,"Milk, indian buffalo, fluid",0.106,0.178,,,0.063,,0.035,,,,0.000,0.017,0.111,0.013,0.145,0.134,0.133,0.089,0.092,0.005,0.009,0.019,0.038,0.093,0.213,0.051,0.065,0.084,,0.022,0.046,0.173,0.063,0.189,0.120,0.071,0.014,0.021,,0.016
Dairy and Egg Products,"Cheese, ricotta, whole milk",0.106,0.217,,,0.163,0.044,0.054,,,,0.000,0.011,,0.014,,,,0.057,,0.007,0.044,0.011,0.092,,0.280,0.063,0.130,0.186,0.084,0.046,0.012,,0.093,,,0.160,0.057,0.000,0.016,0.039
Dairy and Egg Products,"Cream, fluid, light whipping",0.106,0.073,,,0.370,0.042,0.104,,,,0.000,0.011,0.084,0.003,0.094,0.078,0.082,0.020,0.051,0.002,0.077,0.067,0.052,0.060,0.111,0.028,0.037,0.078,0.007,0.014,0.021,0.093,0.284,0.111,0.080,0.372,0.016,0.005,0.039,0.018
Dairy and Egg Products,"Cream, fluid, light (coffee cream or table cream)",0.106,0.096,,,0.197,0.043,0.070,,,,0.000,0.006,0.099,0.006,0.108,0.089,0.061,0.026,0.066,0.005,0.082,0.016,0.088,0.077,0.167,0.039,0.051,0.119,0.066,0.030,0.021,0.125,0.175,0.246,0.097,0.160,0.026,0.007,0.024,0.023
Dairy and Egg Products,"Ice cream bar, stick or nugget, with crunch coating",0.105,0.066,,,0.053,0.113,0.128,,,,0.044,0.009,,0.000,,,,0.031,,0.030,0.252,0.048,0.061,,0.104,0.020,0.036,0.043,0.057,0.035,0.038,,0.232,,,0.047,0.062,0.000,0.319,0.023
Dairy and Egg Products,"Milk shakes, thick vanilla",0.104,0.154,,,0.040,0.036,0.040,,,,0.000,0.020,0.150,0.011,0.167,0.138,0.146,0.034,0.092,0.008,0.009,0.011,0.074,0.106,0.209,0.052,0.066,0.122,0.033,0.040,0.027,0.166,0.028,0.193,0.142,0.033,0.025,0.000,0.003,0.028
Dairy and Egg Products,"Cream, fluid, half and half",0.104,0.113,,,0.117,0.047,0.047,,,,0.000,0.009,0.104,0.006,0.114,0.095,0.065,0.029,0.070,0.006,0.058,0.010,0.108,0.082,0.173,0.038,0.054,0.121,0.046,0.025,0.027,0.132,0.106,0.261,0.103,0.129,0.029,0.008,0.019,0.028
Dairy and Egg Products,Ice cream sandwich,0.103,0.091,,,0.070,0.020,0.085,,,,0.000,0.097,,0.029,,,,0.083,,0.085,0.265,0.037,0.042,,0.131,0.033,0.074,0.091,0.044,0.054,0.099,,0.079,,,0.115,0.016,0.000,0.019,0.044
Dairy and Egg Products,"Milk shakes, thick chocolate",0.101,0.139,,,0.037,0.043,0.043,,,,0.012,0.014,0.119,0.034,0.132,0.110,0.115,0.046,0.072,0.007,0.008,0.010,0.073,0.084,0.229,0.064,0.052,0.139,0.027,0.046,0.042,0.131,0.025,0.154,0.112,0.024,0.015,0.000,0.003,0.035
Dairy and Egg Products,"Milk, filled, fluid, with blend of hydrogenated vegetable oils",0.101,0.135,,,0.007,,0.022,,,,0.000,0.014,0.129,0.006,0.144,0.119,0.126,0.037,0.080,0.005,0.090,0.007,0.060,0.092,0.176,0.040,0.057,0.077,0.029,0.024,0.027,0.143,0.032,0.168,0.123,0.003,0.024,0.008,,0.026
Dairy and Egg Products,"Milk, buttermilk, fluid, whole",0.100,0.121,,,0.037,0.036,0.022,,,,0.000,0.014,0.139,0.003,0.119,0.111,0.128,0.029,0.080,0.005,0.015,0.019,0.076,0.095,0.155,0.039,0.055,0.107,0.053,0.044,0.042,0.130,0.030,0.146,0.115,0.063,0.021,0.000,0.004,0.028
Dairy and Egg Products,"Milk, chocolate beverage, hot cocoa, homemade",0.100,0.120,,,0.027,0.039,0.028,,,,0.040,0.014,0.096,0.047,0.121,0.112,0.102,0.066,0.072,0.007,0.009,0.002,0.066,0.086,0.191,0.056,0.061,0.114,0.039,0.018,0.035,0.090,0.021,0.132,0.110,0.068,0.024,0.002,0.003,0.046
Dairy and Egg Products,"Yogurt, plain, whole milk",0.100,0.127,,,0.043,0.038,0.022,,,,0.000,0.020,0.123,0.006,0.135,0.128,0.148,0.034,0.097,0.004,0.008,0.007,0.078,0.108,0.173,0.044,0.060,0.089,0.031,0.019,0.026,0.135,0.030,0.071,0.158,0.036,0.019,0.005,0.003,0.043
Dairy and Egg Products,"Milk, filled, fluid, with lauric acid oil",0.099,0.135,,,0.007,0.037,0.022,,,,0.000,0.014,0.129,0.006,0.144,0.119,0.126,0.037,0.080,0.005,0.001,0.000,0.060,0.092,0.176,0.040,0.057,0.077,0.029,0.024,0.027,0.143,0.031,0.168,0.123,0.003,0.024,0.008,0.011,0.026
Fats and Oils,"Oil, cooking and salad, ENOVA, 80% diglycerides",0.337,,,,,,0.316,,,,,,,,,,,,,,5.742,1.858,,,,,0.000,,,0.000,,,0.918,,,,,,,
Fats and Oils,"Oil, vegetable, Natreon canola, high stability, non trans, high oleic (70%)",0.155,,,,0.000,,0.316,,,,0.000,,,,,,,,,0.000,1.813,0.649,,,,,0.000,0.000,,0.000,0.000,,0.918,,,,,0.000,,
Fats and Oils,"Margarine, industrial, non-dairy, cottonseed, soy oil (partially hydrogenated ), for flaky pastries",0.142,0.069,,,0.000,,0.255,,,,0.000,0.009,,0.000,,,,0.017,,0.003,1.060,0.197,0.037,,0.093,0.027,0.033,0.051,0.000,0.366,0.020,,0.737,,,1.376,0.011,0.004,1.517,0.000
Fats and Oils,"Margarine-like, margarine-butter blend, soybean oil and butter",0.140,0.011,,,0.040,0.016,0.260,,,,0.000,0.006,,0.004,,,,0.003,,0.001,2.692,0.659,0.008,,0.018,0.006,0.005,0.014,0.003,0.300,0.008,,0.738,,,1.092,0.005,0.001,1.236,0.002
Fats and Oils,"Salad dressing, peppercorn dressing, commercial, regular",0.140,0.023,,,0.163,0.052,0.201,,,,0.000,0.011,,0.039,,,,0.006,,0.000,3.626,0.965,,,0.047,0.050,0.021,0.000,0.023,0.460,0.000,,0.564,,,0.013,0.041,0.005,1.789,0.013
Fats and Oils,"Salad dressing, ranch dressing, regular",0.139,0.029,,,0.087,0.082,0.154,,,,0.000,0.011,,0.033,,,,0.014,,0.003,2.791,0.854,0.054,,0.338,0.018,0.023,0.054,0.050,0.375,0.013,,0.409,,,0.020,0.018,0.000,1.919,0.012
Fats and Oils,"Margarine, industrial, soy and partially hydrogenated soy oil, use for baking, sauces and candy",0.138,0.003,,,0.000,,0.255,,,,0.000,0.003,,0.013,,,,0.003,,0.000,2.458,0.689,0.000,,0.009,0.005,0.003,0.000,,0.369,0.011,,0.735,,,,0.000,,1.071,0.008
Fats and Oils,"Salad dressing, mayonnaise, soybean oil, without salt",0.138,0.019,,,0.197,,0.256,,,,0.000,,,0.056,,,,,,0.000,4.638,1.050,,,0.051,0.010,0.019,0.000,0.023,0.013,0.000,,0.729,,,0.112,,0.000,,
Fats and Oils,"Salad dressing, caesar dressing, regular",0.137,0.051,,,0.130,0.039,0.194,,,,0.020,0.006,,0.120,,,,0.006,,0.002,3.621,0.963,0.017,,0.035,0.008,0.037,0.006,0.023,0.504,0.009,,0.531,,,0.012,0.015,0.003,1.497,0.008
Fats and Oils,"Salad dressing, blue or roquefort cheese dressing, commercial, regular",0.134,0.039,,,0.103,0.045,0.173,,,,0.016,0.014,,0.010,,,,0.023,,0.005,3.040,0.799,0.078,,0.135,0.025,0.024,0.062,0.014,0.268,0.009,,0.469,,,0.019,0.022,0.006,1.227,0.015
Fats and Oils,"Salad dressing, KRAFT Mayo Light Mayonnaise",0.134,0.006,,,0.117,,0.119,,,,0.004,,,0.022,,,,,,,,,,,0.105,0.015,0.010,,,0.264,,,0.302,,,,,0.003,2.216,
Fats and Oils,"Salad dressing, green goddess, regular",0.132,0.036,,,0.133,0.009,0.152,,,,0.004,0.011,,0.039,,,,0.020,,0.008,2.554,0.682,,,0.056,0.017,0.033,0.031,0.023,0.361,0.018,,0.398,,,0.013,0.006,0.002,1.381,0.018
Fats and Oils,"Salad Dressing, mayonnaise, light, SMART BALANCE, Omega Plus light",0.132,0.014,,,0.110,,0.119,,,,0.008,,,0.034,,,,0.006,,0.002,1.064,0.797,0.054,,0.049,0.018,0.026,0.019,0.063,0.353,0.013,,0.314,,,0.000,0.009,0.000,0.940,0.015
Fats and Oils,"Oil, soybean lecithin",0.132,0.000,,,0.000,0.875,0.273,,,,0.000,0.000,,0.000,,,,0.000,,0.000,5.023,1.284,0.000,,0.000,0.000,0.000,0.000,0.000,0.000,0.000,,0.918,,,0.000,0.000,0.000,2.627,0.000
Fats and Oils,"Mayonnaise, made with tofu",0.129,0.056,,,0.000,0.066,0.115,,,,0.044,0.023,,0.030,,,,0.149,,0.005,1.817,0.510,0.025,,0.089,0.019,0.102,0.025,0.023,0.322,0.045,,0.292,,,0.003,0.012,0.000,0.763,0.029
Fats and Oils,"Salad dressing, bacon and tomato",0.129,0.004,,,0.013,0.041,0.116,,,,0.008,0.000,,0.030,,,,0.017,,0.038,2.155,0.576,,,0.045,0.031,0.031,0.012,0.023,0.377,0.036,,0.321,,,0.015,0.047,0.080,0.987,0.015
Fats and Oils,"Salad dressing, french dressing, commercial, regular",0.129,0.028,,,0.000,0.011,0.150,,,,0.096,0.000,,0.036,,,,0.020,,0.013,2.505,0.720,,,0.045,0.031,0.015,0.039,0.000,0.275,0.034,,0.359,,,0.031,0.025,0.000,1.734,0.009
Fats and Oils,"Salad dressing, coleslaw",0.128,0.009,,,0.137,0.036,0.144,,,,0.000,0.011,,0.037,,,,0.009,,0.003,2.095,0.638,0.023,,0.076,0.010,0.015,0.034,0.069,0.354,0.030,,0.317,,,0.023,0.004,0.005,0.944,0.012
Fats and Oils,"Salad dressing, russian dressing",0.127,0.014,,,0.000,0.011,0.127,,,,0.028,0.014,,0.067,,,,0.029,,0.032,1.636,0.435,0.080,,0.036,0.049,0.012,0.029,0.023,0.472,0.026,,0.240,,,0.039,0.057,0.055,0.767,0.016
Fats and Oils,"Salad dressing, honey mustard, regular",0.126,0.013,,,0.097,0.052,0.166,,,,0.016,0.014,,0.032,,,,0.014,,0.003,2.515,0.674,0.023,,0.040,0.006,0.015,0.014,0.071,0.213,0.035,,0.375,,,0.016,0.010,0.002,1.000,0.010
Fats and Oils,"Salad dressing, poppyseed, creamy",0.126,0.062,,,0.050,0.015,0.142,,,,0.012,0.009,,0.028,,,,0.026,,0.003,1.912,0.497,0.022,,0.089,0.017,0.016,0.036,0.017,0.389,0.021,,0.306,,,0.068,0.013,0.003,0.717,0.018
Fats and Oils,"Salad dressing, mayonnaise, soybean and safflower oil, with salt",0.125,0.019,,,0.197,,0.256,,,,0.000,0.023,0.037,0.056,0.046,0.035,0.034,0.003,0.033,0.000,6.500,0.750,0.059,0.033,0.051,0.010,0.019,0.000,0.023,0.237,0.000,0.052,0.729,0.061,0.041,0.112,0.339,0.000,0.353,0.009
Fats and Oils,"Mayonnaise dressing, no cholesterol",0.123,0.007,,,0.000,0.002,0.246,,,,0.000,0.000,,0.026,,,,0.003,,0.001,5.071,1.242,,,0.045,0.004,0.000,0.037,0.023,0.203,0.009,,0.714,,,0.000,0.006,0.000,0.353,0.009
Fats and Oils,"Fish oil, cod liver",0.122,0.000,,,1.900,,0.322,,,,0.000,0.000,,0.000,,,,0.000,,0.000,0.117,0.234,0.000,,0.000,0.000,0.000,0.000,0.000,0.000,,,0.918,,,40.000,0.000,0.000,,0.000
Fats and Oils,"Oil, industrial, soy, low linolenic",0.122,0.000,,,0.000,0.001,0.321,,,,0.000,0.000,,0.006,,,,0.000,,0.000,6.996,0.741,,,0.000,0.000,0.000,0.000,0.000,0.000,0.000,,0.918,,,0.000,0.000,0.000,2.627,0.001
Fats and Oils,"Salad dressing, mayonnaise, regular",0.121,0.008,,,0.140,0.086,0.243,,,,0.000,0.014,0.037,0.023,0.046,0.035,0.034,0.003,0.033,0.000,4.893,1.364,0.034,0.033,0.038,0.006,0.017,0.012,0.033,0.265,0.009,0.052,0.687,0.061,0.041,0.021,0.005,0.000,2.329,0.011
Fats and Oils,"Salad dressing, french dressing, commercial, regular, without salt",0.121,0.025,,,0.000,,0.164,,,,0.000,0.000,,0.089,,,,0.014,,0.010,2.287,0.684,0.000,,0.035,0.019,0.013,0.033,0.000,0.000,0.017,,0.412,,,0.031,0.000,0.000,1.734,0.021
Fats and Oils,"Oil, industrial, canola with antifoaming agent, principal uses salads, woks and light frying",0.120,0.000,,,0.000,0.001,0.316,,,,0.000,0.000,,0.000,,,,0.000,,0.000,2.239,1.599,0.000,,0.000,0.000,0.000,0.000,0.000,0.000,0.000,,0.918,,,0.000,0.000,0.000,1.743,0.000
Fats and Oils,"Butter, light, stick, with salt",0.120,0.051,,,0.353,0.032,0.178,,,,0.000,0.003,,0.121,,,,0.014,,0.001,0.155,0.201,,,0.062,0.020,0.057,0.044,0.014,0.188,0.009,,0.506,,,0.620,0.006,0.000,0.069,0.019
Fats and Oils,"Oil, corn and canola",0.120,0.000,,,0.000,0.001,0.316,,,,0.000,0.000,,0.000,,,,0.000,,0.000,2.914,1.450,,,0.000,0.000,0.000,0.000,0.000,0.000,0.000,,0.918,,,0.000,0.000,0.000,0.603,0.000
Fats and Oils,"Salad dressing, thousand island, commercial, regular",0.120,0.018,,,0.087,0.011,0.135,,,,0.032,0.000,0.000,0.131,0.000,0.000,0.000,0.023,0.000,0.023,1.984,0.588,0.000,0.000,0.049,0.031,0.019,0.036,0.021,0.401,1.290,0.000,0.322,0.000,0.000,0.019,0.000,0.000,0.987,0.019
Fats and Oils,"Salad dressing, buttermilk, lite",0.120,0.042,,,0.053,0.040,0.072,,,,0.044,0.011,,0.077,,,,0.017,,0.000,0.461,0.132,0.172,,0.351,0.038,0.022,0.017,0.041,0.467,0.020,,0.114,,,0.024,0.017,0.005,0.497,0.045
Fats and Oils,"Oil, canola",0.120,0.000,,,0.000,0.001,0.316,,,,0.000,0.000,,0.000,,,,0.000,,0.000,2.376,2.284,0.000,,0.000,0.000,0.000,0.000,0.000,0.000,0.000,,0.918,,,0.000,0.000,0.000,1.019,0.000
Fats and Oils,"Oil, industrial, canola for salads, woks and light frying",0.120,0.000,,,0.000,0.001,0.316,,,,0.000,0.000,,0.000,,,,0.000,,0.000,2.345,1.909,0.000,,0.000,0.000,0.000,0.000,0.000,0.000,0.000,,0.918,,,0.000,0.000,0.000,1.019,0.000
Fats and Oils,"Oil, industrial, canola, high oleic",0.120,0.000,,,0.000,0.001,0.321,,,,0.000,0.000,,0.000,,,,0.000,,0.000,1.674,0.598,,,0.000,0.000,0.000,0.000,0.000,0.000,0.000,,0.918,,,0.000,0.000,0.000,1.019,0.000
Fats and Oils,"Shortening, special purpose for baking, soybean (hydrogenated) palm and cottonseed",0.119,0.000,,,0.000,,0.316,,,,0.000,0.000,,0.000,,,,0.000,,0.000,4.248,0.797,0.000,,0.000,0.000,0.000,0.000,0.000,0.000,0.000,,0.918,,,0.000,0.000,0.000,0.614,0.000
Fats and Oils,"Shortening, vegetable, household, composite",0.119,0.001,,,0.000,0.001,0.316,,,,0.000,0.000,,0.008,,,,0.000,,0.000,3.277,0.471,0.136,,0.000,0.000,0.000,0.000,0.000,0.002,0.018,,0.918,,,0.000,0.001,0.000,0.760,0.000
Fats and Oils,"Shortening, special purpose for cakes and frostings, soybean (hydrogenated)",0.117,0.000,,,0.000,,0.316,,,,0.000,0.000,,0.000,,,,0.000,,0.000,4.474,0.550,0.000,,0.000,0.000,0.000,0.000,0.000,0.000,0.000,,0.918,,,0.000,0.000,0.000,0.614,0.000
Fats and Oils,"Margarine-like shortening, industrial, soy (partially hydrogenated), cottonseed, and soy, principal use flaky pastries",0.117,0.000,,,0.000,,0.224,,,,0.000,0.000,,0.000,,,,0.000,,0.000,0.844,0.189,,,0.000,0.000,0.000,0.000,0.000,0.360,0.000,,0.652,,,0.000,0.000,0.000,0.614,0.000
Fats and Oils,"Salad dressing, sesame seed dressing, regular",0.117,0.020,,,0.000,0.010,0.158,,,,0.040,0.000,0.044,0.067,0.034,0.030,0.068,0.000,0.028,0.000,2.900,0.500,0.000,0.049,0.067,0.045,0.053,0.000,0.023,0.417,0.000,0.047,0.415,0.168,0.037,0.003,0.000,0.000,0.800,0.007
Fats and Oils,"Margarine, regular, hard, soybean (hydrogenated)",0.117,0.032,,,0.000,,0.257,,,,0.000,0.003,0.033,0.000,0.037,0.031,0.032,0.009,0.020,0.001,2.425,0.375,0.017,0.023,0.042,0.012,0.015,0.023,0.000,0.393,0.009,0.037,0.739,0.043,0.031,1.092,0.005,0.002,,0.000
Fats and Oils,"Butter, light, stick, without salt",0.117,0.051,,,0.353,0.032,0.178,,,,0.000,0.003,,0.121,,,,0.014,,0.001,0.155,0.201,,,0.062,0.020,0.057,0.044,0.014,0.015,0.009,,0.506,,,0.620,0.006,0.000,0.069,0.019
Fats and Oils,"Oil, industrial, soy, ultra low linolenic",0.116,0.000,,,0.000,0.001,0.316,,,,0.000,0.000,,0.006,,,,0.000,,0.000,6.363,0.311,,,0.000,0.000,0.000,0.000,0.000,0.000,0.000,,0.918,,,0.000,0.000,0.000,2.627,0.001
Fats and Oils,"Shortening, industrial, soy (partially hydrogenated ) and corn for frying",0.116,0.000,,,0.000,0.001,0.316,,,,0.000,0.000,,0.000,,,,0.000,,0.000,4.214,0.581,0.000,,0.000,0.000,0.000,0.000,0.000,0.000,0.000,,0.918,,,0.000,0.000,0.000,0.614,0.000
Fats and Oils,"Salad dressing, italian dressing, commercial, regular, without salt",0.115,0.007,,,0.223,,0.104,,,,0.000,0.000,,0.070,,,,0.009,,0.000,1.441,0.353,0.000,,0.016,0.014,0.007,0.013,0.029,0.013,0.012,,0.261,,,0.003,0.035,0.000,0.800,0.009
Fats and Oils,"Oil, mustard",0.114,0.000,,,,,0.316,,,,0.000,0.000,,0.000,,,,0.000,,0.000,1.917,1.475,0.000,,0.000,0.000,0.000,0.000,0.000,0.000,0.000,,0.918,,,0.000,0.000,0.000,,0.000
Fats and Oils,"Oil, flaxseed, cold pressed",0.113,0.001,,,0.000,0.001,0.316,,,,0.000,0.000,,0.000,,,,0.000,,0.000,1.791,13.342,,,0.002,0.000,0.002,0.000,0.000,0.000,0.000,,0.918,,,0.000,0.000,0.000,0.133,0.005
Fats and Oils,"Oil, oat",0.113,0.000,,,0.000,,0.316,,,,0.000,0.000,,0.000,,,,0.000,,0.000,4.885,0.448,0.000,,0.000,0.000,0.000,0.000,0.000,0.000,0.000,,0.918,,,0.000,0.000,0.000,0.353,0.000
Fats and Oils,"Fish oil, menhaden",0.112,0.000,,,1.737,,0.322,,,,0.000,0.000,,0.000,,,,0.000,,0.000,0.269,0.372,0.000,,0.000,0.000,0.000,0.000,0.000,0.000,0.000,,0.918,,,0.000,0.000,0.000,,0.000
Fats and Oils,"Mayonnaise, reduced-calorie or diet, cholesterol-free",0.112,0.000,,,0.000,0.018,0.119,,,,0.000,0.000,,0.000,,,,0.000,,0.000,2.171,0.532,,,0.000,0.019,0.015,0.000,0.023,0.305,0.000,,0.306,,,0.000,0.000,0.000,0.353,0.000
Fats and Oils,"Fish oil, sardine",0.111,0.000,,,2.367,,0.322,,,,0.000,0.000,,0.000,,,,0.000,,0.000,0.252,0.332,0.000,,0.000,0.000,0.000,0.000,0.000,0.000,0.000,,0.918,,,0.000,0.000,0.000,,0.000
Fats and Oils,"Salad dressing, mayonnaise and mayonnaise-type, low calorie",0.111,0.015,,,0.087,0.021,0.094,,,,0.000,0.017,,0.029,,,,0.006,,0.000,1.144,0.301,0.013,,0.055,0.007,0.015,0.012,0.023,0.349,0.009,,0.174,,,0.028,0.012,0.000,0.353,0.013
Fats and Oils,"Oil, PAM cooking spray, original",0.109,0.000,,,0.000,0.000,0.283,,,,0.000,0.000,,0.000,,,,0.000,,0.000,1.869,1.798,,,0.000,0.000,0.004,0.000,0.000,0.025,0.000,,0.723,,,0.000,0.000,0.000,0.000,0.000
Fats and Oils,"Fish oil, salmon",0.109,0.000,,,1.617,,0.322,,,,0.000,0.000,,0.000,,,,0.000,,0.000,0.193,0.265,0.000,,0.000,0.000,0.000,0.000,0.000,0.000,0.000,,0.918,,,0.000,0.000,0.000,,0.000
Fats and Oils,"Fish oil, herring",0.107,0.000,,,2.553,,0.322,,,,0.000,0.000,,0.000,,,,0.000,,0.000,0.144,0.191,0.000,,0.000,0.000,0.000,0.000,0.000,0.000,0.000,,0.918,,,0.000,0.000,0.000,,0.000
Fats and Oils,"Oil, soybean, salad or cooking",0.107,0.000,,,0.000,0.001,0.316,,,,0.000,0.000,0.000,0.006,0.000,0.000,0.000,0.000,0.000,0.000,6.369,1.697,0.000,0.000,0.000,0.000,0.000,0.000,0.000,0.000,0.000,0.000,0.918,0.000,0.000,0.000,0.000,0.000,2.627,0.001
Fats and Oils,"Oil, vegetable, soybean, refined",0.106,0.000,,,0.000,0.001,0.316,,,,0.000,0.000,0.000,0.002,0.000,0.000,0.000,0.000,0.000,0.000,6.287,1.758,0.000,0.000,0.000,0.000,0.000,0.000,0.000,0.000,0.000,0.000,0.918,0.000,0.000,0.000,0.000,0.000,2.627,0.000
Fats and Oils,"Oil, industrial, soy, refined, for woks and light frying",0.106,0.000,,,0.000,0.001,0.316,,,,0.000,0.000,0.000,0.002,0.000,0.000,0.000,0.000,0.000,0.000,6.412,1.728,0.000,0.000,0.000,0.000,0.000,0.000,0.000,0.000,0.000,0.000,0.918,0.000,0.000,0.000,0.000,0.000,2.627,0.000
Fats and Oils,"Oil, avocado",0.106,0.000,,,,,0.316,,,,0.000,0.000,,0.000,,,,0.000,,0.000,1.566,0.239,0.000,,0.000,0.000,0.000,0.000,0.000,0.000,0.000,,0.918,,,0.000,0.000,0.000,,0.000
Fats and Oils,"Salad dressing, italian dressing, reduced calorie",0.106,0.006,,,0.000,0.008,0.071,,,,0.008,0.009,,0.014,,,,0.006,,0.001,1.275,0.340,0.000,,0.013,0.009,0.005,0.006,0.023,0.448,0.009,,0.184,,,0.000,0.018,0.004,0.179,0.003
Fats and Oils,"Oil, corn, peanut, and olive",0.105,0.000,,,0.000,0.001,0.316,,,,0.000,0.000,,0.014,,,,0.000,,0.000,4.079,0.108,0.000,,0.000,0.000,0.000,0.000,0.000,0.000,0.000,,0.918,,,0.000,0.000,0.000,0.300,0.001
Fats and Oils,"Creamy dressing, made with sour cream and/or buttermilk and oil, reduced calorie, cholesterol-free",0.105,0.038,,,0.000,0.040,0.050,,,,0.000,0.011,,0.029,,,,0.014,,0.002,0.335,0.051,,,0.182,0.014,0.017,0.037,0.023,0.388,0.009,,0.073,,,0.024,0.012,0.000,0.497,0.013
Fats and Oils,"Mayonnaise, low sodium, low calorie or diet",0.104,0.000,,,0.080,0.021,0.083,,,,0.000,0.000,,0.000,,,,0.000,,0.000,1.125,0.400,,,0.000,0.003,0.005,0.006,0.023,0.046,0.000,,0.176,,,0.000,0.000,0.000,0.353,0.008
Fats and Oils,"Salad dressing, mayonnaise, light",0.104,0.006,,,0.053,0.022,0.085,,,,0.000,0.011,0.013,0.016,0.014,0.012,0.013,0.006,0.010,0.001,1.426,0.389,0.012,0.011,0.027,0.009,0.006,0.000,0.037,0.345,0.007,0.015,0.204,0.018,0.014,0.011,0.001,0.000,0.767,0.005
Fats and Oils,"Salad dressing, italian dressing, commercial, regular",0.104,0.014,,,0.000,0.007,0.086,,,,0.000,0.000,0.010,0.029,0.011,0.008,0.006,0.014,0.008,0.007,1.155,0.372,0.000,0.006,0.027,0.024,0.007,0.000,0.029,0.414,0.018,0.010,0.194,0.018,0.009,0.003,0.038,0.004,0.800,0.005
Fats and Oils,"Salad dressing, mayonnaise type, regular, with salt",0.104,0.005,,,0.063,0.036,0.089,,,,0.000,0.017,0.023,0.013,0.024,0.021,0.021,0.006,0.019,0.000,1.342,0.355,0.017,0.019,0.024,0.010,0.011,0.019,0.006,0.272,0.009,0.028,0.198,0.036,0.022,0.007,0.005,0.000,0.603,0.005
Fats and Oils,"Salad dressing, blue or roquefort cheese dressing, light",0.104,0.072,,,0.033,0.043,0.031,,,,0.000,0.080,,0.016,,,,0.011,,0.002,0.099,0.016,,,0.085,0.015,0.036,0.025,0.023,0.391,0.009,,0.025,,,0.089,0.012,0.000,1.300,0.022
Fats and Oils,"Oil, wheat germ",0.104,0.000,,,0.000,0.050,0.316,,,,0.000,0.000,0.000,0.000,0.000,0.000,0.000,0.000,0.000,0.000,6.850,1.725,0.000,0.000,0.000,0.000,0.000,0.000,0.000,0.000,0.000,0.000,0.918,0.000,0.000,0.000,0.000,0.000,0.353,0.000
Fats and Oils,"Salad dressing, mayonnaise, imitation, soybean without cholesterol",0.103,0.000,,,0.000,0.002,0.172,,,,0.000,0.000,0.000,0.001,0.000,0.000,0.000,0.000,0.000,0.000,2.875,1.150,0.000,0.000,0.000,0.003,0.002,0.000,0.023,0.147,0.000,0.000,0.438,0.000,0.000,0.000,0.000,0.000,0.603,0.008
Fats and Oils,"Shortening, multipurpose, soybean (hydrogenated) and palm (hydrogenated)",0.103,0.000,,,0.000,,0.316,,,,0.000,0.000,,0.000,,,,0.000,,0.000,1.700,0.151,0.000,,0.000,0.000,0.000,0.000,0.000,0.000,0.000,,0.918,,,0.000,0.000,0.000,,0.000
Fats and Oils,"Fish oil, menhaden, fully hydrogenated",0.103,0.000,,,1.667,,0.322,,,,0.000,0.000,,0.000,,,,0.000,,0.000,,,0.000,,0.000,0.000,0.000,0.000,0.000,0.000,0.000,,0.918,,,0.000,0.000,0.000,,0.000
Fats and Oils,"Oil, industrial, soy (partially hydrogenated ) and soy (winterized), pourable clear fry",0.103,0.000,,,0.000,0.001,0.316,,,,0.000,0.000,0.000,0.000,0.000,0.000,0.000,0.000,0.000,0.000,5.119,0.959,0.000,0.000,0.000,0.000,0.000,0.000,0.000,0.000,0.000,0.000,0.918,0.000,0.000,0.000,0.000,0.000,0.353,0.000
Fats and Oils,"Salad dressing, spray-style dressing, assorted flavors",0.103,0.006,,,0.000,,0.059,,,,0.012,,,0.020,,,,,,,,,,,,,0.003,,,0.459,,,0.099,,,,,0.006,,
Fats and Oils,"Salad dressing, french, cottonseed, oil, home recipe",0.102,0.006,,,0.000,,0.225,,,,0.000,,,0.022,,,,,,0.007,,,,,0.005,0.007,0.002,0.012,0.023,0.274,0.009,,0.645,,,0.000,,0.000,,
Fats and Oils,"Shortening, household, soybean (partially hydrogenated)-cottonseed (partially hydrogenated)",0.102,0.000,,,0.000,0.001,0.316,,,,0.000,0.000,0.000,0.000,0.000,0.000,0.000,0.000,0.000,0.000,3.062,0.400,0.000,0.000,0.000,0.000,0.000,0.000,0.000,0.000,0.000,0.000,0.918,0.000,0.000,0.000,0.000,0.000,0.614,0.000
Fats and Oils,"Oil, soybean, salad or cooking, (partially hydrogenated) and cottonseed",0.102,0.000,,,0.000,0.001,0.316,,,,0.000,0.000,0.000,0.000,0.000,0.000,0.000,0.000,0.000,0.000,5.662,0.700,0.000,0.000,0.000,0.000,0.000,0.000,0.000,0.000,0.000,0.000,0.918,0.000,0.000,0.000,0.000,0.000,0.353,0.000
Fats and Oils,"Oil, soybean, salad or cooking, (partially hydrogenated)",0.102,0.000,,,0.000,0.001,0.316,,,,0.000,0.000,0.000,0.000,0.000,0.000,0.000,0.000,0.000,0.000,4.362,0.650,0.000,0.000,0.000,0.000,0.000,0.000,0.000,0.000,0.000,0.000,0.918,0.000,0.000,0.000,0.000,0.000,0.353,0.000
Fats and Oils,"Shortening, industrial, soy (partially hydrogenated), pourable liquid fry shortening",0.102,0.000,,,0.000,0.001,0.316,,,,0.000,0.000,0.000,0.000,0.000,0.000,0.000,0.000,0.000,0.000,4.354,0.621,0.000,0.000,0.000,0.000,0.000,0.000,0.000,0.000,0.000,0.000,0.918,0.000,0.000,0.000,0.000,0.000,0.353,0.000
Fats and Oils,"Salad dressing, french, home recipe",0.102,0.006,,,0.000,,0.225,,,,0.000,0.000,0.000,0.022,0.000,0.000,0.000,0.000,0.000,0.007,3.962,0.475,0.000,0.000,0.005,0.007,0.002,0.012,0.023,0.274,0.009,0.000,0.645,0.000,0.000,0.035,0.000,0.005,,0.000
Fats and Oils,"Shortening, household, lard and vegetable oil",0.102,0.000,,,0.187,0.062,0.321,,,,0.000,0.000,0.000,0.000,0.000,0.000,0.000,0.000,0.000,0.000,1.212,0.275,0.000,0.000,0.000,0.000,0.000,0.000,0.000,0.000,0.000,0.000,0.918,0.000,0.000,0.000,0.000,0.000,0.307,0.000
Fats and Oils,"Salad dressing, honey mustard dressing, reduced calorie",0.102,0.071,,,0.000,0.012,0.074,,,,0.032,0.006,,0.046,,,,0.034,,0.006,0.278,0.229,0.014,,0.051,0.016,0.017,0.008,0.097,0.292,0.062,,0.092,,,0.001,0.012,0.004,0.190,0.012
Fats and Oils,"Oil, olive, salad or cooking",0.101,0.001,,,0.000,0.001,0.316,,,,0.000,0.000,0.000,0.062,0.000,0.000,0.000,0.000,0.000,0.000,1.220,0.190,0.000,0.000,0.000,0.000,0.000,0.000,0.000,0.001,0.000,0.000,0.918,0.000,0.000,0.000,0.000,0.000,0.860,0.000
Fats and Oils,"Oil, walnut",0.101,0.000,,,0.000,0.001,0.316,,,,0.000,0.000,0.000,0.000,0.000,0.000,0.000,0.000,0.000,0.000,6.612,2.600,0.000,0.000,0.000,0.000,0.000,0.000,0.000,0.000,0.000,0.000,0.918,0.000,0.000,0.000,0.000,0.000,0.214,0.000
Fats and Oils,"Salad dressing, mayonnaise-type, light",0.101,0.005,,,0.000,0.036,0.056,,,,0.000,0.017,,0.013,,,,0.006,,0.000,0.622,0.165,,,0.024,0.010,0.011,0.019,0.006,0.347,0.009,,0.092,,,0.003,0.005,0.000,0.279,0.005
Fats and Oils,"Creamy dressing, made with sour cream and/or buttermilk and oil, reduced calorie",0.101,0.006,,,0.000,0.040,0.057,,,,0.000,0.017,,0.014,,,,0.006,,0.001,0.880,0.235,,,0.013,0.010,0.026,0.006,0.023,0.347,0.009,,0.129,,,0.015,0.018,0.004,0.050,0.003
Fats and Oils,"Shortening cake mix, soybean (hydrogenated) and cottonseed (hydrogenated)",0.101,0.000,,,0.000,0.001,0.316,,,,0.000,0.000,0.000,0.000,0.000,0.000,0.000,0.000,0.000,0.000,1.637,0.275,0.000,0.000,0.000,0.000,0.000,0.000,0.000,0.000,0.000,0.000,0.918,0.000,0.000,0.000,0.000,0.000,0.614,0.000
Fats and Oils,"Oil, industrial, soy (partially hydrogenated), principal uses popcorn and flavoring vegetables",0.101,0.000,,,0.000,0.001,0.316,,,,0.000,0.000,0.000,0.000,0.000,0.000,0.000,0.000,0.000,0.000,4.128,0.485,0.000,0.000,0.000,0.000,0.000,0.000,0.000,0.000,0.000,0.000,0.918,0.000,0.000,0.000,0.000,0.000,0.353,0.000
Fats and Oils,"Oil, industrial, soy, fully hydrogenated",0.100,0.000,,,0.000,0.001,0.316,,,,0.000,0.000,,0.006,,,,0.000,,0.000,0.024,0.048,,,0.000,0.000,0.000,0.000,0.000,0.000,0.000,,0.918,,,0.000,0.000,0.000,2.627,0.001
Fats and Oils,"Oil, industrial, soy (partially hydrogenated), multiuse for non-dairy butter flavor",0.100,0.000,,,0.000,0.001,0.316,,,,0.000,0.000,0.000,0.000,0.000,0.000,0.000,0.000,0.000,0.000,4.320,0.433,0.000,0.000,0.000,0.000,0.000,0.000,0.000,0.000,0.000,0.000,0.918,0.000,0.000,0.000,0.000,0.000,0.353,0.000
Fats and Oils,"Salad dressing, french dressing, reduced calorie",0.100,0.012,,,0.000,0.011,0.081,,,,0.000,0.006,,0.044,,,,0.026,,0.000,0.829,0.221,0.005,,0.025,0.023,0.007,0.000,0.023,0.335,0.000,,0.119,,,0.013,0.000,0.000,0.069,0.013
Fats and Oils,"Shortening bread, soybean (hydrogenated) and cottonseed",0.100,0.000,,,0.000,,0.316,,,,0.000,0.000,0.000,0.000,0.000,0.000,0.000,0.000,0.000,0.000,4.588,1.000,0.000,0.000,0.000,0.000,0.000,0.000,0.000,0.000,0.000,0.000,0.918,0.000,0.000,0.000,0.000,0.000,,0.000
Fats and Oils,Lard,0.100,0.000,,,0.317,0.124,0.322,,,,0.000,0.000,0.000,0.000,0.000,0.000,0.000,0.000,0.000,0.000,1.275,0.250,0.000,0.000,0.000,0.000,0.000,0.000,0.003,0.000,0.000,0.000,0.918,0.000,0.000,0.000,0.000,0.000,0.000,0.008
Fats and Oils,"Salad dressing, blue or roquefort cheese, low calorie",0.100,0.094,,,0.003,0.043,0.035,,,,0.000,0.009,,0.056,,,,0.020,,0.003,0.265,0.075,,,0.151,0.001,0.088,0.062,0.023,0.391,0.018,,0.066,,,0.000,0.012,0.003,0.077,0.018
Fats and Oils,"Oil, industrial, mid-oleic, sunflower",0.099,0.000,,,0.000,0.001,0.316,,,,0.000,0.000,,0.003,,,,0.000,,0.000,3.615,0.009,0.000,,0.000,0.000,0.000,0.000,0.000,0.000,0.000,,0.918,,,0.000,0.000,0.000,0.077,0.000
Fats and Oils,"Salad dressing, home recipe, vinegar and oil",0.099,0.000,,,0.000,0.000,0.160,,,,0.000,0.000,0.000,0.000,0.000,0.000,0.000,0.000,0.000,0.000,2.837,0.350,0.000,0.000,0.000,0.002,0.000,0.000,0.023,0.000,0.000,0.000,0.460,0.000,0.000,0.000,0.000,0.000,1.411,0.000
Fats and Oils,"Shortening industrial, soybean (hydrogenated) and cottonseed",0.099,0.000,,,0.000,0.001,0.316,,,,0.000,0.000,0.000,0.000,0.000,0.000,0.000,0.000,0.000,0.000,1.425,0.150,0.000,0.000,0.000,0.000,0.000,0.000,0.000,0.000,0.000,0.000,0.918,0.000,0.000,0.000,0.000,0.000,0.614,0.000
Fats and Oils,"Salad dressing, mayonnaise, imitation, soybean",0.099,0.000,,,0.080,0.036,0.083,,,,0.000,0.000,0.000,0.000,0.000,0.000,0.000,0.000,0.000,0.000,1.125,0.400,0.000,0.000,0.000,0.003,0.005,0.000,0.023,0.207,0.000,0.000,0.176,0.000,0.000,0.000,0.000,0.000,0.603,0.008
Fats and Oils,"Oil, tomatoseed",0.099,0.000,,,0.000,,0.316,,,,0.000,0.000,0.000,0.000,0.000,0.000,0.000,0.000,0.000,0.000,6.350,0.575,0.000,0.000,0.000,0.000,0.000,0.000,0.000,0.000,0.000,0.000,0.918,0.000,0.000,0.000,0.000,0.000,,0.000
Fats and Oils,"Shortening industrial, lard and vegetable oil",0.098,0.000,,,0.187,,0.321,,,,0.000,0.000,0.000,0.000,0.000,0.000,0.000,0.000,0.000,0.000,2.263,0.250,0.000,0.000,0.000,0.000,0.000,0.000,0.000,0.000,0.000,0.000,0.918,0.000,0.000,0.000,0.000,0.000,,0.000
Fats and Oils,"Shortening frying (heavy duty), beef tallow and cottonseed",0.098,0.000,,,0.333,,0.321,,,,0.000,0.000,0.000,0.000,0.000,0.000,0.000,0.000,0.000,0.000,1.038,0.125,0.000,0.000,0.000,0.000,0.000,0.000,0.000,0.000,0.000,0.000,0.918,0.000,0.000,0.000,0.000,0.000,,0.000
Finfish and Shellfish Products,"Fish, caviar, black and red, granular",0.334,0.289,,,1.960,1.227,0.094,,,,0.000,0.143,0.927,1.320,0.739,0.781,0.873,0.857,0.615,0.006,0.010,0.004,0.700,0.612,0.647,0.052,0.423,0.387,0.936,0.625,0.170,1.203,0.164,1.154,0.694,0.361,0.188,0.000,0.009,0.069
Finfish and Shellfish Products,"Mollusks, cuttlefish, mixed species, cooked, moist heat",0.313,0.189,,,0.747,,0.056,,,,0.000,0.069,0.891,1.204,1.010,0.838,1.156,0.171,0.698,0.118,0.001,0.001,0.180,0.665,1.055,0.182,0.559,1.081,1.280,0.310,0.015,1.331,0.013,1.300,0.780,0.271,0.159,0.077,,0.252
Finfish and Shellfish Products,"Mollusks, whelk, unspecified, cooked, moist heat",0.309,0.119,,,0.433,,0.098,,,,0.000,0.031,1.396,1.118,1.182,1.395,1.395,0.491,1.148,0.108,0.001,,0.080,0.942,0.513,0.198,0.821,0.134,1.280,0.172,0.044,2.034,0.007,2.207,1.140,0.065,0.382,0.062,,0.237
Finfish and Shellfish Products,"Mollusks, octopus, common, cooked, moist heat",0.259,0.112,,,0.320,0.203,0.059,,,,0.000,0.069,0.819,1.060,0.927,0.769,1.061,0.171,0.641,0.205,0.002,0.000,0.180,0.611,0.507,0.180,0.513,0.047,1.280,0.192,0.051,1.222,0.019,1.193,0.716,0.120,0.381,0.073,0.001,0.244
Finfish and Shellfish Products,"Mollusks, clam, mixed species, cooked, moist heat",0.259,0.097,,,0.223,,0.053,,,,0.000,0.083,0.700,0.312,0.794,0.659,0.909,0.051,0.549,0.181,0.004,0.002,0.136,0.523,0.615,0.179,0.440,0.266,0.914,0.501,0.134,1.047,0.018,1.021,0.613,0.228,0.065,0.201,,0.199
Finfish and Shellfish Products,"Mollusks, mussel, blue, cooked, moist heat",0.251,0.035,,,0.187,,0.061,,,,0.000,0.217,0.653,0.747,0.740,0.614,0.847,0.106,0.511,0.162,0.004,0.010,0.190,0.487,0.518,0.077,0.410,0.262,1.280,0.154,0.268,0.976,0.041,0.954,0.571,0.121,0.059,0.124,,0.194
Finfish and Shellfish Products,"Fish, herring, Atlantic, kippered",0.244,0.088,,,0.273,0.237,0.077,,,,0.000,0.040,1.034,0.168,0.809,0.732,1.075,0.131,0.693,0.238,0.022,0.035,0.176,0.549,0.591,0.128,0.423,0.199,0.751,0.383,0.112,1.027,0.114,0.982,0.696,0.053,0.243,0.009,0.001,0.099
Finfish and Shellfish Products,"Fish, sturgeon, mixed species, smoked",0.242,0.018,,,0.267,0.218,0.062,,,,0.000,0.057,1.313,0.103,1.027,0.929,1.364,0.134,0.880,0.601,0.008,0.029,0.200,0.696,0.511,0.108,0.537,0.056,0.287,0.308,0.080,1.303,0.040,1.246,0.883,0.373,0.159,0.000,0.001,0.041
Finfish and Shellfish Products,"Fish, salmon, coho, wild, cooked, moist heat",0.238,0.048,,,0.190,,0.066,,,,0.000,0.026,1.151,0.079,0.901,0.815,1.197,0.100,0.771,0.421,0.033,0.050,0.167,0.610,0.542,0.130,0.471,0.099,0.660,0.022,0.103,1.143,0.069,1.093,0.775,0.043,0.327,0.009,,0.038
Finfish and Shellfish Products,"Crustaceans, crab, dungeness, cooked, moist heat",0.237,0.062,,,0.253,,0.039,,,,0.000,0.120,0.649,0.048,0.771,0.648,0.923,0.166,0.599,0.196,,,0.081,0.537,0.318,0.117,0.384,0.127,0.680,0.158,0.051,0.857,0.011,1.111,0.575,0.041,0.102,0.033,,0.398
Finfish and Shellfish Products,"Mollusks, oyster, Pacific, cooked, moist heat",0.233,0.017,,,0.333,,0.058,,,,0.000,0.043,0.519,1.022,0.588,0.488,0.672,0.126,0.406,0.196,0.008,0.016,0.180,0.387,0.442,0.086,0.325,0.277,2.200,0.088,0.113,0.774,0.042,0.757,0.454,0.195,0.053,0.116,0.001,2.418
Finfish and Shellfish Products,"Crustaceans, spiny lobster, mixed species, cooked, moist heat",0.230,0.066,,,0.300,,0.051,,,,0.000,0.003,0.767,0.157,0.911,0.766,1.093,0.146,0.709,0.265,0.002,0.003,0.081,0.635,0.416,0.059,0.455,0.035,0.846,0.095,0.008,1.014,0.018,1.314,0.680,0.008,0.102,0.019,,0.529
Finfish and Shellfish Products,"Crustaceans, crab, queen, cooked, moist heat",0.230,0.035,,,0.237,,0.041,,,,0.000,0.120,0.689,0.320,0.819,0.688,0.981,0.180,0.636,0.156,0.001,0.001,0.081,0.570,0.233,0.057,0.408,0.152,0.634,0.288,0.087,0.910,0.014,1.179,0.611,0.069,0.102,0.065,,0.261
Finfish and Shellfish Products,"Fish, sablefish, smoked",0.228,0.053,,,0.213,,0.092,,,,0.000,0.057,0.743,0.188,0.581,0.526,0.772,0.211,0.498,0.287,0.027,0.031,0.198,0.394,0.404,0.135,0.304,0.075,0.717,0.307,0.116,0.737,0.185,0.707,0.500,0.163,0.229,0.000,,0.031
Finfish and Shellfish Products,"Crustaceans, crab, blue, crab cakes, home recipe",0.227,0.111,,,0.500,,0.055,,,,0.000,0.151,0.591,0.120,0.711,0.592,0.825,0.094,0.542,0.157,0.197,0.022,0.100,0.497,0.387,0.093,0.348,0.050,0.581,0.138,0.080,0.789,0.069,1.004,0.538,0.076,0.100,0.025,,0.298
Finfish and Shellfish Products,"Crustaceans, shrimp, mixed species, cooked, moist heat (may contain additives to retain moisture)",0.224,0.096,,,0.703,0.339,0.043,,,,0.000,0.069,0.716,0.036,0.750,0.714,1.034,0.106,0.633,0.145,0.024,0.003,0.104,0.567,0.556,0.049,0.392,0.015,0.707,0.395,0.029,0.861,0.016,0.929,0.586,0.120,0.142,0.000,0.006,0.119
Finfish and Shellfish Products,"Fish, haddock, smoked",0.219,0.052,,,0.257,0.231,0.041,,,,0.000,0.043,1.061,0.156,0.830,0.751,1.103,0.154,0.711,0.275,0.002,0.001,0.034,0.563,0.456,0.119,0.434,0.031,0.613,0.318,0.042,1.053,0.009,1.011,0.714,0.032,0.235,0.000,0.001,0.036
Finfish and Shellfish Products,"Crustaceans, crab, alaska king, cooked, moist heat",0.217,0.062,,,0.177,,0.035,,,,0.000,0.146,0.561,0.084,0.670,0.563,0.802,0.180,0.519,0.073,0.003,0.004,0.080,0.467,0.509,0.075,0.333,0.034,0.571,0.447,0.047,0.746,0.014,0.961,0.500,0.012,0.106,0.069,,0.554
Finfish and Shellfish Products,"Fish, salmon, chinook, smoked, (lox), regular",0.207,0.012,,,0.077,,0.042,,,,0.000,0.006,0.769,0.094,0.601,0.544,0.800,0.051,0.515,0.255,0.059,,0.174,0.408,0.298,0.050,0.315,0.063,0.544,0.833,0.021,0.763,0.040,0.732,0.518,0.035,0.164,0.000,,0.023
Finfish and Shellfish Products,"Crustaceans, lobster, northern, cooked, moist heat",0.199,0.101,,,0.487,0.202,0.032,,,,0.000,0.031,0.679,0.032,0.594,0.504,0.679,0.123,0.452,0.099,0.005,0.013,0.333,0.447,0.336,0.066,0.327,0.011,1.044,0.203,0.021,0.717,0.008,0.886,0.468,0.001,0.070,0.000,0.000,0.295
Finfish and Shellfish Products,"Crustaceans, crab, blue, cooked, moist heat",0.193,0.096,,,0.323,0.202,0.030,,,,0.000,0.146,0.561,0.056,0.554,0.479,0.660,0.103,0.430,0.149,0.003,0.002,0.199,0.405,0.425,0.074,0.308,0.058,0.613,0.165,0.021,0.692,0.007,0.807,0.443,0.001,0.092,0.030,0.004,0.277
Finfish and Shellfish Products,"Fish, whitefish, mixed species, smoked",0.193,0.019,,,0.110,0.237,0.039,,,,0.000,0.020,0.984,0.056,0.770,0.697,1.023,0.066,0.660,0.130,0.011,0.000,0.021,0.522,0.240,0.121,0.403,0.063,0.193,0.425,0.029,0.977,0.009,0.936,0.663,0.076,0.229,0.000,0.001,0.036
Finfish and Shellfish Products,"Fish, tuna salad",0.193,0.018,,,0.043,,0.067,,,,0.000,0.023,0.667,0.111,0.528,0.474,0.694,0.054,0.448,0.363,0.465,0.083,0.052,0.358,0.324,0.051,0.276,0.044,0.589,0.168,0.028,0.668,0.085,0.643,0.453,0.032,0.048,0.020,,0.041
Finfish and Shellfish Products,"Crustaceans, crayfish, mixed species, farmed, cooked, moist heat",0.189,0.054,,,0.457,,0.031,,,,0.000,0.031,0.509,0.123,0.605,0.508,0.725,0.094,0.470,0.090,0.019,0.005,0.102,0.421,0.438,0.068,0.302,0.050,0.489,0.040,0.042,0.673,0.012,0.871,0.452,0.020,0.079,0.005,,0.108
Finfish and Shellfish Products,"Fish, salmon, chinook, smoked",0.187,0.012,,,0.077,0.223,0.042,,,,0.000,0.006,0.769,0.094,0.601,0.544,0.800,0.051,0.515,0.255,0.059,0.000,0.174,0.408,0.298,0.050,0.315,0.063,0.463,0.280,0.021,0.763,0.040,0.732,0.518,0.035,0.164,0.000,0.001,0.023
Finfish and Shellfish Products,"Crustaceans, crayfish, mixed species, wild, cooked, moist heat",0.185,0.063,,,0.443,0.202,0.029,,,,0.000,0.126,0.487,0.092,0.579,0.487,0.694,0.094,0.450,0.123,0.011,0.007,0.116,0.403,0.491,0.085,0.289,0.053,0.524,0.039,0.045,0.644,0.011,0.836,0.432,0.020,0.045,0.008,0.001,0.128
Finfish and Shellfish Products,"Fish, cisco, smoked",0.181,0.027,,,0.107,0.237,0.063,,,,0.000,0.006,0.689,0.054,0.539,0.487,0.716,0.049,0.461,0.125,0.053,0.000,0.062,0.365,0.273,0.084,0.282,0.099,0.259,0.200,0.041,0.683,0.109,0.654,0.463,0.377,0.158,0.000,0.001,0.022
Finfish and Shellfish Products,"Fish, herring, Atlantic, pickled",0.180,0.081,,,0.043,0.260,0.094,,,,0.000,0.006,0.597,0.136,0.467,0.422,0.620,0.023,0.400,0.179,0.026,0.000,0.016,0.317,0.162,0.020,0.244,0.087,0.836,0.362,0.032,0.592,0.165,0.568,0.402,0.344,0.100,0.000,0.003,0.039
Finfish and Shellfish Products,"Mollusks, scallop, (bay and sea), cooked, steamed",0.171,0.011,,,0.137,0.277,0.040,,,,0.000,0.057,0.449,0.064,0.494,0.449,0.599,0.106,0.464,0.058,0.002,0.002,0.073,0.341,0.775,0.090,0.354,0.015,0.310,0.278,0.011,0.599,0.008,0.618,0.354,0.003,0.066,0.000,0.000,0.113
Finfish and Shellfish Products,"Mollusks, oyster, eastern, wild, cooked, moist heat",0.167,0.122,,,0.263,0.325,0.036,,,,0.000,0.040,0.314,1.023,0.328,0.262,0.363,0.100,0.245,0.100,0.010,0.042,0.089,0.236,0.353,0.040,0.197,0.112,0.564,0.069,0.032,0.044,0.031,0.493,0.287,0.035,0.036,0.000,0.029,5.718
Finfish and Shellfish Products,"Fish, mackerel, salted",0.166,0.069,,,0.317,0.254,0.109,,,,0.000,0.043,,0.156,,,,0.171,,0.179,0.046,0.040,,,0.462,0.149,0.318,0.119,1.049,1.854,0.018,,0.231,,,0.063,0.241,0.000,0.111,0.080
Finfish and Shellfish Products,"Mollusks, scallop, mixed species, imitation, made from surimi",0.158,0.008,,,0.073,,0.035,,,,0.000,0.006,0.420,0.034,0.426,0.370,0.556,0.123,0.412,0.017,,,0.014,0.286,0.513,0.029,0.220,0.010,0.337,0.331,0.009,0.588,0.004,0.279,0.356,0.027,0.018,0.000,,0.024
Finfish and Shellfish Products,"Crustaceans, shrimp, mixed species, imitation, made from surimi",0.158,0.020,,,0.120,,0.036,,,,0.000,0.006,0.407,0.067,0.414,0.359,0.539,0.123,0.400,0.009,,,0.014,0.278,0.513,0.025,0.213,0.021,0.327,0.294,0.021,0.570,0.014,0.268,0.345,0.027,0.018,0.000,,0.024
Finfish and Shellfish Products,"Fish, fish sticks, frozen, prepared",0.157,0.017,,,0.093,0.107,0.099,,,,0.060,0.069,0.329,0.093,0.306,0.312,0.379,0.071,0.282,0.083,0.927,0.062,0.054,0.269,0.347,0.053,0.190,0.072,0.224,0.168,0.109,0.354,0.149,0.436,0.275,0.005,0.046,0.000,0.067,0.031
Finfish and Shellfish Products,"Fish, surimi",0.154,0.009,,,0.100,,0.035,,,,0.000,0.006,0.500,0.029,0.506,0.440,0.660,0.123,0.490,0.012,0.001,0.002,0.014,0.340,0.513,0.032,0.261,0.013,0.401,0.060,0.018,0.699,0.008,0.329,0.423,0.027,0.018,0.000,0.001,0.024
Finfish and Shellfish Products,"Mollusks, conch, baked or broiled",0.141,0.103,,,0.217,0.203,0.046,,,,0.000,0.511,,0.157,,,,0.680,,0.056,0.006,0.000,,,0.395,0.047,0.453,0.050,0.576,0.064,0.054,,0.011,,,0.009,0.035,0.000,0.003,0.124
Finfish and Shellfish Products,"Fish, gefiltefish, commercial, sweet recipe",0.141,0.024,,,0.100,,0.030,,,,0.000,0.009,0.373,0.276,0.347,0.297,0.401,0.026,0.243,0.054,0.015,,0.040,0.282,0.133,0.026,0.156,0.037,0.150,0.218,0.058,0.465,0.016,0.307,0.301,0.036,0.047,0.007,,0.060
Finfish and Shellfish Products,"Crustaceans, shrimp, cooked",0.139,0.074,,,0.630,,0.035,,,,,,,0.057,,,,0.111,,,0.002,0.000,,,0.431,0.074,0.413,,,0.046,,,0.003,,,,,,,0.119
Finfish and Shellfish Products,"Fish, pollock, Alaska, cooked",0.123,0.014,,,0.247,,0.031,,,,,,,0.032,,,,0.106,,,0.001,,,,0.375,0.104,0.334,,,0.069,,,0.009,,,,,,,0.032
Finfish and Shellfish Products,"Salmon nuggets, cooked as purchased, unheated",0.123,0.009,,,0.090,,0.068,,,,0.000,0.026,,0.162,,,,0.057,,0.322,0.280,0.030,0.104,,0.315,0.046,0.206,0.088,,0.070,0.174,,0.096,,,,0.129,0.000,,0.033
Finfish and Shellfish Products,"Crustaceans, crab, alaska king, imitation, made from surimi",0.122,0.014,,,0.067,0.033,0.034,,,,0.020,0.000,0.223,0.043,0.164,0.222,0.337,0.123,0.249,0.034,0.002,0.001,0.000,0.149,0.513,0.026,0.131,0.050,0.319,0.220,0.027,0.271,0.004,0.268,0.157,0.000,0.076,0.000,0.006,0.024
Finfish and Shellfish Products,"Salmon nuggets, breaded, frozen, heated",0.122,0.008,,,0.087,,0.076,,,,0.000,0.026,,0.138,,,,0.057,,0.245,0.296,0.032,0.105,,0.320,0.047,0.218,0.097,,0.072,0.185,,0.108,,,,0.131,0.000,,0.038
Finfish and Shellfish Products,"Fish, cod, Pacific, cooked",0.116,0.018,,,0.203,,0.030,,,,,,,0.018,,,,0.100,,,0.001,0.000,,,0.373,0.106,0.351,,,0.056,,,0.002,,,,,,,0.031
Fruits and Fruit Juices,Prune puree,0.115,0.033,,,0.000,,0.092,,,,0.132,,,0.311,,,,,,0.135,,,0.086,,0.131,0.243,0.036,,,0.010,0.036,,0.002,,,0.133,,0.039,,
Fruits and Fruit Juices,"Avocados, raw, California",0.114,0.014,,,0.000,0.035,0.060,,,,0.272,0.254,0.069,0.068,0.059,0.052,0.061,0.083,0.035,0.103,0.209,0.031,0.293,0.054,0.098,0.145,0.034,0.089,0.006,0.003,0.067,0.069,0.142,0.089,0.058,0.009,0.169,0.080,0.300,0.049
Fruits and Fruit Juices,"Avocados, raw, all commercial varieties",0.113,0.013,,,0.000,0.035,0.057,,,,0.268,0.231,0.070,0.061,0.060,0.052,0.063,0.083,0.036,0.094,0.209,0.031,0.278,0.055,0.095,0.139,0.034,0.081,0.006,0.003,0.060,0.070,0.135,0.089,0.059,0.009,0.151,0.091,0.300,0.047
Fruits and Fruit Juices,"Abiyuch, raw",0.113,0.008,,,,,0.025,,,,0.212,,,0.179,,,,0.069,,,,,,,0.085,0.087,0.026,,,0.008,,,0.001,,,0.007,,0.492,,0.023
Fruits and Fruit Juices,"Orange peel, raw",0.112,0.169,,,0.000,,0.035,,,,0.424,0.086,,0.089,,,,0.063,,0.049,0.004,0.003,0.098,,0.038,0.061,0.026,0.056,0.014,0.001,0.107,,0.002,,,0.028,0.104,1.236,,0.018
Fruits and Fruit Juices,"Rowal, raw",0.111,0.016,,,,,0.040,,,,0.248,,,0.244,,,,0.091,,,,,,,0.095,0.037,0.040,,,0.002,,,0.018,,,0.025,,0.235,,0.031
Fruits and Fruit Juices,"Durian, raw or frozen",0.110,0.006,,,0.000,,0.052,,,,0.152,0.103,,0.048,,,,0.086,,0.058,,,0.046,,0.071,0.125,0.025,0.125,,0.001,0.334,,0.049,,,0.003,0.186,0.179,,0.020
Fruits and Fruit Juices,"Tamarinds, raw",0.109,0.078,,,0.000,0.021,0.085,,,,0.204,0.040,,0.311,,,0.066,0.263,0.013,0.105,0.007,0.000,0.029,,0.205,0.179,0.048,0.095,0.019,0.012,0.382,,0.006,0.064,,0.003,0.039,0.032,0.040,0.007
Fruits and Fruit Juices,"Raisins, seeded",0.105,0.029,,,0.000,,0.106,,,,0.272,0.009,,0.288,,,,0.086,,0.060,0.015,0.009,0.009,,0.136,0.236,0.043,0.114,0.009,0.012,0.100,,0.005,,,0.000,0.111,0.049,,0.013
Fruits and Fruit Juices,"Currants, european black, raw",0.104,0.058,,,0.000,,0.022,,,,,,,0.171,,,,0.069,,0.016,0.013,0.018,0.080,,0.107,0.092,0.024,0.031,,0.001,0.045,,0.004,,,0.016,0.039,1.645,,0.020
Fruits and Fruit Juices,"Passion-fruit, (granadilla), purple, raw",0.104,0.013,,,0.000,0.019,0.035,,,,0.416,0.040,,0.178,,,,0.083,,0.081,0.051,0.000,,,0.124,0.099,0.038,0.081,0.009,0.012,0.000,,0.006,,,0.085,0.059,0.273,0.010,0.007
Fruits and Fruit Juices,"Lemon peel, raw",0.104,0.141,,,0.000,0.021,0.017,,,,0.424,0.037,,0.089,,,,0.043,,0.022,0.008,0.006,0.064,,0.022,0.046,0.026,0.050,0.010,0.003,0.054,,0.003,,,0.004,0.101,1.173,0.000,0.018
Fruits and Fruit Juices,"Grapes, muscadine, raw",0.103,0.039,,,,,0.020,,,,0.156,0.006,,0.029,,,,0.040,,,,,,,0.044,0.058,0.014,0.938,,0.000,,,0.004,,,0.004,,0.059,,0.008
Fruits and Fruit Juices,"Avocados, raw, Florida",0.103,0.011,,,0.000,,0.043,,,,0.224,0.100,0.079,0.019,0.067,0.059,0.070,0.069,0.040,0.036,0.198,0.024,0.186,0.062,0.073,0.100,0.038,0.033,,0.001,0.019,0.078,0.092,0.100,0.066,0.009,0.046,0.158,,0.029
Fruits and Fruit Juices,"Nance, frozen, unsweetened",0.103,0.048,,,,,0.026,,,,0.300,0.023,,0.042,,,,0.057,,0.016,,,0.036,,0.018,0.070,0.011,0.011,0.006,0.001,0.013,,0.011,,,0.005,0.012,0.841,0.170,0.007
Fruits and Fruit Juices,"Guavas, common, raw",0.102,0.019,,,0.000,0.019,0.024,,,,0.216,0.140,0.031,0.029,0.066,0.063,0.034,0.063,0.015,0.059,0.036,0.028,0.090,0.003,0.073,0.119,0.044,0.025,0.009,0.001,0.060,0.091,0.009,0.079,0.048,0.041,0.065,2.075,0.037,0.017
Fruits and Fruit Juices,"Raisins, dark, seedless (Includes foods for USDA's Food Distribution Program)",0.102,0.065,,,0.000,0.028,0.107,,,,0.180,0.014,,0.199,,,,0.103,,0.041,0.005,0.004,,,0.178,0.213,0.057,0.078,0.009,0.011,0.095,,0.002,,,0.000,0.102,0.021,0.050,0.026
Fruits and Fruit Juices,"Sapote, mamey, raw",0.102,0.019,,,0.000,,0.044,,,,0.216,0.020,0.070,0.087,0.044,0.027,0.035,0.031,0.023,0.077,0.001,0.021,0.079,0.035,0.047,0.130,0.025,0.072,,0.003,0.012,0.081,0.004,0.175,0.040,0.009,0.424,0.209,,0.014
Fruits and Fruit Juices,"Dates, medjool",0.101,0.067,,,,0.025,0.099,,,,0.268,0.043,0.041,0.100,0.032,0.030,0.026,0.154,0.016,0.087,,,0.161,0.027,0.113,0.199,0.031,0.037,,0.000,0.045,0.040,0.001,0.025,0.036,0.009,0.146,0.000,0.039,0.032
Fruits and Fruit Juices,"Plantains, yellow, raw",0.101,0.003,,,0.000,0.034,0.044,,,,0.068,0.063,,0.061,,,,0.103,,0.036,0.000,0.000,0.060,,0.058,0.139,0.022,0.047,0.021,0.002,0.055,,0.003,,,0.075,0.142,0.167,0.411,0.014
Fruits and Fruit Juices,"Raisins, golden, seedless",0.101,0.067,,,0.000,0.028,0.107,,,,0.132,0.009,,0.109,,,,0.100,,0.062,0.005,0.005,,,0.184,0.213,0.056,0.119,0.010,0.010,0.007,,0.002,,,0.000,0.190,0.029,0.050,0.027
Fruits and Fruit Juices,"Persimmons, native, raw",0.101,0.028,,,0.000,,0.045,,,,,,0.023,0.278,0.025,0.021,0.021,,0.007,,,,,0.021,0.047,0.089,0.014,,,0.000,,0.039,0.004,0.050,0.023,,,0.600,,
Fruits and Fruit Juices,"Kiwifruit, green, raw",0.099,0.036,,,0.000,0.019,0.022,,,,0.120,0.071,0.039,0.034,0.036,0.024,0.029,0.049,0.023,0.018,0.031,0.011,0.037,0.025,0.062,0.089,0.020,0.016,0.003,0.001,0.024,0.045,0.005,0.054,0.031,0.005,0.037,0.843,0.576,0.010
Fruits and Fruit Juices,"Plantains, yellow, baked",0.099,0.003,,,0.000,0.032,0.055,,,,0.088,0.151,0.180,0.031,0.030,0.031,0.035,0.117,0.010,0.037,0.000,0.000,0.106,0.030,0.067,0.136,0.026,0.081,0.000,0.001,0.080,0.050,0.001,0.075,0.023,0.060,0.124,0.149,0.184,0.015
Fruits and Fruit Juices,"Plantains, green, raw",0.099,0.002,,,,,0.054,,,,0.088,0.080,,0.083,,,,0.117,,0.030,0.003,0.002,0.106,,0.056,0.123,0.022,0.062,,0.001,0.089,,0.001,,,,0.041,0.184,,0.013
Fruits and Fruit Juices,"Roselle, raw",0.099,0.226,,,0.000,,0.018,,,,,,,0.164,,,,0.146,,0.017,,,,,0.067,0.059,0.017,0.017,,0.003,0.010,,0.006,,,0.019,,0.109,,
Fruits and Fruit Juices,"Groundcherries, (cape-gooseberries or poha), raw",0.098,0.009,,,0.000,,0.019,,,,,,,0.111,,,,,,0.152,,,,,0.073,,0.033,0.025,,,0.098,,0.006,,,0.048,,0.100,,
Fruits and Fruit Juices,"Dates, deglet noor",0.098,0.041,,,0.000,0.016,0.101,,,,0.320,0.054,0.046,0.113,0.035,0.031,0.031,0.123,0.021,0.069,0.002,0.001,0.118,0.029,0.113,0.187,0.042,0.041,0.043,0.001,0.046,0.041,0.004,0.043,0.039,0.000,0.097,0.004,0.039,0.021
Fruits and Fruit Juices,"Jujube, raw",0.096,0.022,,,0.000,,0.028,,,,,,,0.053,,,,0.029,,0.049,,,,,0.042,0.071,0.021,0.025,,0.001,0.018,,0.002,,,0.003,0.048,0.627,,0.004
Fruits and Fruit Juices,"Oranges, raw, with peel",0.096,0.074,,,0.000,,0.022,,,,0.180,0.086,0.034,0.089,0.025,0.012,0.031,0.040,0.026,0.027,0.005,0.004,0.066,0.025,0.040,0.056,0.022,0.031,0.010,0.001,0.089,0.020,0.003,0.043,0.030,0.017,0.055,0.645,,0.008
Fruits and Fruit Juices,"Sugar-apples, (sweetsop), raw",0.096,0.025,,,0.000,,0.034,,,,0.176,0.040,,0.067,,,0.026,0.060,0.007,0.048,0.005,0.000,0.045,,0.058,0.071,0.035,0.071,0.009,0.004,0.098,,0.003,0.036,,0.000,0.118,0.330,,0.007
Fruits and Fruit Juices,"Blackberries, raw",0.096,0.031,,,0.000,0.021,0.015,,,,0.212,0.071,,0.069,,,,0.057,,0.035,0.023,0.024,0.055,,0.040,0.046,0.024,0.016,0.006,0.000,0.018,,0.005,,,0.015,0.018,0.191,0.283,0.039
Fruits and Fruit Juices,"Kumquats, raw",0.096,0.065,,,0.000,0.021,0.025,,,,0.260,0.049,,0.096,,,,0.057,,0.023,0.015,0.012,0.042,,0.035,0.053,0.032,0.056,0.000,0.004,0.033,,0.008,,,0.020,0.021,0.399,0.000,0.012
Fruits and Fruit Juices,"Raspberries, raw",0.096,0.026,,,0.000,0.031,0.019,,,,0.260,0.060,,0.077,,,,0.063,,0.032,0.031,0.032,0.066,,0.053,0.043,0.021,0.024,0.003,0.000,0.029,,0.006,,,0.003,0.032,0.238,0.111,0.031
Fruits and Fruit Juices,"Currants, red and white, raw",0.095,0.035,,,0.000,0.019,0.020,,,,0.172,0.023,,0.111,,,,0.037,,0.005,0.007,0.009,0.013,,0.080,0.079,0.024,0.031,0.009,0.000,0.036,,0.002,,,0.003,0.041,0.373,0.157,0.017
Fruits and Fruit Juices,"Jackfruit, raw",0.095,0.025,,,0.000,,0.034,,,,0.060,0.069,0.049,0.026,0.049,0.038,0.033,0.083,0.032,0.050,0.002,0.020,0.047,0.030,0.038,0.128,0.030,0.034,,0.001,0.094,0.082,0.006,0.121,0.047,0.007,0.194,0.125,,0.009
Fruits and Fruit Juices,"Elderberries, raw",0.095,0.040,,,0.000,,0.026,,,,0.280,0.017,0.021,0.178,0.019,0.022,0.012,0.014,0.013,0.027,0.020,0.021,0.028,0.023,0.071,0.080,0.011,0.037,0.009,0.003,0.062,0.026,0.005,0.046,0.018,0.040,0.135,0.327,,0.008
Fruits and Fruit Juices,"Mulberries, raw",0.095,0.041,,,0.000,0.031,0.015,,,,0.068,0.017,,0.206,,,,0.051,,0.034,0.026,0.000,,,0.069,0.055,0.025,0.063,0.009,0.004,0.026,,0.004,,,0.001,0.029,0.331,0.111,0.009
Fruits and Fruit Juices,"Carissa, (natal-plum), raw",0.095,0.012,,,0.000,,0.022,,,,,,,0.146,,,,0.046,,0.011,,,,,0.013,0.074,0.009,0.037,,0.001,0.036,,0.012,,,0.003,,0.345,,
Fruits and Fruit Juices,"Kiwifruit, ZESPRI SunGold, raw",0.095,0.018,,,0.000,0.005,0.022,,,,0.056,0.089,,0.023,,,,0.034,,0.013,0.007,0.011,0.024,,0.045,0.090,0.018,0.046,0.006,0.001,0.000,,0.003,,,0.001,0.046,1.466,0.087,0.006
Fruits and Fruit Juices,"Raspberries, frozen, red, unsweetened",0.095,0.025,,,0.000,,0.020,,,,0.172,0.080,,0.084,,,,0.066,,0.037,0.002,0.005,0.080,,0.055,0.053,0.020,0.062,,0.002,0.079,,0.007,,,0.005,0.036,0.160,,0.023
Fruits and Fruit Juices,"Custard-apple, (bullock's-heart), raw",0.094,0.032,,,0.000,,0.036,,,,0.096,,,0.079,,,0.018,0.051,0.004,0.027,,,0.027,,0.038,0.109,0.029,0.062,,0.002,0.071,,0.006,0.025,,0.003,0.130,0.175,,
Fruits and Fruit Juices,"Blackberries, frozen, unsweetened",0.094,0.031,,,0.000,0.021,0.023,,,,0.200,0.097,,0.089,,,,0.063,,0.065,0.020,0.021,0.030,,0.055,0.040,0.020,0.029,0.006,0.000,0.026,,0.004,,,0.008,0.036,0.028,0.283,0.018
Fruits and Fruit Juices,"Raspberries, puree, with seeds",0.094,0.024,,,,,0.020,,,,0.172,0.086,,0.077,,,,0.071,,0.025,0.004,0.007,0.062,,0.055,0.056,0.019,0.056,,0.002,0.071,,0.009,,,0.007,0.022,0.133,,0.023
Fruits and Fruit Juices,"Pomegranates, raw",0.094,0.011,,,0.000,0.019,0.030,,,,0.160,0.109,,0.033,,,,0.034,,0.016,0.010,0.000,0.075,,0.065,0.067,0.029,0.033,0.007,0.001,0.060,,0.011,,,0.000,0.044,0.093,0.234,0.025
Fruits and Fruit Juices,"Clementines, raw",0.093,0.032,,,,0.035,0.017,,,,0.068,0.069,,0.016,,,,0.029,,0.034,,,0.030,,0.038,0.051,0.015,0.019,0.001,0.000,0.077,,0.001,,,,0.044,0.444,0.000,0.004
Fruits and Fruit Juices,"Acerola, (west indian cherry), raw",0.093,0.013,,,0.000,,0.011,,,,0.044,0.040,,0.022,,,,0.051,,0.022,0.006,0.011,0.062,,0.020,0.042,0.007,0.037,0.009,0.003,0.018,,0.003,,,0.051,0.005,15.251,,0.007
Fruits and Fruit Juices,"Cherimoya, raw",0.093,0.011,,,0.000,,0.027,,,,0.120,0.066,0.030,0.030,0.030,0.023,0.020,0.049,0.020,0.035,0.004,0.040,0.069,0.024,0.047,0.082,0.027,0.082,,0.003,0.090,0.050,0.006,0.111,0.035,0.000,0.151,0.115,,0.012
Fruits and Fruit Juices,"Breadfruit, raw",0.093,0.018,,,0.000,0.025,0.037,,,,0.196,0.040,,0.060,0.046,0.024,0.018,0.071,0.010,0.049,0.006,0.004,0.091,0.015,0.055,0.140,0.018,0.019,0.009,0.001,0.098,0.050,0.002,,0.026,0.000,0.059,0.264,0.007,0.009
Fruits and Fruit Juices,"Longans, raw",0.093,0.001,,,0.000,,0.021,,,,0.044,,0.017,0.014,0.019,0.020,0.022,0.029,0.012,0.016,,,,0.017,0.038,0.076,0.023,0.088,,0.000,0.028,0.032,0.001,,0.032,,,0.764,,0.004
Fruits and Fruit Juices,"Loganberries, frozen",0.093,0.027,,,0.000,0.021,0.020,,,,0.212,0.074,,0.071,,,,0.060,,0.045,0.015,0.015,0.049,,0.047,0.041,0.026,0.021,0.003,0.000,0.045,,0.003,,,0.003,0.038,0.139,0.111,0.025
Fruits and Fruit Juices,"Pineapple, raw, extra sweet variety",0.092,0.014,,,,0.014,0.018,,,,0.056,0.054,,0.031,,,,0.034,,0.027,,,0.043,,0.015,0.031,0.009,0.021,0.001,0.000,0.071,,0.001,,,0.004,0.067,0.513,0.010,0.009
Fruits and Fruit Juices,"Boysenberries, frozen, unsweetened",0.092,0.028,,,0.000,0.025,0.018,,,,0.212,0.180,,0.094,,,,0.046,,0.042,0.012,0.013,0.050,,0.049,0.040,0.019,0.023,0.003,0.000,0.047,,0.002,,,0.004,0.033,0.028,0.111,0.016
Fruits and Fruit Juices,"Prickly pears, raw",0.092,0.059,,,0.000,,0.015,,,,0.144,0.017,,0.033,,,,0.243,,0.025,0.023,0.006,,,0.044,0.063,0.013,0.037,0.009,0.002,0.012,,0.005,,,0.003,0.035,0.127,,0.009
Fruits and Fruit Juices,"Pummelo, raw",0.091,0.004,,,0.000,,0.014,,,,0.040,,,0.012,,,,0.017,,0.012,,,,,0.031,0.062,0.013,0.017,,0.000,0.030,,0.000,,,0.000,0.021,0.555,,0.006
Fruits and Fruit Juices,"Plantains, green, boiled",0.091,0.003,,,,,0.043,,,,0.104,0.137,0.086,0.033,0.014,0.015,0.024,0.080,0.007,0.021,0.006,0.006,0.076,0.017,0.044,0.083,0.019,0.041,0.000,0.001,0.045,0.019,0.001,0.036,0.011,,0.129,0.083,0.054,0.010
Fruits and Fruit Juices,"Gooseberries, raw",0.091,0.026,,,0.000,,0.016,,,,0.172,0.017,,0.034,,,,0.029,,0.016,0.034,0.011,0.057,,0.049,0.057,0.015,0.019,0.009,0.000,0.036,,0.005,,,0.020,0.047,0.252,,0.009
Fruits and Fruit Juices,"Oranges, raw, California, valencias",0.091,0.042,,,0.000,,0.018,,,,0.100,0.111,0.029,0.010,0.020,0.010,0.025,0.029,0.021,0.015,0.005,0.004,0.050,0.019,0.031,0.051,0.018,0.025,,0.000,0.078,0.016,0.003,0.036,0.024,0.016,0.037,0.441,,0.004
Fruits and Fruit Juices,"Litchis, raw",0.091,0.005,,,0.000,0.018,0.024,,,,0.052,0.040,,0.034,,,0.020,0.029,0.009,0.033,0.008,0.016,,,0.056,0.049,0.014,0.041,0.009,0.000,0.010,,0.004,0.025,,0.000,0.059,0.650,0.006,0.005
Fruits and Fruit Juices,"Bananas, raw",0.090,0.005,,,0.000,0.025,0.032,,,,0.104,0.057,0.110,0.029,0.020,0.025,0.024,0.077,0.008,0.036,0.006,0.007,0.067,0.028,0.040,0.102,0.019,0.046,0.014,0.000,0.028,0.027,0.003,0.032,0.026,0.004,0.216,0.079,0.007,0.011
Fruits and Fruit Juices,"Rhubarb, raw",0.090,0.091,,,0.000,0.015,0.007,,,,0.072,0.020,,0.024,,,,0.034,,0.016,0.012,0.000,0.017,,0.025,0.082,0.015,0.019,0.016,0.002,0.018,,0.002,,,0.007,0.014,0.073,0.419,0.007
Fruits and Fruit Juices,"Guavas, strawberry, raw",0.090,0.022,,,0.000,,0.025,,,,0.216,,0.007,0.024,0.015,0.014,0.008,0.049,0.004,0.032,0.023,0.018,,0.001,0.049,0.083,0.010,0.019,,0.015,0.027,0.021,0.006,0.018,0.011,0.007,,0.336,,
Fruits and Fruit Juices,"Lemons, raw, without peel",0.090,0.027,,,0.000,0.013,0.010,,,,0.112,0.031,,0.067,,,,0.023,,0.005,0.008,0.006,0.038,,0.029,0.039,0.019,0.012,0.006,0.001,0.036,,0.003,,,0.001,0.047,0.482,0.000,0.004
Fruits and Fruit Juices,"Melon balls, frozen",0.090,0.011,,,0.000,,0.012,,,,0.028,0.074,,0.032,,,,0.040,,0.035,0.005,0.014,0.033,,0.022,0.080,0.014,0.014,,0.013,0.148,,0.002,,,0.119,0.062,0.056,,0.012
Fruits and Fruit Juices,"Raspberries, puree, seedless",0.090,0.015,,,,,0.015,,,,0.036,0.083,,0.120,,,,0.043,,0.027,0.005,0.012,0.062,,0.036,0.048,0.018,0.062,,0.002,0.080,,0.008,,,0.003,0.035,0.058,,0.013
Fruits and Fruit Juices,"Mangos, raw",0.090,0.012,,,0.000,0.019,0.021,,,,0.064,0.123,0.027,0.018,0.021,0.018,0.031,0.029,0.008,0.036,0.002,0.013,0.039,0.015,0.025,0.048,0.014,0.024,0.009,0.000,0.025,0.030,0.003,0.046,0.023,0.072,0.070,0.331,0.060,0.007
Fruits and Fruit Juices,"Soursop, raw",0.090,0.015,,,0.000,0.019,0.024,,,,0.132,0.040,,0.067,,,0.029,0.060,0.007,0.049,0.009,0.000,0.051,,0.049,0.079,0.017,0.031,0.009,0.006,0.062,,0.003,0.039,,0.000,0.035,0.187,0.006,0.007
Fruits and Fruit Juices,"Oranges, raw, navels (Includes foods for USDA's Food Distribution Program)",0.090,0.045,,,0.000,0.021,0.018,,,,0.088,0.097,0.019,0.014,0.012,0.011,0.018,0.031,0.009,0.023,0.003,0.002,0.052,0.012,0.042,0.047,0.016,0.032,0.000,0.000,0.061,0.017,0.001,0.032,0.014,0.016,0.046,0.537,0.000,0.006
Fruits and Fruit Juices,Horned melon (Kiwano),0.089,0.014,,,,,0.016,,,,,0.009,,0.126,,,,0.114,,0.031,,,0.037,,0.067,0.035,0.031,0.009,,0.001,0.022,,0.012,,,0.009,0.037,0.048,,0.035
Fruits and Fruit Juices,"Pitanga, (surinam-cherry), raw",0.089,0.009,,,0.000,,0.012,,,,,,,0.022,,,,0.034,,0.016,,,,,0.020,0.029,0.014,0.025,,0.001,0.027,,0.004,,,0.100,,0.239,,
Fruits and Fruit Juices,"Raspberries, frozen, red, sweetened",0.089,0.016,,,0.000,0.025,0.037,,,,0.176,0.074,,0.072,,,,0.037,,0.012,0.007,0.007,0.030,,0.031,0.033,0.012,0.028,0.004,0.000,0.017,,0.001,,,0.004,0.020,0.150,0.093,0.013
Fruits and Fruit Juices,"Oranges, raw, all commercial varieties",0.089,0.042,,,0.000,0.021,0.017,,,,0.096,0.086,0.026,0.011,0.018,0.008,0.022,0.029,0.019,0.015,0.002,0.002,0.050,0.018,0.025,0.052,0.016,0.025,0.007,0.000,0.078,0.014,0.001,0.032,0.022,0.015,0.035,0.484,0.000,0.005
Fruits and Fruit Juices,"Naranjilla (lulo) pulp, frozen, unsweetened",0.089,0.008,,,,,0.009,,,,0.044,0.009,,0.039,,,,0.031,,0.078,,,0.044,,0.022,0.057,0.008,0.000,0.006,0.002,0.040,,0.002,,,0.037,0.063,0.029,0.209,0.007
Fruits and Fruit Juices,"Melons, cantaloupe, raw",0.089,0.009,,,0.000,0.019,0.012,,,,0.036,0.060,0.021,0.023,0.015,0.011,0.014,0.034,0.011,0.040,0.004,0.011,0.021,0.013,0.027,0.076,0.014,0.012,0.006,0.007,0.037,0.016,0.002,0.007,0.018,0.225,0.042,0.334,0.036,0.013
Fruits and Fruit Juices,"Papayas, raw",0.089,0.021,,,0.000,0.015,0.015,,,,0.068,0.106,0.007,0.028,0.006,0.006,0.012,0.060,0.002,0.019,0.001,0.012,0.038,0.005,0.018,0.052,0.008,0.017,0.009,0.003,0.021,0.010,0.002,0.029,0.005,0.063,0.022,0.554,0.037,0.006
Fruits and Fruit Juices,"Feijoa, raw",0.089,0.018,,,0.000,,0.022,,,,0.256,0.066,0.013,0.016,0.014,0.010,0.018,0.026,0.007,0.016,0.013,0.007,0.047,0.011,0.035,0.049,0.012,0.011,,0.001,0.005,0.018,0.004,0.025,0.010,0.000,0.039,0.299,0.050,0.004
Fruits and Fruit Juices,"Guava sauce, cooked",0.089,0.007,,,0.000,0.010,0.013,,,,0.144,0.014,0.004,0.020,0.009,0.008,0.004,0.020,0.002,0.023,0.005,0.004,,0.001,0.020,0.064,0.006,0.008,0.007,0.002,0.023,0.011,0.001,0.011,0.006,0.019,0.053,1.331,0.027,0.012
Fruits and Fruit Juices,"Strawberries, raw",0.088,0.017,,,0.000,0.014,0.011,,,,0.080,0.069,0.017,0.046,0.011,0.012,0.012,0.037,0.002,0.021,0.011,0.016,0.025,0.011,0.044,0.044,0.012,0.014,0.006,0.000,0.021,0.019,0.003,0.029,0.010,0.001,0.028,0.535,0.031,0.010
Fruits and Fruit Juices,"Apricots, raw",0.088,0.014,,,0.000,0.007,0.017,,,,0.080,0.026,0.039,0.043,0.029,0.028,0.046,0.029,0.006,0.032,0.010,0.000,0.048,0.030,0.042,0.074,0.024,0.025,0.001,0.000,0.027,0.045,0.004,0.054,0.026,0.128,0.032,0.091,0.047,0.015
Fruits and Fruit Juices,"Oranges, raw, Florida",0.088,0.045,,,0.000,0.021,0.016,,,,0.096,0.049,0.019,0.010,0.014,0.006,0.017,0.029,0.014,0.022,0.004,0.003,0.050,0.013,0.022,0.048,0.012,0.025,0.007,0.000,0.089,0.010,0.002,0.025,0.016,0.015,0.030,0.409,0.000,0.006
Fruits and Fruit Juices,"Rhubarb, frozen, cooked, with sugar",0.088,0.153,,,0.000,0.011,0.041,,,,0.080,0.014,,0.023,,,,0.034,,0.011,0.003,0.000,0.010,,0.015,0.027,0.007,0.014,0.013,0.000,0.016,,0.000,,,0.005,0.012,0.030,0.301,0.006
Fruits and Fruit Juices,"Peaches, frozen, sliced, sweetened",0.088,0.003,,,0.000,0.013,0.034,,,,0.072,0.009,0.017,0.041,0.013,0.013,0.010,0.014,0.014,0.035,0.008,0.001,0.026,0.011,0.020,0.037,0.011,0.022,0.006,0.003,0.012,0.023,0.001,0.007,0.019,0.019,0.011,0.856,0.031,0.004
Fruits and Fruit Juices,"Pineapple, raw, all varieties",0.087,0.014,,,0.000,0.014,0.018,,,,0.056,0.051,0.014,0.032,0.014,0.009,0.012,0.034,0.011,0.027,0.003,0.004,0.043,0.012,0.015,0.031,0.009,0.020,0.001,0.000,0.071,0.018,0.001,0.018,0.013,0.004,0.066,0.435,0.010,0.009
Fruits and Fruit Juices,"Carambola, (starfruit), raw",0.087,0.003,,,0.000,0.019,0.011,,,,0.112,0.034,0.011,0.009,0.031,0.028,0.037,0.029,0.020,0.020,0.020,0.007,0.078,0.021,0.022,0.038,0.018,0.010,0.009,0.001,0.012,0.042,0.003,0.029,0.027,0.004,0.010,0.313,0.000,0.009
Fruits and Fruit Juices,"Apricots, frozen, sweetened",0.086,0.011,,,0.000,,0.035,,,,0.088,0.006,0.019,0.100,0.014,0.014,0.023,0.026,0.003,0.043,0.003,0.000,0.040,0.015,0.035,0.065,0.012,0.025,0.006,0.002,0.018,0.023,0.001,0.029,0.013,0.112,0.035,0.082,,0.007
Fruits and Fruit Juices,"Strawberries, frozen, unsweetened (Includes foods for USDA's Food Distribution Program)",0.086,0.017,,,0.000,0.014,0.013,,,,0.084,0.049,0.011,0.083,0.007,0.008,0.008,0.031,0.001,0.025,0.004,0.006,0.022,0.007,0.024,0.042,0.007,0.023,0.010,0.001,0.020,0.012,0.001,0.018,0.007,0.003,0.016,0.375,0.031,0.009
Fruits and Fruit Juices,"Pineapple, raw, traditional varieties",0.086,0.014,,,,0.014,0.016,,,,,0.031,,0.028,,,,0.034,,0.025,,,0.039,,0.016,0.036,0.009,0.018,0.000,0.000,0.070,,0.001,,,0.004,0.062,0.154,0.010,0.006
Fruits and Fruit Juices,"Limes, raw",0.086,0.035,,,0.000,0.013,0.011,,,,0.112,0.023,,0.067,,,0.007,0.017,0.002,0.011,0.004,0.005,0.043,,0.033,0.029,0.012,0.012,0.006,0.001,0.027,,0.002,0.011,,0.003,0.025,0.265,0.009,0.008
Fruits and Fruit Juices,"Mammy-apple, (mamey), raw",0.086,0.012,,,0.000,,0.018,,,,0.120,0.040,,0.078,,,0.018,0.046,0.006,0.022,0.010,0.000,0.021,,0.020,0.013,0.009,0.025,0.009,0.006,0.018,,0.005,0.018,,0.016,0.059,0.127,,0.007
Fruits and Fruit Juices,"Tangerines, (mandarin oranges), raw",0.086,0.039,,,0.000,0.025,0.019,,,,0.072,0.046,0.016,0.017,0.012,0.010,0.015,0.034,0.002,0.020,0.006,0.004,0.043,0.010,0.036,0.047,0.014,0.022,0.001,0.001,0.052,0.015,0.003,0.007,0.012,0.045,0.046,0.243,0.000,0.005
Fruits and Fruit Juices,"Sapodilla, raw",0.086,0.022,,,0.000,,0.030,,,,0.212,0.040,0.023,0.089,0.011,0.009,0.019,0.034,0.003,0.011,0.001,0.000,0.050,0.007,0.022,0.055,0.008,0.012,0.009,0.005,0.000,0.011,0.010,0.018,0.009,0.004,0.022,0.134,,0.007
Fruits and Fruit Juices,"Strawberries, frozen, sweetened, sliced",0.086,0.012,,,0.000,0.011,0.034,,,,0.076,0.043,0.014,0.066,0.009,0.010,0.010,0.020,0.001,0.022,0.005,0.007,0.022,0.009,0.024,0.028,0.009,0.032,0.010,0.001,0.014,0.015,0.001,0.021,0.008,0.001,0.018,0.376,0.024,0.004
Fruits and Fruit Juices,"Blueberries, raw",0.086,0.006,,,0.000,0.015,0.020,,,,0.096,0.017,0.016,0.031,0.016,0.016,0.006,0.017,0.011,0.023,0.011,0.015,0.025,0.015,0.022,0.022,0.013,0.026,0.001,0.000,0.033,0.019,0.003,0.011,0.017,0.004,0.031,0.088,0.276,0.012
Fruits and Fruit Juices,"Blueberries, wild, frozen (Includes foods for USDA's Food Distribution Program)",0.086,0.018,,,0.000,,0.020,,,,0.176,,,0.064,,,,0.020,,0.033,,,,,0.024,0.019,0.000,0.004,,0.001,0.027,,0.001,,,0.004,0.012,0.015,,0.049
Fruits and Fruit Juices,"Rose-apples, raw",0.086,0.031,,,0.000,,0.009,,,,,,,0.008,,,,0.014,,0.043,,,,,0.015,0.035,0.010,0.019,,0.000,0.018,,0.003,,,0.023,,0.203,,0.004
Fruits and Fruit Juices,"Figs, raw",0.086,0.037,,,0.000,0.012,0.026,,,,0.116,0.017,0.016,0.041,0.016,0.012,0.014,0.049,0.006,0.022,0.018,0.000,0.060,0.010,0.025,0.066,0.013,0.031,0.003,0.000,0.054,0.023,0.003,0.021,0.015,0.009,0.066,0.018,0.067,0.011
Fruits and Fruit Juices,"Melons, casaba, raw",0.086,0.012,,,0.000,0.019,0.010,,,,0.036,0.023,,0.038,,,,0.031,,0.013,0.002,0.005,0.017,,0.009,0.052,0.019,0.019,0.006,0.004,0.013,,0.001,,,0.000,0.096,0.198,0.036,0.005
Fruits and Fruit Juices,"Cherries, sour, red, raw",0.086,0.017,,,0.000,0.015,0.018,,,,0.064,0.023,,0.036,,,,0.026,,0.022,0.006,0.011,0.029,,0.027,0.049,0.017,0.025,0.000,0.001,0.027,,0.003,,,0.085,0.026,0.091,0.030,0.007
Fruits and Fruit Juices,"Grapefruit, raw, pink and red, all areas",0.085,0.023,,,0.000,0.019,0.015,,,,0.064,0.037,0.011,0.009,0.006,0.005,0.009,0.026,0.007,0.011,0.004,0.002,0.052,0.007,0.033,0.039,0.013,0.019,0.001,0.000,0.038,0.012,0.001,0.029,0.008,0.077,0.031,0.284,0.000,0.005
Fruits and Fruit Juices,"Persimmons, japanese, raw",0.085,0.008,,,0.000,0.019,0.025,,,,0.144,0.023,0.017,0.017,0.018,0.015,0.016,0.026,0.005,0.005,0.005,0.001,,0.015,0.031,0.046,0.010,0.012,0.009,0.000,0.027,0.029,0.002,0.036,0.016,0.108,0.059,0.068,0.037,0.008
"Lamb, Veal, and Game Products","Veal, variety meats and by-products, liver, cooked, braised",0.375,0.006,,,1.703,0.997,0.069,,,,0.000,0.946,1.184,0.568,0.910,0.918,1.020,0.057,0.705,0.712,0.081,0.010,1.311,0.823,0.836,0.094,0.489,1.787,0.276,0.033,0.162,1.094,0.057,1.289,0.917,28.193,0.540,0.010,0.020,0.817
"Lamb, Veal, and Game Products","Lamb, variety meats and by-products, liver, cooked, braised",0.370,0.008,,,1.670,,0.079,,,,0.000,0.209,1.026,0.920,0.940,0.915,0.787,0.063,0.632,0.657,0.071,0.030,0.792,0.780,0.764,0.063,0.526,2.519,1.591,0.023,0.205,1.259,0.081,1.268,0.925,9.988,0.288,0.036,,0.574
"Lamb, Veal, and Game Products","Lamb, variety meats and by-products, kidneys, cooked, braised",0.299,0.019,,,1.883,,0.049,,,,0.000,0.231,0.850,1.378,0.672,0.650,0.730,0.057,0.457,0.324,0.033,0.022,0.408,0.626,0.527,0.051,0.407,1.294,3.126,0.063,0.312,1.060,0.033,1.139,0.762,0.183,0.071,0.109,,0.276
"Lamb, Veal, and Game Products","Lamb, variety meats and by-products, spleen, cooked, braised",0.292,0.014,,,1.283,,0.056,,,,0.000,0.011,1.259,4.297,1.198,0.862,0.976,0.060,0.480,0.318,,,,0.687,0.620,0.071,0.455,0.197,0.711,0.024,0.046,1.029,0.044,1.043,0.949,0.000,0.047,0.236,,0.287
"Lamb, Veal, and Game Products","Veal, variety meats and by-products, kidneys, cooked, braised",0.284,0.031,,,2.637,,0.058,,,,0.000,0.060,0.909,0.338,0.799,0.781,0.834,0.069,0.526,0.251,0.069,0.018,0.172,0.713,0.676,0.045,0.453,1.244,1.429,0.046,0.170,1.143,0.052,1.207,0.765,0.268,0.106,0.073,,0.309
"Lamb, Veal, and Game Products","Veal, variety meats and by-products, heart, cooked, braised",0.277,0.008,,,0.587,,0.066,,,,0.000,0.006,1.119,0.480,0.996,0.838,1.194,0.051,0.632,0.264,0.151,0.013,0.330,0.722,0.455,0.057,0.501,0.581,0.749,0.024,0.312,1.227,0.062,1.107,0.837,0.000,0.124,0.091,,0.163
"Lamb, Veal, and Game Products","Game meat, bison, chuck, shoulder clod, separable lean only, cooked, braised",0.276,0.007,,,0.370,,0.069,,,,0.000,0.060,1.769,0.540,1.165,1.062,1.492,0.074,0.870,0.258,0.025,0.007,0.324,0.819,0.435,0.090,0.581,0.294,0.596,0.024,0.107,1.460,0.050,0.911,0.999,0.000,0.269,0.000,,0.629
"Lamb, Veal, and Game Products","Veal, breast, whole, boneless, separable lean only, cooked, braised",0.268,0.009,,,0.387,,0.078,,,,,0.043,1.573,0.092,1.067,0.883,1.190,0.063,0.674,0.485,0.078,0.008,0.228,0.698,0.378,0.083,0.522,0.206,0.179,0.028,0.054,1.261,0.090,1.093,0.920,,0.171,,,0.305
"Lamb, Veal, and Game Products","Lamb, variety meats and by-products, heart, cooked, braised",0.267,0.015,,,0.830,,0.066,,,,0.000,0.006,0.816,0.613,0.773,0.778,0.896,0.069,0.521,0.236,0.041,0.045,0.274,0.617,0.462,0.054,0.430,0.744,0.671,0.026,0.152,1.122,0.073,0.968,0.683,0.000,0.176,0.064,,0.268
"Lamb, Veal, and Game Products","Game meat, muskrat, cooked, roasted",0.266,0.038,,,0.403,,0.084,,,,0.000,0.031,1.279,0.789,0.819,0.869,1.123,0.074,0.477,0.389,,,0.186,0.710,0.493,0.091,0.518,0.444,0.211,0.040,0.071,1.178,0.108,,0.735,0.000,0.276,0.064,,0.165
"Lamb, Veal, and Game Products","Game meat, deer, shoulder clod, separable lean only, cooked, braised",0.264,0.006,,,0.377,0.335,0.068,,,,0.000,0.031,1.531,0.557,1.101,1.000,1.388,0.080,0.797,0.402,0.019,0.018,0.205,0.775,0.475,0.089,0.624,0.411,0.253,0.022,0.137,1.291,0.036,1.136,0.957,0.000,0.283,0.000,0.021,0.629
"Lamb, Veal, and Game Products","Lamb, New Zealand, imported, heart, cooked, soaked and simmered",0.263,0.005,,,0.620,,0.058,,,,0.000,,0.794,0.549,0.840,0.743,1.092,0.063,0.816,0.229,0.065,0.037,0.365,0.591,0.431,0.053,0.452,0.524,0.290,0.028,0.204,1.193,0.057,1.036,0.735,0.005,0.074,0.000,,0.194
"Lamb, Veal, and Game Products","Game meat, bison, top round, separable lean only, 1"" steak, cooked, broiled",0.262,0.005,,,0.283,,0.062,,,,0.000,0.054,1.580,0.391,1.041,0.948,1.333,0.080,0.777,0.350,0.021,0.006,0.290,0.732,0.467,0.109,0.519,0.228,0.586,0.017,0.147,1.304,0.046,0.814,0.892,0.000,0.386,0.000,,0.276
"Lamb, Veal, and Game Products","Game meat, caribou, cooked, roasted",0.262,0.023,,,0.363,0.306,0.060,,,,0.000,0.014,1.684,0.686,0.962,0.900,1.284,0.077,0.633,0.313,0.039,0.007,0.536,0.757,0.424,0.089,0.512,0.562,0.194,0.025,0.223,1.212,0.041,1.636,0.769,0.000,0.188,0.027,0.020,0.383
"Lamb, Veal, and Game Products","Game meat , bison, top sirloin, separable lean only, 1"" steak, cooked, broiled",0.262,0.005,,,0.287,,0.061,,,,0.000,0.051,1.469,0.386,0.967,0.881,1.240,0.077,0.723,0.301,0.026,0.007,0.269,0.681,0.460,0.111,0.483,0.279,0.589,0.022,0.203,1.212,0.052,0.757,0.829,0.000,0.328,0.000,,0.372
"Lamb, Veal, and Game Products","Veal, shoulder, arm, separable lean only, cooked, braised",0.260,0.032,,,0.517,,0.072,,,,0.000,0.054,1.853,0.157,1.257,1.042,1.402,0.086,0.794,0.580,0.046,0.005,0.278,0.824,0.502,0.099,0.615,0.206,0.219,0.037,0.054,1.487,0.049,1.293,1.085,0.000,0.176,0.000,,0.454
"Lamb, Veal, and Game Products","Veal, shank (fore and hind), separable lean only, cooked, braised",0.256,0.036,,,0.420,,0.063,,,,0.000,0.049,1.671,0.140,1.134,0.938,1.264,0.071,0.717,0.523,0.043,0.003,0.250,0.742,0.415,0.088,0.555,0.187,0.196,0.039,0.045,1.340,0.040,1.161,0.977,0.000,0.159,,,0.495
"Lamb, Veal, and Game Products","Game meat, deer, tenderloin, separable lean only, cooked, broiled",0.255,0.005,,,0.293,,0.053,,,,0.000,0.026,1.279,0.472,0.919,0.835,1.159,0.094,0.667,0.475,0.009,0.007,0.171,0.647,0.544,0.124,0.515,0.352,0.157,0.024,0.232,1.079,0.022,0.950,0.799,0.000,0.361,0.000,,0.290
"Lamb, Veal, and Game Products","Game meat, deer, top round, separable lean only, 1"" steak, cooked, broiled",0.255,0.004,,,0.283,,0.054,,,,0.000,0.029,1.359,0.470,0.977,0.888,1.232,0.086,0.708,0.455,0.009,0.008,0.181,0.688,0.495,0.108,0.542,0.312,0.161,0.019,0.223,1.147,0.018,1.007,0.849,0.000,0.418,0.000,,0.267
"Lamb, Veal, and Game Products","Veal, cubed for stew (leg and shoulder), separable lean only, cooked, braised",0.255,0.031,,,0.483,,0.067,,,,0.000,0.046,1.811,0.160,1.229,1.019,1.371,0.080,0.776,0.449,0.040,0.005,0.238,0.806,0.435,0.098,0.601,0.250,0.217,0.039,0.062,1.454,0.040,1.264,1.061,0.000,0.224,0.000,,0.437
"Lamb, Veal, and Game Products","Game meat, bison, ribeye, separable lean only, 1"" steak, cooked, broiled",0.253,0.007,,,0.263,,0.063,,,,0.000,0.051,1.541,0.320,1.016,0.926,1.301,0.074,0.758,0.362,0.026,0.007,0.202,0.714,0.433,0.106,0.507,0.192,0.601,0.022,0.122,1.272,0.052,0.796,0.870,0.000,0.279,0.000,,0.364
"Lamb, Veal, and Game Products","Veal, shoulder, whole (arm and blade), separable lean only, cooked, braised",0.253,0.039,,,0.433,,0.071,,,,0.000,0.046,1.746,0.161,1.184,0.982,1.321,0.080,0.749,0.361,0.052,0.007,0.322,0.777,0.473,0.091,0.580,0.219,0.210,0.040,0.054,1.401,0.056,1.218,1.023,0.000,0.153,0.000,,0.509
"Lamb, Veal, and Game Products","Veal, leg (top round), separable lean only, cooked, braised",0.252,0.009,,,0.450,,0.072,,,,0.000,0.051,1.903,0.147,1.291,1.070,1.440,0.086,0.816,0.580,0.037,0.007,0.208,0.846,0.458,0.111,0.632,0.225,0.223,0.028,0.054,1.528,0.047,1.329,1.115,0.000,0.218,0.000,,0.293
"Lamb, Veal, and Game Products","Game meat, deer, cooked, roasted",0.251,0.007,,,0.373,,0.056,,,,0.000,,2.134,0.497,0.853,0.940,1.257,0.069,0.710,0.363,0.050,0.022,,0.705,0.411,0.096,0.520,0.375,0.184,0.022,0.161,1.353,0.029,,0.776,0.000,,0.000,,0.200
"Lamb, Veal, and Game Products","Game meat, rabbit, domesticated, composite of cuts, cooked, roasted",0.250,0.020,,,0.273,,0.070,,,,0.000,0.031,1.164,0.252,0.985,0.829,1.211,0.060,0.692,0.456,0.155,0.080,0.186,0.682,0.478,0.109,0.500,0.131,0.550,0.020,0.080,1.238,0.074,1.371,0.812,0.000,0.276,0.000,,0.165
"Lamb, Veal, and Game Products","Game meat, antelope, cooked, roasted",0.250,0.004,,,0.420,,0.054,,,,0.000,0.026,2.001,0.467,0.804,0.912,1.172,0.080,0.798,,0.041,0.025,,0.666,0.382,0.106,0.507,0.456,0.184,0.022,0.232,1.297,0.025,,0.720,,,0.000,,0.122
"Lamb, Veal, and Game Products","Game meat, elk, round, separable lean only, cooked, broiled",0.250,0.005,,,0.260,,0.056,,,,0.000,0.026,1.361,0.453,0.927,0.845,1.203,0.080,0.724,0.387,0.009,0.005,0.244,0.647,0.484,0.112,0.533,0.287,0.151,0.021,0.161,1.184,0.024,0.986,0.789,0.000,0.274,0.000,,0.410
"Lamb, Veal, and Game Products","Game meat, deer, loin, separable lean only, 1"" steak, cooked, broiled",0.249,0.006,,,0.263,0.282,0.054,,,,0.000,0.026,1.296,0.454,0.931,0.847,1.175,0.086,0.675,0.582,0.011,0.011,0.174,0.656,0.504,0.114,0.520,0.321,0.190,0.024,0.250,1.093,0.022,0.961,0.810,0.000,0.445,0.000,0.017,0.264
"Lamb, Veal, and Game Products","Game meat, elk, cooked, roasted",0.249,0.005,,,0.243,,0.052,,,,0.000,0.026,1.377,0.403,0.695,0.933,1.335,0.069,0.690,,0.029,0.015,,0.685,0.327,0.094,0.520,,0.186,0.025,,1.252,0.017,1.946,0.586,,,0.000,,0.230
"Lamb, Veal, and Game Products","Veal, variety meats and by-products, spleen, cooked, braised",0.248,0.007,,,1.490,,0.046,,,,0.000,0.011,,0.818,0.790,0.560,0.849,0.040,0.500,0.289,0.026,,,0.489,0.567,0.061,0.414,0.180,1.160,0.024,0.041,0.929,0.027,0.843,0.614,0.000,0.041,0.364,,0.139
"Lamb, Veal, and Game Products","Game meat, elk, loin, separable lean only, cooked, broiled",0.248,0.005,,,0.250,,0.060,,,,0.000,0.026,1.364,0.440,0.929,0.847,1.206,0.080,0.725,0.486,0.014,0.008,0.244,0.649,0.465,0.115,0.534,0.206,0.150,0.022,0.143,1.187,0.035,0.989,0.791,0.000,0.276,0.000,,0.371
"Lamb, Veal, and Game Products","Veal, shoulder, blade, separable lean only, cooked, braised",0.248,0.042,,,0.527,0.317,0.071,,,,0.000,0.043,1.693,0.163,1.149,0.952,1.281,0.080,0.726,0.307,0.055,0.007,0.318,0.753,0.458,0.087,0.562,0.225,0.207,0.042,0.054,1.359,0.060,1.182,0.992,0.000,0.147,0.000,0.097,0.538
"Lamb, Veal, and Game Products","Game meat, horse, cooked, roasted",0.247,0.008,,,0.227,,0.062,,,,0.000,,1.544,0.559,0.953,0.818,1.142,0.071,0.593,0.262,0.048,0.117,,0.661,0.449,0.108,0.484,0.075,0.193,0.023,0.089,1.202,0.056,1.246,0.801,0.000,0.194,0.018,,0.278
"Lamb, Veal, and Game Products","Veal, rib, separable lean only, cooked, braised",0.247,0.025,,,0.480,0.334,0.078,,,,0.000,0.046,1.786,0.161,1.211,1.004,1.351,0.074,0.766,0.428,0.068,0.007,0.226,0.794,0.396,0.091,0.593,0.194,0.209,0.041,0.054,1.432,0.072,1.246,1.046,0.000,0.200,0.000,0.100,0.435
"Lamb, Veal, and Game Products","Veal, sirloin, separable lean only, cooked, braised",0.247,0.020,,,0.377,,0.073,,,,0.000,0.046,1.761,0.137,1.194,0.990,1.332,0.083,0.754,0.381,0.056,0.007,0.216,0.783,0.471,0.097,0.585,0.237,0.214,0.034,0.054,1.412,0.060,1.229,1.031,0.000,0.224,0.000,,0.346
"Lamb, Veal, and Game Products","Game meat, beaver, cooked, roasted",0.246,0.023,,,0.390,0.325,0.076,,,,0.000,0.031,1.960,1.111,1.064,1.007,1.543,0.083,0.754,0.119,0.134,0.070,0.186,0.810,0.531,0.115,0.600,0.194,0.616,0.025,0.045,1.264,0.064,,0.781,0.000,0.276,0.027,0.023,0.165
"Lamb, Veal, and Game Products","Game meat, elk, tenderloin, separable lean only, cooked, broiled",0.243,0.005,,,0.240,,0.058,,,,0.000,0.026,1.354,0.452,0.922,0.840,1.197,0.083,0.719,0.332,0.012,0.007,0.242,0.643,0.518,0.112,0.529,0.231,0.150,0.021,0.129,1.177,0.031,0.982,0.785,0.000,0.285,0.000,,0.300
"Lamb, Veal, and Game Products","Veal, leg, top round, cap off, cutlet, boneless, cooked, grilled",0.243,0.006,,,0.240,0.400,0.054,,,,0.000,0.023,1.654,0.154,1.122,0.930,1.251,0.109,0.709,0.547,0.013,0.001,0.130,0.735,0.504,0.092,0.549,0.294,0.309,0.037,0.083,1.327,0.024,1.154,0.969,0.000,0.448,0.000,0.019,0.239
"Lamb, Veal, and Game Products","Veal, composite of trimmed retail cuts, separable lean only, cooked",0.242,0.025,,,0.393,0.307,0.070,,,,0.000,0.046,1.654,0.129,1.122,0.930,1.251,0.080,0.709,0.456,0.056,0.007,0.266,0.735,0.455,0.097,0.549,0.212,0.186,0.037,0.054,1.327,0.060,1.154,0.969,0.000,0.194,0.000,0.094,0.371
"Lamb, Veal, and Game Products","Veal, loin, separable lean only, cooked, braised",0.241,0.034,,,0.417,0.314,0.081,,,,0.000,0.043,1.740,0.122,1.181,0.979,1.317,0.077,0.746,0.544,0.079,0.010,0.170,0.774,0.431,0.085,0.578,0.212,0.206,0.035,0.045,1.396,0.084,1.214,1.019,0.000,0.165,0.000,0.100,0.298
"Lamb, Veal, and Game Products","Game meat, bison, ground, cooked, pan-broiled",0.240,0.014,,,0.277,,0.085,,,,0.000,0.043,1.244,0.342,0.819,0.747,1.050,0.063,0.612,0.301,0.069,0.020,0.228,0.577,0.373,0.097,0.409,0.154,0.429,0.030,0.116,1.027,0.139,0.643,0.703,0.000,0.221,0.000,,0.374
"Lamb, Veal, and Game Products","Game meat, deer, ground, cooked, pan-broiled",0.240,0.015,,,0.327,0.255,0.067,,,,0.000,0.023,1.126,0.372,0.809,0.736,1.020,0.069,0.587,0.501,0.033,0.025,0.152,0.570,0.415,0.104,0.455,0.204,0.147,0.033,0.449,0.950,0.075,0.836,0.704,0.000,0.275,0.000,0.020,0.378
"Lamb, Veal, and Game Products","Lamb, New Zealand, imported, frozen, shoulder, whole (arm and blade), separable lean only, cooked, braised",0.239,0.028,,,0.423,,0.102,,,,0.000,0.000,1.541,0.260,1.174,0.970,1.432,0.057,0.832,0.317,0.080,0.065,0.100,0.792,0.391,0.047,0.586,0.225,0.076,0.023,0.071,1.389,0.142,1.421,1.010,0.000,0.047,0.000,,0.407
"Lamb, Veal, and Game Products","Lamb, New Zealand, imported, neck chops, separable lean only, cooked, braised",0.237,0.061,,,0.403,,0.094,,,,0.000,,0.950,0.253,1.004,0.888,1.306,0.063,0.975,0.225,0.047,0.051,0.083,0.707,0.353,0.083,0.540,0.088,0.111,0.040,0.023,1.427,0.141,1.239,0.879,0.011,0.045,0.000,,0.416
"Lamb, Veal, and Game Products","Game meat, rabbit, wild, cooked, stewed",0.237,0.019,,,0.410,0.325,0.062,,,,0.000,0.023,1.323,0.539,1.119,0.942,1.377,0.089,0.787,0.346,0.068,0.035,,0.774,0.436,0.098,0.568,0.044,0.217,0.019,0.018,1.407,0.032,1.557,0.922,0.000,0.200,0.000,0.021,0.173
"Lamb, Veal, and Game Products","Game meat, rabbit, domesticated, composite of cuts, cooked, stewed",0.237,0.021,,,0.287,0.303,0.074,,,,0.000,0.026,1.217,0.263,1.029,0.867,1.267,0.057,0.724,0.387,0.163,0.085,0.134,0.713,0.411,0.086,0.523,0.106,0.550,0.015,0.054,1.294,0.077,1.432,0.848,0.000,0.200,0.000,0.023,0.172
"Lamb, Veal, and Game Products","Lamb, New Zealand, imported, fore-shank, separable lean only, cooked, braised",0.235,0.012,,,0.383,,0.075,,,,0.000,,1.007,0.249,1.065,0.942,1.385,0.066,1.035,0.222,0.037,0.025,0.099,0.750,0.315,0.074,0.573,0.092,0.141,0.032,0.038,1.513,0.077,1.314,0.932,0.004,0.045,0.000,,0.516
"Lamb, Veal, and Game Products","Lamb, New Zealand, imported, square-cut shoulder chops, separable lean only, cooked, braised",0.235,0.042,,,0.330,,0.091,,,,0.000,,0.940,0.210,0.993,0.879,1.292,0.063,0.965,0.157,0.060,0.050,0.118,0.699,0.318,0.061,0.535,0.134,0.169,0.025,0.028,1.411,0.134,1.225,0.869,0.011,0.065,0.000,,0.451
"Lamb, Veal, and Game Products","Bison, ground, grass-fed, cooked",0.235,0.015,,,0.237,0.243,0.064,,,,0.000,0.046,1.333,0.354,0.878,0.800,1.125,0.066,0.655,0.323,0.039,0.011,,0.618,0.387,0.101,0.438,0.165,0.444,0.032,0.124,1.100,0.079,0.686,0.753,0.000,0.236,0.000,0.019,0.388
"Lamb, Veal, and Game Products","Game meat, elk, ground, cooked, pan-broiled",0.234,0.011,,,0.260,,0.069,,,,0.000,0.023,1.173,0.371,0.799,0.727,1.036,0.069,0.623,0.288,0.032,0.018,0.210,0.557,0.402,0.101,0.459,0.200,0.129,0.035,0.112,1.019,0.080,0.850,0.680,0.000,0.247,0.000,,0.477
"Lamb, Veal, and Game Products","Lamb, New Zealand, imported, frozen, composite of trimmed retail cuts, separable lean only, cooked",0.233,0.014,,,0.363,,0.074,,,,0.000,0.000,1.339,0.261,1.020,0.843,1.244,0.063,0.723,0.416,0.043,0.037,0.116,0.689,0.447,0.054,0.509,0.312,0.029,0.021,0.116,1.207,0.081,1.236,0.877,0.000,0.082,0.000,,0.313
"Lamb, Veal, and Game Products","Veal, shoulder, blade chop, separable lean only, cooked, grilled",0.233,0.022,,,0.257,0.345,0.057,,,,0.000,0.020,1.417,0.183,0.961,0.797,1.072,0.097,0.608,0.278,0.032,0.002,0.236,0.630,0.460,0.070,0.470,0.300,0.263,0.047,0.098,1.137,0.051,0.989,0.830,0.000,0.256,0.000,0.019,0.369
"Lamb, Veal, and Game Products","Veal, sirloin, separable lean only, cooked, roasted",0.232,0.015,,,0.347,,0.060,,,,0.000,0.046,1.366,0.101,0.926,0.767,1.033,0.077,0.585,0.505,0.045,0.010,0.264,0.607,0.420,0.104,0.453,0.231,0.164,0.035,0.054,1.095,0.057,0.950,0.799,0.000,0.200,0.000,,0.258
"Lamb, Veal, and Game Products","Veal, shoulder, arm, separable lean only, cooked, roasted",0.232,0.028,,,0.363,,0.059,,,,0.000,0.049,1.356,0.129,0.919,0.762,1.025,0.077,0.581,0.446,0.040,0.010,0.238,0.603,0.411,0.102,0.450,0.206,0.161,0.038,0.062,1.088,0.053,0.946,0.793,0.000,0.176,0.000,,0.314
"Lamb, Veal, and Game Products","Lamb, ground, cooked, broiled",0.232,0.023,,,0.323,0.234,0.101,,,,0.000,0.054,1.120,0.199,0.853,0.705,1.041,0.069,0.605,0.363,0.134,0.065,0.132,0.576,0.365,0.097,0.426,0.156,0.396,0.034,0.089,1.009,0.180,1.032,0.734,0.000,0.082,0.000,0.076,0.340
"Lamb, Veal, and Game Products","Lamb, New Zealand, imported, hind-shank, separable lean only, cooked, braised",0.232,0.008,,,0.383,,0.070,,,,0.000,,0.983,0.236,1.039,0.919,1.351,0.066,1.010,0.241,0.034,0.026,0.040,0.731,0.327,0.074,0.559,0.151,0.131,0.030,0.027,1.476,0.068,1.282,0.909,0.003,0.061,0.000,,0.394
"Lamb, Veal, and Game Products","Veal, leg (top round), separable lean only, cooked, roasted",0.230,0.006,,,0.343,,0.054,,,,0.000,0.046,1.456,0.100,0.987,0.818,1.101,0.080,0.624,0.545,0.026,0.005,0.200,0.647,0.429,0.112,0.483,0.206,0.170,0.028,0.054,1.168,0.031,1.014,0.853,0.000,0.182,0.000,,0.224
"Lamb, Veal, and Game Products","Veal, shoulder, whole (arm and blade), separable lean only, cooked, roasted",0.230,0.028,,,0.380,,0.061,,,,0.000,0.037,1.339,0.114,0.908,0.753,1.013,0.071,0.573,0.348,0.049,0.010,0.264,0.595,0.396,0.093,0.444,0.212,0.156,0.040,0.062,1.074,0.061,0.932,0.784,0.000,0.153,0.000,,0.382
"Lamb, Veal, and Game Products","Veal, shoulder, blade, separable lean only, cooked, roasted",0.230,0.029,,,0.397,,0.061,,,,0.000,0.031,1.330,0.111,0.901,0.747,1.006,0.069,0.570,0.315,0.051,0.010,0.282,0.591,0.391,0.089,0.441,0.225,0.153,0.043,0.062,1.067,0.063,0.925,0.779,0.000,0.141,0.000,,0.416
"Lamb, Veal, and Game Products","Lamb, New Zealand, imported, frozen, loin, separable lean only, cooked, broiled",0.229,0.022,,,0.380,,0.071,,,,0.000,0.000,1.326,0.260,1.010,0.835,1.232,0.063,0.716,0.427,0.039,0.035,0.092,0.682,0.436,0.054,0.504,0.269,0.029,0.023,0.116,1.194,0.076,1.225,0.869,0.000,0.082,0.000,,0.239
"Lamb, Veal, and Game Products","Veal, rib, separable lean only, cooked, roasted",0.229,0.013,,,0.383,,0.063,,,,0.000,0.040,1.336,0.107,0.906,0.751,1.010,0.069,0.572,0.406,0.064,0.007,0.276,0.594,0.376,0.089,0.443,0.181,0.159,0.040,0.054,1.071,0.068,0.932,0.782,0.000,0.159,0.000,,0.327
"Lamb, Veal, and Game Products","Lamb, New Zealand, imported, loin, boneless, separable lean only, cooked, fast roasted",0.228,0.006,,,0.287,,0.056,,,,0.000,,0.877,0.228,0.927,0.820,1.206,0.080,0.901,0.386,0.020,0.018,0.157,0.653,0.425,0.101,0.499,0.117,0.079,0.024,0.055,1.317,0.041,1.143,0.811,0.001,0.121,0.000,,0.196
"Lamb, Veal, and Game Products","Veal, loin, chop, separable lean only, cooked, grilled",0.228,0.014,,,0.260,0.375,0.057,,,,0.000,0.020,1.543,0.088,1.046,0.867,1.168,0.094,0.661,0.430,0.027,0.002,0.110,0.686,0.389,0.068,0.512,0.206,0.373,0.035,0.062,1.238,0.041,1.075,0.904,0.000,0.406,0.000,0.019,0.133
"Lamb, Veal, and Game Products","Lamb, variety meats and by-products, pancreas, cooked, braised",0.228,0.013,,,1.333,,0.084,,,,0.000,0.037,0.939,0.236,0.574,0.535,0.939,0.054,0.313,0.139,0.035,0.072,0.170,0.438,0.784,0.083,0.393,0.131,0.926,0.022,0.018,0.800,0.139,1.043,0.542,0.000,0.029,0.182,,0.195
"Lamb, Veal, and Game Products","Lamb, New Zealand, imported, frozen, leg, whole (shank and sirloin), separable lean only, cooked, roasted",0.227,0.007,,,0.333,,0.065,,,,0.000,0.000,1.253,0.249,0.954,0.789,1.164,0.060,0.676,0.406,0.033,0.030,0.108,0.644,0.425,0.052,0.476,0.312,0.060,0.019,0.107,1.129,0.064,1.154,0.821,0.000,0.082,0.000,,0.294
"Lamb, Veal, and Game Products","Veal, loin, separable lean only, cooked, roasted",0.226,0.022,,,0.353,0.263,0.062,,,,0.000,0.046,1.364,0.094,0.926,0.767,1.033,0.074,0.585,0.512,0.052,0.010,0.254,0.607,0.404,0.097,0.453,0.187,0.166,0.040,0.054,1.095,0.064,0.950,0.799,0.000,0.218,0.000,0.079,0.236
"Lamb, Veal, and Game Products","Veal, variety meats and by-products, tongue, cooked, braised",0.225,0.009,,,0.793,,0.072,,,,0.000,0.026,0.841,0.232,0.791,0.682,0.905,0.051,0.508,0.080,0.035,,0.148,0.582,0.302,0.046,0.445,0.219,0.157,0.027,0.062,0.990,0.093,0.996,0.652,0.000,0.088,0.055,,0.328
"Lamb, Veal, and Game Products","Veal, foreshank, osso buco, separable lean only, cooked, braised",0.224,0.022,,,0.307,0.367,0.056,,,,0.000,0.014,1.510,0.229,1.024,0.849,1.143,0.097,0.648,0.204,0.029,0.002,0.096,0.671,0.396,0.059,0.501,0.219,0.296,0.037,0.074,1.211,0.041,1.054,0.885,0.000,0.104,0.000,0.020,0.387
"Lamb, Veal, and Game Products","Lamb, New Zealand, imported, tunnel-boned leg, chump off, shank off, separable lean only, cooked, slow roasted",0.224,0.004,,,0.263,,0.057,,,,0.000,,0.766,0.190,0.809,0.715,1.052,0.074,0.786,0.319,0.026,0.028,0.165,0.569,0.387,0.105,0.435,0.155,0.066,0.026,0.096,1.150,0.059,1.000,0.708,0.003,0.162,0.000,,0.268
"Lamb, Veal, and Game Products","Game meat, squirrel, cooked, roasted",0.224,0.003,,,0.403,0.307,0.062,,,,0.000,0.026,1.147,0.757,0.837,0.810,1.060,0.080,0.643,0.251,0.168,0.007,0.186,0.681,0.384,0.101,0.530,0.181,0.216,0.050,0.054,1.116,0.043,,0.668,0.000,0.218,0.000,0.020,0.129
"Lamb, Veal, and Game Products","Lamb, New Zealand, imported, breast, separable lean only, cooked, braised",0.223,0.026,,,0.340,,0.096,,,,0.000,,0.851,0.210,0.900,0.796,1.171,0.057,0.875,0.198,0.060,0.048,0.082,0.634,0.276,0.052,0.485,0.081,0.091,0.036,0.023,1.279,0.161,1.111,0.788,0.007,0.052,0.000,,0.349
"Lamb, Veal, and Game Products","Lamb, New Zealand, imported, netted shoulder, rolled, boneless, separable lean only, cooked, slow roasted",0.220,0.007,,,0.263,,0.071,,,,0.000,,0.760,0.153,0.804,0.711,1.045,0.066,0.781,0.232,0.037,0.033,0.160,0.566,0.358,0.096,0.433,0.117,0.067,0.027,0.104,1.142,0.100,0.993,0.703,0.008,0.069,0.000,,0.364
"Lamb, Veal, and Game Products","Game meat, boar, wild, cooked, roasted",0.220,0.017,,,0.257,0.294,0.057,,,,0.000,0.017,2.050,0.124,0.976,0.842,1.328,0.077,0.664,0.228,0.062,0.007,,0.647,0.244,0.113,0.487,0.088,0.186,0.025,0.277,1.268,0.040,1.357,0.834,0.000,0.246,0.000,0.020,0.219
"Lamb, Veal, and Game Products","Game meat, goat, cooked, roasted",0.220,0.018,,,0.250,0.266,0.051,,,,0.000,0.014,0.807,0.414,0.979,0.827,0.960,0.000,0.691,0.214,0.016,0.005,,0.538,0.365,0.116,0.466,0.381,0.169,0.036,0.080,1.229,0.028,1.439,0.798,0.000,0.000,0.000,0.017,0.383
"Lamb, Veal, and Game Products","Lamb, New Zealand, imported, loin saddle, separable lean only, cooked, fast roasted",0.220,0.008,,,0.260,,0.058,,,,0.000,,0.773,0.178,0.816,0.722,1.061,0.069,0.793,0.348,0.025,0.024,0.103,0.574,0.373,0.099,0.439,0.138,0.057,0.032,0.106,1.160,0.062,1.007,0.714,0.007,0.121,0.000,,0.219
"Lamb, Veal, and Game Products","Veal, ground, cooked, broiled",0.219,0.018,,,0.343,0.237,0.061,,,,0.000,0.031,1.264,0.110,0.858,0.711,0.957,0.069,0.542,0.435,0.052,0.013,0.232,0.562,0.395,0.096,0.420,0.169,0.196,0.035,0.062,1.014,0.069,0.882,0.740,0.000,0.229,0.000,0.017,0.282
"Lamb, Veal, and Game Products","Game meat, bison, separable lean only, cooked, roasted",0.219,0.008,,,0.273,0.287,0.051,,,,0.000,0.023,1.077,0.380,0.856,0.810,1.057,0.074,0.642,0.201,0.018,0.010,,0.609,0.380,0.103,0.490,0.169,0.507,0.024,0.089,1.115,0.022,,0.707,0.000,0.235,0.000,0.019,0.268
"Lamb, Veal, and Game Products","Game meat, moose, cooked, roasted",0.219,0.006,,,0.260,0.289,0.048,,,,0.000,0.011,1.404,0.469,1.004,0.944,1.264,0.069,0.713,0.285,0.024,0.007,,0.722,0.320,0.095,0.504,0.212,0.183,0.029,0.045,1.280,0.009,,0.875,0.000,0.218,0.045,0.017,0.268
"Lamb, Veal, and Game Products","Lamb, variety meats and by-products, lungs, cooked, braised",0.219,0.013,,,0.947,,0.040,,,,0.000,0.023,0.714,0.508,0.449,0.583,0.612,0.031,0.342,0.131,,,,0.468,0.342,0.036,0.342,0.087,0.301,0.035,0.030,0.696,0.028,0.729,0.602,0.043,0.035,0.255,,0.140
"Lamb, Veal, and Game Products","Lamb, variety meats and by-products, tongue, cooked, braised",0.218,0.011,,,0.630,,0.098,,,,0.000,0.009,0.681,0.292,0.602,0.562,0.727,0.046,0.435,0.200,0.071,0.152,0.068,0.460,0.244,0.045,0.371,0.262,0.400,0.028,0.071,0.929,0.186,0.779,0.568,0.000,0.100,0.064,,0.218
"Lamb, Veal, and Game Products","Lamb, New Zealand, imported, square-cut shoulder, separable lean only, cooked, slow roasted",0.218,0.015,,,0.237,,0.069,,,,0.000,,0.759,0.163,0.802,0.710,1.043,0.063,0.779,0.229,0.037,0.029,0.093,0.565,0.358,0.095,0.432,0.144,0.097,0.033,0.050,1.140,0.093,0.989,0.702,0.001,0.111,0.000,,0.334
"Lamb, Veal, and Game Products","Game meat, buffalo, water, cooked, roasted",0.218,0.016,,,0.203,,0.047,,,,0.000,0.026,1.269,0.236,0.961,0.846,1.009,0.094,0.640,0.340,0.026,0.013,0.034,0.614,0.400,0.089,0.462,0.156,0.171,0.023,0.027,1.223,0.017,1.168,0.784,0.000,0.271,0.000,,0.185
"Lamb, Veal, and Game Products","Lamb, New Zealand, imported, rack - fully frenched, separable lean only, cooked, fast roasted",0.217,0.012,,,0.240,,0.062,,,,0.000,,0.737,0.196,0.780,0.690,1.014,0.069,0.758,0.339,0.031,0.028,0.128,0.549,0.364,0.094,0.420,0.131,0.063,0.028,0.051,1.108,0.077,0.964,0.682,0.004,0.171,0.000,,0.186
"Lamb, Veal, and Game Products","Lamb, New Zealand, imported, chump, boneless, separable lean only, cooked, fast roasted",0.213,0.004,,,0.247,,0.051,,,,0.000,,0.717,0.192,0.757,0.670,0.985,0.071,0.736,0.193,0.021,0.024,0.174,0.533,0.373,0.097,0.408,0.117,0.086,0.025,0.123,1.076,0.048,0.936,0.663,0.007,0.103,0.000,,0.236
"Lamb, Veal, and Game Products","Lamb, New Zealand, imported, flap, boneless, separable lean only, cooked, braised",0.213,0.009,,,0.260,,0.084,,,,0.000,,0.843,0.134,0.891,0.789,1.160,0.051,0.867,0.181,0.043,0.038,0.066,0.627,0.249,0.053,0.480,0.092,0.111,0.022,0.012,1.267,0.125,1.100,0.780,0.013,0.054,0.000,,0.306
"Lamb, Veal, and Game Products","Lamb, New Zealand, imported, sweetbread, cooked, soaked and simmered",0.212,0.006,,,1.540,,0.051,,,,0.000,,0.639,0.118,0.676,0.598,0.879,0.071,0.656,0.074,0.022,0.016,0.146,0.475,1.000,0.101,0.364,0.060,0.213,0.022,0.067,0.960,0.061,0.836,0.591,0.011,0.000,0.000,,0.140
"Lamb, Veal, and Game Products","Lamb, New Zealand, imported, rack - partly frenched, separable lean only, cooked, fast roasted",0.205,0.023,,,0.253,0.236,0.069,,,,0.000,0.000,0.739,0.183,0.781,0.691,1.016,0.069,0.759,0.363,0.039,0.033,0.079,0.550,0.380,0.092,0.420,0.126,0.061,0.030,0.054,1.110,0.098,0.964,0.684,0.005,0.100,0.000,0.050,0.210
"Lamb, Veal, and Game Products","Lamb, New Zealand, imported, ground lamb, cooked, braised",0.197,0.004,,,0.237,,0.069,,,,0.000,,0.684,0.141,0.723,0.639,0.940,0.043,0.702,0.179,0.035,0.034,0.020,0.509,0.222,0.046,0.389,0.096,0.097,0.014,0.018,1.027,0.104,0.893,0.632,0.011,0.079,0.000,,0.246
"Lamb, Veal, and Game Products","Lamb, New Zealand, imported, tongue - swiss cut, cooked, soaked and simmered",0.196,0.006,,,0.420,,0.097,,,,0.000,,0.530,0.193,0.560,0.495,0.729,0.043,0.544,0.123,0.106,0.071,0.116,0.394,0.260,0.038,0.301,0.213,0.130,0.022,0.032,0.795,0.202,0.693,0.490,0.001,0.045,0.000,,0.151
"Lamb, Veal, and Game Products","Veal, variety meats and by-products, lungs, cooked, braised",0.195,0.007,,,0.877,,0.037,,,,0.000,0.023,,0.401,0.555,0.392,0.661,0.023,0.283,0.124,,,,0.380,0.422,0.041,0.323,0.082,0.283,0.023,0.029,0.664,0.024,0.532,0.438,0.000,0.035,0.309,,0.087
"Lamb, Veal, and Game Products","Veal, variety meats and by-products, brain, cooked, braised",0.174,0.017,,,10.333,,0.049,,,,0.000,0.009,0.410,0.186,0.334,0.325,0.339,0.046,0.240,0.131,0.011,,0.200,0.345,0.700,0.061,0.198,0.125,0.157,0.065,0.071,0.541,0.088,0.411,0.300,0.000,0.100,0.118,,0.117
"Lamb, Veal, and Game Products","Lamb, variety meats and by-products, brain, cooked, braised",0.173,0.013,,,6.810,,0.052,,,,0.000,0.014,0.476,0.187,0.356,0.359,0.383,0.040,0.238,0.134,0.004,0.000,0.198,0.346,0.613,0.059,0.216,0.150,0.171,0.056,0.098,0.535,0.093,0.461,0.329,0.000,0.065,0.109,,0.099
"Lamb, Veal, and Game Products","Game meat, raccoon, cooked, roasted",0.169,0.015,,,0.323,0.289,0.091,,,,0.000,0.031,,0.789,,,,0.086,,0.253,0.160,0.016,,,0.475,0.114,0.503,0.325,0.257,0.033,0.527,,0.133,,,0.000,0.276,0.000,0.024,0.165
"Lamb, Veal, and Game Products","Game meat, opossum, cooked, roasted",0.165,0.018,,,0.430,0.291,0.079,,,,0.000,0.029,,0.516,,,,0.097,,0.456,0.367,0.017,,,0.505,0.125,0.520,0.231,0.260,0.024,0.089,,0.094,,,0.000,0.276,0.000,0.023,0.166
"Lamb, Veal, and Game Products","Veal, variety meats and by-products, pancreas, cooked, braised",0.165,0.019,,,,,0.091,,,,0.000,0.009,,0.264,,,,0.069,,0.224,,,,,0.931,0.079,0.501,0.316,0.559,0.028,0.167,,0.134,,,0.000,0.112,0.055,,0.378
"Lamb, Veal, and Game Products","Game meat, bear, cooked, simmered",0.163,0.005,,,0.327,0.306,0.092,,,,0.000,0.017,,1.192,,,,0.066,,0.181,0.197,0.012,,,0.309,0.075,0.558,0.512,0.160,0.030,0.089,,0.123,,,0.000,0.171,0.000,0.026,0.747
"Lamb, Veal, and Game Products","Veal, variety meats and by-products, thymus, cooked, braised",0.148,0.004,,,1.167,0.523,0.045,,,,0.000,0.057,,0.138,,,,0.069,,0.183,0.024,0.000,0.216,,1.140,0.124,0.390,0.062,0.307,0.025,0.048,,0.029,,,0.000,0.016,0.358,0.000,0.155
"Lamb, Veal, and Game Products","Game meat, beefalo, composite of cuts, cooked, roasted",0.140,0.025,,,0.193,,0.067,,,,0.000,0.051,,0.339,,,,,,0.265,0.019,0.015,0.116,,0.455,0.131,0.528,0.069,0.187,0.034,0.027,,0.058,,,0.000,,0.082,,0.466
Legumes and Legume Products,Meat extender,0.389,0.215,,,0.000,,0.111,,,,0.700,0.566,1.526,1.332,1.425,1.195,1.236,0.617,0.495,1.192,0.183,0.049,0.298,1.247,1.162,0.543,0.718,0.557,0.106,0.004,0.627,1.538,0.027,2.050,1.162,0.003,0.786,0.000,,0.161
Legumes and Legume Products,"Soybeans, mature seeds, roasted, salted",0.339,0.145,,,0.000,0.311,0.168,,,,0.708,0.603,1.357,0.433,1.221,1.051,1.116,0.414,0.452,0.076,1.581,0.423,0.091,1.050,0.660,0.420,0.664,0.091,0.273,0.068,0.089,1.457,0.233,1.829,0.966,0.013,0.122,0.020,0.720,0.228
Legumes and Legume Products,"Peanuts, virginia, oil-roasted, with salt",0.302,0.091,,,0.000,,0.206,,,,0.356,0.357,0.934,0.186,0.650,0.614,0.442,0.537,0.302,0.795,1.830,0.005,0.277,0.766,0.920,0.186,0.445,0.070,0.107,0.180,0.246,0.844,0.447,0.896,0.596,0.000,0.149,0.000,,0.482
Legumes and Legume Products,"Peanuts, spanish, oil-roasted, with salt",0.300,0.105,,,0.000,,0.207,,,,0.356,0.360,1.011,0.253,0.704,0.665,0.479,0.480,0.328,0.808,2.124,0.003,0.278,0.830,0.704,0.222,0.482,0.053,0.107,0.180,0.283,0.913,0.450,0.971,0.646,0.000,0.151,0.000,,0.146
Legumes and Legume Products,"Peanuts, virginia, oil-roasted, without salt",0.295,0.091,,,0.000,,0.206,,,,0.356,0.357,0.934,0.186,0.650,0.614,0.442,0.537,0.302,0.795,1.830,0.005,0.277,0.766,0.920,0.186,0.445,0.070,0.107,0.003,0.246,0.844,0.447,0.896,0.596,0.000,0.149,0.000,,0.482
Legumes and Legume Products,"Peanuts, spanish, oil-roasted, without salt",0.293,0.105,,,0.000,,0.207,,,,0.356,0.360,1.011,0.253,0.704,0.665,0.479,0.480,0.328,0.808,2.124,0.003,0.278,0.830,0.704,0.222,0.482,0.053,0.107,0.003,0.283,0.913,0.450,0.971,0.646,0.000,0.151,0.000,,0.146
Legumes and Legume Products,Papad,0.291,0.151,,,0.013,0.001,0.133,,,,0.744,0.626,1.021,0.867,0.931,0.775,0.807,0.774,0.354,0.080,0.014,0.259,0.183,0.852,0.700,0.286,0.440,0.161,0.119,0.727,0.247,0.844,0.030,0.950,0.788,0.017,0.168,0.000,0.006,0.247
Legumes and Legume Products,"Peanuts, valencia, oil-roasted, with salt",0.290,0.057,,,0.000,,0.210,,,,0.356,0.360,0.977,0.183,0.679,0.642,0.462,0.457,0.316,0.776,2.220,0.003,0.277,0.801,0.580,0.175,0.465,0.096,0.107,0.322,0.080,0.882,0.471,0.939,0.623,0.000,0.143,0.000,,0.224
Legumes and Legume Products,"Peanuts, valencia, oil-roasted, without salt",0.279,0.057,,,0.000,,0.210,,,,0.356,0.360,0.977,0.183,0.679,0.642,0.462,0.457,0.316,0.776,2.220,0.003,0.277,0.801,0.580,0.175,0.465,0.096,0.107,0.003,0.080,0.882,0.471,0.939,0.623,0.000,0.143,0.000,,0.224
Legumes and Legume Products,"Peanuts, all types, oil-roasted, with salt",0.267,0.064,,,0.000,0.138,0.214,,,,0.376,0.343,0.936,0.169,0.699,0.664,0.450,0.503,0.277,0.748,1.889,0.009,0.240,0.815,0.722,0.207,0.482,0.056,0.047,0.133,0.076,0.581,0.482,0.825,0.630,0.000,0.271,0.007,0.000,0.239
Legumes and Legume Products,"Peanuts, all types, oil-roasted, without salt",0.263,0.064,,,0.000,0.138,0.214,,,,0.376,0.343,0.936,0.169,0.699,0.664,0.450,0.503,0.277,0.748,1.888,0.009,0.240,0.815,0.722,0.207,0.482,0.056,0.047,0.003,0.076,0.581,0.482,0.825,0.630,0.000,0.271,0.007,0.000,0.239
Legumes and Legume Products,"Peanut butter with omega-3, creamy",0.254,0.047,,,,0.236,0.217,,,,0.244,,,0.186,,,,0.546,,0.697,0.480,0.733,0.174,,0.775,0.223,0.421,0.054,,0.148,0.049,,0.497,,,,0.172,,,0.224
Legumes and Legume Products,"Peanut Butter, smooth (Includes foods for USDA's Food Distribution Program)",0.252,0.057,,,0.000,0.164,0.210,,,,0.228,0.100,0.786,0.240,0.434,0.559,0.320,0.511,0.250,0.712,1.410,0.010,0.209,0.678,0.609,0.169,0.377,0.066,0.577,0.198,0.096,0.493,0.455,0.814,0.425,0.000,0.324,0.000,0.000,0.194
Legumes and Legume Products,"Peanut butter, chunk style, with salt",0.247,0.047,,,0.000,0.153,0.210,,,,0.320,0.263,0.786,0.211,0.434,0.559,0.320,0.457,0.250,0.741,1.732,0.019,0.224,0.677,0.580,0.213,0.414,0.069,0.117,0.203,0.095,0.493,0.459,0.814,0.424,0.000,0.246,0.000,0.007,0.203
Legumes and Legume Products,"Peanut butter, smooth style, with salt (Includes foods for USDA's Food Distribution Program)",0.242,0.052,,,0.000,0.158,0.214,,,,0.200,0.249,0.796,0.193,0.440,0.566,0.324,0.480,0.252,0.710,1.533,0.007,0.227,0.687,0.609,0.159,0.382,0.120,0.059,0.177,0.134,0.500,0.472,0.825,0.430,0.000,0.259,0.000,0.004,0.183
Legumes and Legume Products,"Peanut butter, chunk style, without salt",0.241,0.047,,,0.000,0.153,0.210,,,,0.320,0.263,0.786,0.211,0.434,0.559,0.320,0.457,0.250,0.741,1.732,0.019,0.224,0.677,0.580,0.213,0.414,0.069,0.117,0.007,0.095,0.493,0.459,0.814,0.424,0.000,0.246,0.000,0.007,0.203
Legumes and Legume Products,"Peanut butter, smooth style, without salt",0.237,0.052,,,0.000,0.158,0.214,,,,0.200,0.249,0.796,0.193,0.440,0.566,0.324,0.480,0.252,0.710,1.533,0.007,0.227,0.687,0.609,0.159,0.382,0.120,0.059,0.007,0.134,0.500,0.472,0.825,0.430,0.000,0.259,0.000,0.004,0.183
Legumes and Legume Products,Natto,0.227,0.228,,,0.000,0.142,0.075,,,,0.216,0.023,0.731,0.956,0.665,0.553,0.545,0.329,0.198,0.000,0.684,0.183,0.043,0.538,0.316,0.208,0.334,0.119,0.126,0.003,0.143,0.774,0.101,0.796,0.559,0.000,0.076,0.118,0.330,0.220
Legumes and Legume Products,"Soybeans, mature seeds, cooked, boiled, with salt",0.216,0.107,,,0.000,,0.061,,,,0.240,0.154,0.641,0.571,0.576,0.496,0.528,0.246,0.213,0.022,0.558,0.149,0.036,0.497,0.445,0.147,0.313,0.178,0.104,0.099,0.138,0.689,0.082,0.864,0.457,0.000,0.138,0.015,0.274,0.084
Legumes and Legume Products,"Veggie burgers or soyburgers, unprepared",0.214,0.143,,,0.017,0.048,0.063,,,,0.196,0.354,0.664,0.268,0.557,0.512,0.478,0.160,0.277,0.203,0.242,0.000,0.058,0.506,0.375,0.095,0.270,0.152,0.323,0.237,2.367,0.576,0.058,0.579,0.489,0.001,0.178,0.041,0.060,0.092
Legumes and Legume Products,"Soybeans, mature cooked, boiled, without salt",0.210,0.107,,,0.000,0.119,0.061,,,,0.240,0.154,0.641,0.571,0.576,0.496,0.528,0.246,0.213,0.022,0.558,0.149,0.036,0.497,0.445,0.147,0.313,0.178,0.104,0.000,0.138,0.689,0.082,0.864,0.457,0.000,0.138,0.015,0.274,0.084
Legumes and Legume Products,Tempeh,0.201,0.117,,,0.000,,0.069,,,,,0.069,0.666,0.300,0.629,0.524,0.432,0.231,0.167,0.143,0.506,0.062,0.056,0.510,0.484,0.118,0.349,0.224,0.000,0.004,0.070,0.758,0.099,0.693,0.505,0.000,0.126,0.000,,0.083
Legumes and Legume Products,"Peanut butter, reduced sodium",0.189,0.043,,,0.000,0.159,0.211,,,,0.264,0.263,,0.211,,,,0.454,,0.741,1.762,0.019,,,0.576,0.213,0.413,0.069,0.107,0.085,0.107,,0.458,,,0.000,0.265,0.000,0.009,0.202
Legumes and Legume Products,Chickpea flour (besan),0.188,0.047,,,0.000,,0.138,,,,0.432,1.249,,0.540,,,,0.474,,0.095,0.359,0.028,0.121,,0.578,0.242,0.385,0.066,0.119,0.027,0.434,,0.061,,,0.003,0.289,0.000,0.130,0.204
Legumes and Legume Products,"Tofu, hard, prepared with nigari",0.184,0.363,,,0.000,,0.052,,,,0.024,0.063,0.494,0.306,0.487,0.410,0.338,0.151,0.161,0.035,0.621,0.167,0.007,0.383,0.420,0.042,0.218,0.048,0.240,0.001,0.037,0.600,0.092,0.671,0.384,,0.023,0.003,,0.121
Legumes and Legume Products,"Peanuts, all types, cooked, boiled, with salt",0.182,0.058,,,0.000,0.082,0.114,,,,0.352,0.214,0.487,0.112,0.339,0.321,0.231,0.291,0.158,0.285,0.869,0.000,0.165,0.400,0.360,0.051,0.232,0.039,0.063,0.313,0.231,0.440,0.202,0.468,0.311,0.000,0.089,0.000,0.000,0.133
Legumes and Legume Products,Miso,0.175,0.060,,,0.000,0.180,0.071,,,,0.216,0.054,0.347,0.277,0.363,0.300,0.228,0.137,0.123,0.049,0.310,0.101,0.067,0.278,0.289,0.060,0.220,0.146,0.100,1.553,0.087,0.456,0.055,0.554,0.301,0.005,0.117,0.000,0.419,0.186
Legumes and Legume Products,"Falafel, home-prepared",0.175,0.057,,,0.000,,0.119,,,,,0.266,0.520,0.380,0.405,0.346,0.408,0.234,0.178,0.056,0.062,0.028,0.058,0.404,0.349,0.167,0.229,0.104,0.014,0.122,0.130,0.469,0.163,0.479,0.309,0.001,0.074,0.015,,0.109
Legumes and Legume Products,"Tofu, salted and fermented (fuyu)",0.156,0.048,,,0.000,,0.041,,,,,0.083,0.339,0.220,0.289,0.227,0.256,0.149,0.099,0.021,0.498,0.134,0.026,0.227,0.133,0.021,0.154,0.063,0.247,1.197,0.140,0.316,0.073,0.454,0.226,0.000,0.054,0.002,,0.113
Legumes and Legume Products,"Lupins, mature seeds, cooked, boiled, with salt",0.154,0.054,,,0.000,,0.041,,,,0.112,0.169,0.633,0.133,0.496,0.433,0.396,0.154,0.105,0.027,0.075,0.034,0.038,0.353,0.233,0.070,0.268,0.033,0.037,0.100,0.120,0.546,0.027,0.446,0.357,0.000,0.005,0.010,,0.100
Legumes and Legume Products,"Winged beans, mature seeds, cooked, boiled, with salt",0.154,0.149,,,0.000,,0.052,,,,,0.029,0.344,0.481,0.320,0.279,0.310,0.154,0.104,0.045,0.182,0.024,0.031,0.249,0.278,0.080,0.183,0.081,0.041,0.104,0.263,0.343,0.054,0.832,0.257,0.000,0.028,0.000,,0.105
Legumes and Legume Products,"Beans, cranberry (roman), mature seeds, cooked, boiled, with salt",0.154,0.053,,,0.000,,0.049,,,,0.344,0.591,0.371,0.232,0.294,0.273,0.305,0.143,0.133,0.028,0.013,0.023,0.048,0.289,0.245,0.111,0.161,0.043,0.019,0.099,0.187,0.374,0.004,0.396,0.269,,0.048,0.000,,0.083
Legumes and Legume Products,"Beans, small white, mature seeds, cooked, boiled, with salt",0.153,0.077,,,0.000,,0.051,,,,0.416,0.391,0.357,0.316,0.283,0.262,0.293,0.194,0.129,0.015,0.019,0.032,0.050,0.277,0.307,0.132,0.154,0.037,0.019,0.099,0.211,0.359,0.006,0.379,0.258,0.000,0.075,0.000,,0.079
Legumes and Legume Products,"Lupins, mature seeds, cooked, boiled, without salt",0.152,0.054,,,0.000,,0.043,,,,0.112,0.169,0.633,0.133,0.496,0.433,0.396,0.154,0.105,0.027,0.075,0.034,0.038,0.353,0.233,0.070,0.268,0.033,0.037,0.002,0.120,0.546,0.027,0.446,0.357,0.000,0.005,0.010,,0.100
Legumes and Legume Products,"Winged beans, mature seeds, cooked, boiled, without salt",0.152,0.149,,,0.000,,0.052,,,,,0.029,0.344,0.481,0.320,0.279,0.310,0.154,0.104,0.045,0.182,0.024,0.031,0.249,0.278,0.080,0.183,0.081,0.041,0.005,0.263,0.343,0.054,0.832,0.257,0.000,0.028,0.000,,0.105
Legumes and Legume Products,"Beans, cranberry (roman), mature seeds, cooked, boiled, without salt",0.151,0.053,,,0.000,,0.049,,,,0.344,0.591,0.371,0.232,0.294,0.273,0.305,0.143,0.133,0.028,0.013,0.023,0.048,0.289,0.245,0.111,0.161,0.043,0.019,0.000,0.187,0.374,0.004,0.396,0.269,,0.048,0.000,,0.083
Legumes and Legume Products,"Beans, small white, mature seeds, cooked, boiled, without salt",0.150,0.077,,,0.000,,0.051,,,,0.416,0.391,0.357,0.316,0.283,0.262,0.293,0.194,0.129,0.015,0.019,0.032,0.050,0.277,0.307,0.132,0.154,0.037,0.019,0.001,0.211,0.359,0.006,0.379,0.258,0.000,0.075,0.000,,0.079
Legumes and Legume Products,"Beans, yellow, mature seeds, cooked, boiled, with salt",0.148,0.065,,,0.000,0.088,0.051,,,,0.416,0.231,0.364,0.276,0.289,0.268,0.300,0.211,0.131,0.038,0.032,0.053,0.046,0.283,0.333,0.093,0.158,0.064,0.019,0.100,0.167,0.368,0.010,0.386,0.263,0.000,0.076,0.016,0.050,0.077
Legumes and Legume Products,"Beans, pink, mature seeds, cooked, boiled, with salt",0.147,0.055,,,0.000,0.092,0.053,,,,0.212,0.480,0.360,0.256,0.286,0.265,0.296,0.186,0.130,0.031,0.014,0.024,0.060,0.280,0.300,0.145,0.156,0.039,0.020,0.099,0.229,0.363,0.005,0.382,0.260,0.000,0.103,0.000,0.053,0.070
Legumes and Legume Products,"Beans, pinto, mature seeds, cooked, boiled, without salt",0.146,0.048,,,0.000,0.088,0.051,,,,0.360,0.491,0.353,0.232,0.304,0.280,0.300,0.143,0.111,0.017,0.012,0.034,0.042,0.303,0.267,0.125,0.155,0.039,0.089,0.000,0.172,0.315,0.006,0.386,0.285,0.000,0.135,0.007,0.050,0.071
Legumes and Legume Products,Soy sauce made from soy (tamari),0.146,0.021,,,0.000,0.096,0.021,,,,0.032,0.051,0.307,0.264,0.348,0.269,0.348,0.114,0.159,0.214,0.005,0.001,0.075,0.305,0.236,0.061,0.181,0.095,0.011,2.328,0.053,0.388,0.001,0.646,0.288,0.000,0.118,0.000,0.000,0.031
Legumes and Legume Products,"Beans, yellow, mature seeds, cooked, boiled, without salt",0.146,0.065,,,0.000,0.088,0.051,,,,0.416,0.231,0.364,0.276,0.289,0.268,0.300,0.211,0.131,0.038,0.032,0.053,0.046,0.283,0.333,0.093,0.158,0.064,0.019,0.002,0.167,0.368,0.010,0.386,0.263,0.000,0.076,0.016,0.050,0.077
Legumes and Legume Products,"Beans, pinto, mature seeds, cooked, boiled, with salt",0.146,0.048,,,0.000,,0.051,,,,0.360,0.491,0.331,0.232,0.263,0.243,0.272,0.143,0.120,0.017,0.010,0.027,0.042,0.257,0.267,0.125,0.155,0.039,0.089,0.099,0.172,0.333,0.006,0.350,0.239,0.000,0.135,0.007,0.050,0.071
Legumes and Legume Products,"Hummus, commercial",0.145,0.049,,,0.000,,0.085,,,,0.220,0.137,,0.282,,,,0.214,,0.055,1.010,0.181,0.069,,0.329,0.089,0.134,0.079,0.067,0.177,0.143,,0.164,,,0.001,0.086,0.000,0.326,0.105
Legumes and Legume Products,"Beans, pink, mature seeds, cooked, boiled, without salt",0.145,0.055,,,0.000,0.092,0.053,,,,0.212,0.480,0.360,0.256,0.286,0.265,0.296,0.186,0.130,0.031,0.014,0.024,0.060,0.280,0.300,0.145,0.156,0.039,0.020,0.001,0.229,0.363,0.005,0.382,0.260,0.000,0.103,0.000,0.053,0.070
Legumes and Legume Products,"Chickpeas (garbanzo beans, bengal gram), mature seeds, cooked, boiled, with salt",0.145,0.052,,,0.000,0.107,0.059,,,,0.304,0.491,0.349,0.321,0.271,0.231,0.282,0.137,0.110,0.028,0.139,0.011,0.057,0.271,0.305,0.083,0.152,0.039,0.053,0.101,0.104,0.313,0.024,0.304,0.204,0.001,0.082,0.012,0.057,0.111
Legumes and Legume Products,"Beans, white, mature seeds, cooked, boiled, with salt",0.145,0.095,,,0.000,0.088,0.050,,,,0.252,0.231,0.387,0.411,0.306,0.284,0.318,0.180,0.139,0.008,0.010,0.017,0.046,0.301,0.205,0.160,0.167,0.029,0.019,0.101,0.105,0.390,0.003,0.411,0.280,0.000,0.055,0.000,0.050,0.100
Legumes and Legume Products,"Lentils, mature seeds, cooked, boiled, with salt",0.145,0.020,,,0.000,0.082,0.041,,,,0.316,0.517,0.363,0.370,0.279,0.240,0.300,0.103,0.073,0.057,0.017,0.009,0.128,0.254,0.327,0.105,0.155,0.046,0.040,0.099,0.151,0.308,0.003,0.289,0.246,0.000,0.105,0.014,0.024,0.092
Legumes and Legume Products,"Yardlong beans, mature seeds, cooked, boiled, with salt",0.145,0.044,,,0.000,,0.042,,,,0.152,0.417,0.367,0.293,0.241,0.233,0.267,0.280,0.112,0.030,0.013,0.022,0.080,0.277,0.329,0.090,0.143,0.040,0.040,0.100,0.189,0.301,0.004,0.364,0.217,0.001,0.056,0.004,,0.079
Legumes and Legume Products,"Beans, kidney, royal red, mature seeds, cooked, boiled with salt",0.144,0.046,,,0.000,,0.044,,,,0.372,0.211,0.377,0.308,0.299,0.277,0.310,0.120,0.136,0.030,0.004,0.014,0.044,0.293,0.258,0.108,0.163,0.042,0.017,0.100,0.085,0.380,0.002,0.400,0.273,0.000,0.061,0.011,,0.065
Legumes and Legume Products,"Beans, navy, mature seeds, cooked, boiled, without salt",0.144,0.073,,,,0.112,0.050,,,,0.420,0.400,0.294,0.262,0.276,0.256,0.248,0.151,0.106,0.035,0.017,0.044,0.053,0.269,0.262,0.111,0.142,0.041,0.041,0.000,0.212,0.275,0.006,0.357,0.277,0.000,0.081,0.008,0.009,0.075
Legumes and Legume Products,"Beans, kidney, california red, mature seeds, cooked, boiled, with salt",0.144,0.069,,,0.000,,0.044,,,,0.372,0.211,0.363,0.331,0.288,0.267,0.299,0.137,0.130,0.029,0.003,0.008,0.044,0.282,0.249,0.120,0.157,0.039,0.017,0.100,0.115,0.366,0.001,0.386,0.263,0.000,0.061,0.011,,0.063
Legumes and Legume Products,"Lima beans, thin seeded (baby), mature seeds, cooked, boiled, with salt",0.144,0.031,,,0.000,,0.045,,,,0.308,0.429,0.351,0.267,0.302,0.254,0.257,0.151,0.097,0.036,0.015,0.013,0.094,0.265,0.231,0.115,0.138,0.034,0.070,0.100,0.144,0.330,0.003,0.339,0.266,0.000,0.046,0.000,,0.075
Legumes and Legume Products,"Beans, black, mature seeds, cooked, boiled, with salt",0.144,0.028,,,0.000,0.082,0.047,,,,0.348,0.426,0.353,0.233,0.279,0.259,0.290,0.200,0.127,0.027,0.016,0.026,0.048,0.274,0.255,0.101,0.152,0.037,0.017,0.099,0.218,0.355,0.005,0.375,0.255,0.000,0.041,0.000,0.047,0.081
Legumes and Legume Products,"Cowpeas, catjang, mature seeds, cooked, boiled, with salt",0.143,0.027,,,0.000,,0.042,,,,0.144,0.406,0.360,0.339,0.236,0.228,0.262,0.274,0.110,0.039,0.024,0.028,0.077,0.271,0.258,0.107,0.140,0.029,0.036,0.106,0.145,0.294,0.007,0.357,0.213,0.001,0.054,0.004,,0.136
Legumes and Legume Products,"Chickpeas (garbanzo beans, bengal gram), mature seeds, cooked, boiled, without salt",0.143,0.052,,,0.000,0.107,0.059,,,,0.304,0.491,0.349,0.321,0.271,0.231,0.282,0.137,0.110,0.028,0.139,0.011,0.057,0.271,0.305,0.083,0.152,0.039,0.053,0.003,0.104,0.313,0.024,0.304,0.204,0.001,0.082,0.012,0.057,0.111
Legumes and Legume Products,"Beans, white, mature seeds, cooked, boiled, without salt",0.143,0.095,,,0.000,0.088,0.050,,,,0.252,0.231,0.387,0.411,0.306,0.284,0.318,0.180,0.139,0.008,0.010,0.017,0.046,0.301,0.205,0.160,0.167,0.029,0.019,0.003,0.105,0.390,0.003,0.411,0.280,0.000,0.055,0.000,0.050,0.100
Legumes and Legume Products,"Beans, navy, mature seeds, cooked, boiled, with salt",0.143,0.073,,,0.000,0.112,0.050,,,,0.420,0.400,0.294,0.262,0.276,0.256,0.248,0.151,0.106,0.035,0.009,0.022,0.053,0.269,0.262,0.111,0.142,0.041,0.041,0.099,0.212,0.275,0.006,0.357,0.277,0.000,0.081,0.008,0.009,0.075
Legumes and Legume Products,"Beans, kidney, red, mature seeds, cooked, boiled, with salt",0.143,0.029,,,0.000,0.076,0.045,,,,0.296,0.371,0.346,0.327,0.274,0.254,0.283,0.129,0.124,0.031,0.013,0.042,0.044,0.268,0.258,0.115,0.149,0.036,0.017,0.099,0.143,0.348,0.005,0.368,0.249,0.000,0.071,0.011,0.120,0.078
Legumes and Legume Products,"Lentils, mature seeds, cooked, boiled, without salt",0.143,0.020,,,0.000,0.082,0.041,,,,0.316,0.517,0.363,0.370,0.279,0.240,0.300,0.103,0.073,0.057,0.017,0.009,0.128,0.254,0.327,0.105,0.155,0.046,0.040,0.001,0.151,0.308,0.003,0.289,0.246,0.000,0.105,0.014,0.024,0.092
Legumes and Legume Products,"Yardlong beans, mature seeds, cooked, boiled, without salt",0.143,0.044,,,0.000,,0.042,,,,0.152,0.417,0.367,0.293,0.241,0.233,0.267,0.280,0.112,0.030,0.013,0.022,0.080,0.277,0.329,0.090,0.143,0.040,0.040,0.002,0.189,0.301,0.004,0.364,0.217,0.000,0.056,0.004,,0.079
Legumes and Legume Products,"Tofu, extra firm, prepared with nigari",0.143,0.297,,,0.000,0.083,0.030,,,,0.040,0.026,0.356,0.227,0.350,0.295,0.243,0.100,0.116,0.013,0.298,0.065,0.169,0.275,0.202,0.037,0.172,0.030,0.186,0.002,0.043,0.431,0.048,0.482,0.276,0.000,0.049,0.000,0.040,0.078
Legumes and Legume Products,"Beans, kidney, royal red, mature seeds, cooked, boiled, without salt",0.142,0.046,,,0.000,,0.044,,,,0.372,0.211,0.377,0.308,0.299,0.277,0.310,0.120,0.136,0.030,0.004,0.014,0.044,0.293,0.258,0.108,0.163,0.042,0.017,0.002,0.085,0.380,0.002,0.400,0.273,0.000,0.061,0.011,,0.065
Legumes and Legume Products,"Beans, kidney, california red, mature seeds, cooked, boiled, without salt",0.142,0.069,,,0.000,,0.044,,,,0.372,0.211,0.363,0.331,0.288,0.267,0.299,0.137,0.130,0.029,0.003,0.008,0.044,0.282,0.249,0.120,0.157,0.039,0.017,0.002,0.115,0.366,0.001,0.386,0.263,0.000,0.061,0.011,,0.063
Legumes and Legume Products,"Lima beans, thin seeded (baby), mature seeds, cooked, boiled, without salt",0.142,0.031,,,0.000,,0.045,,,,0.308,0.429,0.351,0.267,0.302,0.254,0.257,0.151,0.097,0.036,0.015,0.013,0.094,0.265,0.231,0.115,0.138,0.034,0.070,0.001,0.144,0.330,0.003,0.339,0.266,0.000,0.046,0.000,,0.075
Legumes and Legume Products,"Beans, kidney, all types, mature seeds, cooked, boiled, with salt",0.142,0.029,,,0.000,,0.045,,,,0.256,0.371,0.346,0.327,0.274,0.254,0.283,0.129,0.124,0.031,0.013,0.042,0.044,0.268,0.258,0.115,0.149,0.036,0.017,0.099,0.143,0.348,0.005,0.368,0.249,0.000,0.071,0.011,0.047,0.078
Legumes and Legume Products,"Beans, black, mature seeds, cooked, boiled, without salt",0.142,0.028,,,0.000,0.082,0.047,,,,0.348,0.426,0.353,0.233,0.279,0.259,0.290,0.200,0.127,0.027,0.016,0.026,0.048,0.274,0.255,0.101,0.152,0.037,0.017,0.000,0.218,0.355,0.005,0.375,0.255,0.000,0.041,0.000,0.047,0.081
Legumes and Legume Products,"Beans, great northern, mature seeds, cooked, boiled, with salt",0.142,0.072,,,0.000,,0.042,,,,0.280,0.291,0.331,0.237,0.263,0.244,0.272,0.143,0.119,0.037,0.013,0.021,0.053,0.258,0.300,0.112,0.143,0.037,0.059,0.099,0.141,0.334,0.004,0.354,0.240,0.000,0.069,0.012,,0.064
Legumes and Legume Products,"Tempeh, cooked",0.142,0.101,,,,,0.070,,,,,0.060,,0.237,,,,0.220,,0.116,0.315,0.030,0.091,,0.460,0.115,0.343,0.223,0.000,0.006,0.048,,0.105,,,,0.117,,,0.114
Legumes and Legume Products,"Cowpeas, catjang, mature seeds, cooked, boiled, without salt",0.141,0.027,,,0.000,,0.042,,,,0.144,0.406,0.360,0.339,0.236,0.228,0.262,0.274,0.110,0.039,0.024,0.028,0.077,0.271,0.258,0.107,0.140,0.029,0.036,0.008,0.145,0.294,0.007,0.357,0.213,0.001,0.054,0.004,,0.136
Legumes and Legume Products,"Beans, kidney, red, mature seeds, cooked, boiled, without salt",0.141,0.029,,,0.000,0.076,0.045,,,,0.296,0.371,0.346,0.327,0.274,0.254,0.283,0.129,0.124,0.031,0.013,0.042,0.044,0.268,0.258,0.115,0.149,0.036,0.017,0.001,0.143,0.348,0.005,0.368,0.249,0.000,0.071,0.011,0.120,0.078
Legumes and Legume Products,"Beans, great northern, mature seeds, cooked, boiled, without salt",0.140,0.072,,,0.000,,0.042,,,,0.280,0.291,0.331,0.237,0.263,0.244,0.272,0.143,0.119,0.037,0.013,0.021,0.053,0.258,0.300,0.112,0.143,0.037,0.059,0.001,0.141,0.334,0.004,0.354,0.240,0.000,0.069,0.012,,0.064
Legumes and Legume Products,"Beans, kidney, all types, mature seeds, cooked, boiled, without salt",0.139,0.037,,,0.000,0.076,0.045,,,,0.256,0.371,0.340,0.247,0.293,0.270,0.289,0.120,0.108,0.031,0.013,0.043,0.044,0.292,0.251,0.116,0.149,0.036,0.016,0.000,0.143,0.304,0.005,0.371,0.275,0.000,0.071,0.011,0.120,0.073
Legumes and Legume Products,"Vitasoy USA Organic Nasoya, Tofu Plus Extra Firm",0.139,0.259,,,0.000,,0.033,,,,0.040,,,0.178,,,,,,,,,,,0.235,,0.175,0.275,,0.003,,,0.045,,,,0.294,,,
Legumes and Legume Products,"Hyacinth beans, mature seeds, cooked, boiled, with salt",0.139,0.042,,,0.000,,0.042,,,,,0.011,0.333,0.509,0.279,0.253,0.265,0.234,0.062,0.022,0.031,,0.063,0.234,0.218,0.096,0.140,0.023,0.040,0.101,0.241,0.300,0.005,0.243,0.232,0.000,0.022,0.000,,0.207
Legumes and Legume Products,"Cowpeas, common (blackeyes, crowder, southern), mature seeds, cooked, boiled, with salt",0.139,0.025,,,0.000,0.081,0.041,,,,0.260,0.594,0.343,0.279,0.224,0.217,0.249,0.151,0.105,0.027,0.018,0.021,0.082,0.258,0.284,0.079,0.133,0.034,0.036,0.100,0.180,0.280,0.005,0.339,0.202,0.001,0.059,0.004,0.024,0.094
Legumes and Legume Products,"Beans, black turtle, mature seeds, cooked, boiled, with salt",0.138,0.058,,,0.000,0.082,0.046,,,,0.332,0.246,0.326,0.317,0.258,0.239,0.268,0.140,0.117,0.029,0.010,0.017,0.052,0.253,0.276,0.124,0.141,0.035,0.017,0.100,0.201,0.328,0.003,0.346,0.235,0.000,0.045,0.000,0.047,0.055
Legumes and Legume Products,"Beans, adzuki, mature seed, cooked, boiled, with salt",0.138,0.029,,,0.000,,0.046,,,,0.292,0.346,0.283,0.222,0.214,0.232,0.270,0.149,0.075,0.039,0.003,,0.086,0.227,0.305,0.152,0.129,0.040,0.017,0.102,0.103,0.243,0.001,0.257,0.213,0.000,0.056,0.000,,0.129
Legumes and Legume Products,"Soybean, curd cheese",0.137,0.198,,,0.000,0.156,0.054,,,,0.000,0.063,,0.622,,,,0.651,,0.027,0.504,0.135,0.023,,0.404,0.057,0.215,0.088,0.240,0.008,0.000,,0.074,,,0.003,0.041,0.000,0.066,0.125
Legumes and Legume Products,"Hyacinth beans, mature seeds, cooked, boiled, without salt",0.137,0.042,,,0.000,,0.042,,,,,0.011,0.333,0.509,0.279,0.253,0.265,0.234,0.062,0.022,0.031,,0.063,0.234,0.218,0.096,0.140,0.023,0.040,0.003,0.241,0.300,0.005,0.243,0.232,0.000,0.022,0.000,,0.207
Legumes and Legume Products,"Cowpeas, common (blackeyes, crowder, southern), mature seeds, cooked, boiled, without salt",0.137,0.025,,,0.000,0.081,0.041,,,,0.260,0.594,0.343,0.279,0.224,0.217,0.249,0.151,0.105,0.027,0.018,0.021,0.082,0.258,0.284,0.079,0.133,0.034,0.036,0.002,0.180,0.280,0.005,0.339,0.202,0.001,0.059,0.004,0.024,0.094
Legumes and Legume Products,"Beans, black turtle, mature seeds, cooked, boiled, without salt",0.137,0.058,,,0.000,0.082,0.046,,,,0.332,0.246,0.326,0.317,0.258,0.239,0.268,0.140,0.117,0.029,0.010,0.017,0.052,0.253,0.276,0.124,0.141,0.035,0.017,0.001,0.201,0.328,0.003,0.346,0.235,0.000,0.045,0.000,0.047,0.055
Legumes and Legume Products,"Lima beans, large, mature seeds, cooked, boiled, with salt",0.136,0.018,,,0.000,0.081,0.041,,,,0.280,0.237,0.340,0.266,0.294,0.247,0.249,0.123,0.094,0.023,0.015,0.013,0.084,0.257,0.202,0.145,0.134,0.034,0.064,0.099,0.144,0.321,0.003,0.329,0.258,0.000,0.095,0.000,0.029,0.069
Legumes and Legume Products,"Beans, adzuki, mature seeds, cooked, boiled, without salt",0.136,0.029,,,0.000,,0.046,,,,0.292,0.346,0.283,0.222,0.214,0.232,0.270,0.149,0.075,0.039,0.003,,0.086,0.227,0.305,0.152,0.129,0.040,0.017,0.003,0.103,0.243,0.001,0.257,0.213,0.000,0.056,0.000,,0.129
Legumes and Legume Products,"Lima beans, large, mature seeds, cooked, boiled, without salt",0.134,0.018,,,0.000,0.081,0.041,,,,0.280,0.237,0.340,0.266,0.294,0.247,0.249,0.123,0.094,0.023,0.015,0.013,0.084,0.257,0.202,0.145,0.134,0.034,0.064,0.001,0.144,0.321,0.003,0.329,0.258,0.000,0.095,0.000,0.029,0.069
Legumes and Legume Products,"Mungo beans, mature seeds, cooked, boiled, with salt",0.134,0.056,,,0.000,0.074,0.037,,,,0.256,0.269,0.301,0.194,0.275,0.229,0.238,0.180,0.105,0.081,0.003,0.084,0.087,0.251,0.284,0.066,0.130,0.047,0.036,0.101,0.134,0.250,0.005,0.279,0.232,0.003,0.034,0.009,0.039,0.060
Legumes and Legume Products,"Vitasoy USA Nasoya, Lite Silken Tofu",0.133,0.415,,,0.000,,0.015,,,,,,,0.097,,,,,,,,,,,0.369,,0.141,,,0.033,,,0.010,,,0.128,,,,
Legumes and Legume Products,Carob flour,0.133,0.366,,,0.000,0.030,0.079,,,,1.592,0.083,0.174,0.327,0.149,0.162,0.093,0.154,0.077,0.103,0.026,0.001,0.009,0.086,0.144,0.236,0.080,0.288,0.076,0.015,0.047,0.258,0.006,0.171,0.245,0.001,0.215,0.002,0.000,0.067
Legumes and Legume Products,"Vitasoy USA Organic Nasoya, Tofu Plus Firm",0.132,0.249,,,0.000,,0.026,,,,0.032,,,0.144,,,,,,,,,,,0.220,,0.158,0.250,,0.002,,,0.031,,,,0.294,,,
Legumes and Legume Products,"Mungo beans, mature seeds, cooked, boiled, without salt",0.132,0.056,,,0.000,0.074,0.037,,,,0.256,0.269,0.301,0.194,0.275,0.229,0.238,0.180,0.105,0.081,0.003,0.084,0.087,0.251,0.284,0.066,0.130,0.047,0.036,0.003,0.134,0.250,0.005,0.279,0.232,0.003,0.034,0.009,0.039,0.060
Legumes and Legume Products,"Beans, french, mature seeds, cooked, boiled, with salt",0.131,0.066,,,0.000,,0.046,,,,0.376,0.214,0.280,0.120,0.222,0.206,0.230,0.160,0.101,0.030,0.021,0.072,0.044,0.218,0.185,0.106,0.121,0.039,0.017,0.101,0.116,0.283,0.007,0.296,0.203,0.000,0.062,0.011,,0.047
Legumes and Legume Products,"Mothbeans, mature seeds, cooked, boiled, with salt",0.130,0.003,,,0.000,,0.042,,,,,0.409,0.376,0.349,0.277,0.192,0.202,0.297,0.071,0.036,0.021,0.022,0.078,0.200,0.273,0.087,0.134,0.014,0.040,0.102,0.111,,0.005,0.179,0.137,0.001,0.055,0.009,,0.043
Legumes and Legume Products,"Peas, split, mature seeds, cooked, boiled, with salt",0.130,0.015,,,0.000,0.082,0.041,,,,0.332,0.186,0.290,0.143,0.246,0.219,0.287,0.103,0.081,0.048,0.017,0.007,0.119,0.219,0.180,0.103,0.144,0.035,0.009,0.099,0.170,0.282,0.004,0.332,0.216,0.000,0.028,0.004,0.071,0.073
Legumes and Legume Products,Soy sauce made from soy and wheat (shoyu),0.129,0.035,,,0.000,0.046,0.019,,,,0.032,0.040,0.249,0.161,0.227,0.197,0.181,0.211,0.092,0.119,0.029,0.007,0.059,0.202,0.302,0.124,0.140,0.103,0.007,2.289,0.029,0.258,0.005,0.343,0.182,0.000,0.087,0.000,0.000,0.063
Legumes and Legume Products,"Beans, french, mature seeds, cooked, boiled, without salt",0.129,0.066,,,0.000,,0.046,,,,0.376,0.214,0.280,0.120,0.222,0.206,0.230,0.160,0.101,0.030,0.021,0.072,0.044,0.218,0.185,0.106,0.121,0.039,0.017,0.003,0.116,0.283,0.007,0.296,0.203,0.000,0.062,0.011,,0.047
Legumes and Legume Products,"Pigeon peas (red gram), mature seeds, cooked, boiled, with salt",0.128,0.045,,,0.000,,0.043,,,,0.268,0.317,0.344,0.123,0.175,0.177,0.226,0.131,0.072,0.042,0.025,0.002,0.064,0.331,0.216,0.110,0.116,0.037,0.041,0.100,0.130,0.228,0.003,0.236,0.160,0.000,0.029,0.000,,0.065
Legumes and Legume Products,"Mung beans, mature seeds, cooked, boiled, with salt",0.128,0.028,,,0.000,0.073,0.037,,,,0.304,0.454,0.293,0.156,0.212,0.199,0.233,0.137,0.080,0.031,0.015,0.002,0.082,0.243,0.180,0.076,0.121,0.038,0.036,0.099,0.146,0.219,0.003,0.271,0.200,0.001,0.039,0.009,0.039,0.061
Legumes and Legume Products,"Mothbeans, mature seeds, cooked, boiled, without salt",0.128,0.003,,,0.000,,0.042,,,,,0.409,0.376,0.349,0.277,0.192,0.202,0.297,0.071,0.036,0.021,0.022,0.078,0.200,0.273,0.087,0.134,0.014,0.040,0.004,0.111,,0.005,0.179,0.137,0.001,0.055,0.009,,0.043
Legumes and Legume Products,"Soy sauce made from soy and wheat (shoyu), low sodium",0.128,0.032,,,0.000,0.077,0.020,,,,0.028,0.126,0.241,0.150,0.291,0.218,0.162,0.197,0.089,0.062,0.015,0.004,0.085,0.193,0.302,0.101,0.156,0.150,0.007,1.499,0.036,0.360,0.003,0.000,0.238,0.000,0.094,0.000,0.000,0.057
Legumes and Legume Products,"Peas, split, mature seeds, cooked, boiled, without salt",0.128,0.015,,,0.000,0.082,0.042,,,,0.332,0.186,0.290,0.143,0.246,0.219,0.287,0.103,0.081,0.048,0.017,0.007,0.119,0.219,0.180,0.103,0.144,0.035,0.009,0.001,0.170,0.282,0.004,0.332,0.216,0.000,0.028,0.004,0.071,0.073
Nut and Seed Products,"Seeds, hemp seed, hulled",0.431,0.074,,,0.000,,0.198,,,,0.160,0.314,1.384,0.883,0.919,0.792,0.608,2.000,0.889,0.498,3.432,2.506,,0.827,3.000,0.343,0.543,0.178,,0.002,1.138,1.209,0.448,1.318,0.976,0.001,0.353,0.005,,0.720
Nut and Seed Products,"Seeds, chia seeds, dried",0.404,0.664,,,0.000,,0.174,,,,1.376,0.140,0.759,0.858,0.572,0.502,0.462,0.957,0.560,0.478,0.729,4.457,,0.581,1.564,0.116,0.285,0.106,0.789,0.007,0.554,0.675,0.282,1.557,0.522,,,0.015,,0.333
Nut and Seed Products,"Seeds, sesame flour, high-fat",0.387,0.167,,,0.000,,0.188,,,,,0.089,1.294,1.686,0.946,0.864,0.470,1.031,0.968,0.723,1.996,0.070,0.586,0.933,1.467,0.121,0.530,0.179,,0.017,2.396,1.217,0.341,2.407,0.945,0.004,0.089,0.000,,0.776
Nut and Seed Products,"Seeds, sesame flour, partially defatted",0.375,0.158,,,0.000,,0.136,,,,,0.083,1.696,1.589,1.239,1.131,0.616,1.034,1.268,0.682,0.627,0.022,0.552,1.222,1.473,0.121,0.694,0.169,,0.017,2.259,1.594,0.109,3.150,1.237,0.004,0.089,0.000,,0.778
Nut and Seed Products,"Seeds, cottonseed kernels, roasted (glandless)",0.371,0.105,,,0.000,,0.181,,,,0.220,0.666,1.467,0.600,0.839,0.815,0.788,1.257,0.504,0.162,2.233,0.017,0.091,1.159,1.455,0.386,0.561,0.159,,0.010,0.670,1.148,0.333,1.757,0.919,0.029,0.460,0.082,,0.437
Nut and Seed Products,"Seeds, sunflower seed flour, partially defatted",0.370,0.120,,,0.000,,0.116,,,,0.208,0.634,1.904,0.736,1.716,1.282,0.941,0.989,0.993,0.396,0.108,0.001,1.319,1.409,1.253,0.019,0.827,0.166,0.831,0.001,2.846,1.866,0.015,2.625,1.525,0.003,0.443,0.012,,0.360
Nut and Seed Products,"Seeds, sesame flour, low-fat",0.350,0.157,,,0.000,,0.119,,,,,0.083,2.109,1.580,1.541,1.407,0.766,0.966,1.577,0.678,0.077,0.003,0.549,1.519,1.376,0.113,0.863,0.168,,0.016,2.246,1.982,0.016,3.918,1.538,0.004,0.084,0.000,,0.728
Nut and Seed Products,"Seeds, sunflower seed kernels, dried",0.349,0.082,,,0.000,0.138,0.209,,,,0.344,0.649,0.903,0.583,0.814,0.608,0.446,0.929,0.470,0.451,2.881,0.015,0.226,0.668,1.200,0.184,0.358,0.222,0.757,0.004,1.321,0.884,0.473,1.243,0.723,0.004,0.791,0.013,0.000,0.364
Nut and Seed Products,"Seeds, sunflower seed kernels, toasted, with salt added",0.343,0.060,,,0.000,,0.221,,,,0.460,0.680,0.681,0.757,0.615,0.459,0.337,0.369,0.356,0.227,4.674,0.020,1.411,0.505,2.105,0.140,0.296,0.178,0.889,0.255,0.290,0.669,0.522,0.939,0.546,0.000,0.474,0.013,,0.386
Nut and Seed Products,"Seeds, sesame seeds, whole, roasted and toasted",0.343,1.041,,,0.000,,0.202,,,,0.560,0.280,0.713,1.640,0.521,0.476,0.259,1.017,0.533,0.248,2.582,0.091,0.010,0.514,1.160,0.136,0.292,0.157,0.491,0.005,0.717,0.670,0.441,1.325,0.520,0.000,0.472,0.000,,0.521
Nut and Seed Products,"Seeds, safflower seed meal, partially defatted",0.341,0.081,,,0.000,,0.122,,,,,0.454,1.421,0.540,1.128,0.930,0.560,1.000,0.595,0.123,0.197,0.002,0.799,1.014,1.160,0.019,0.613,0.257,,0.001,1.029,1.229,0.022,1.439,1.241,0.003,0.683,0.000,,0.364
Nut and Seed Products,"Seeds, sunflower seed kernels from shell, dry roasted, with salt added",0.338,0.074,,,0.000,0.138,0.195,,,,0.360,0.677,0.766,0.422,0.691,0.516,0.379,0.369,0.400,0.381,4.098,0.017,1.408,0.567,2.100,0.243,0.333,0.154,1.133,2.503,0.095,0.750,0.457,1.054,0.613,0.000,0.473,0.013,0.039,0.385
Nut and Seed Products,"Seeds, watermelon seed kernels, dried",0.333,0.057,,,0.000,,0.199,,,,,0.166,1.107,0.809,0.959,0.787,0.422,1.471,0.794,0.192,3.512,,0.069,1.161,1.373,0.185,0.488,0.091,,0.041,0.170,1.059,0.435,1.393,0.855,0.000,0.052,0.000,,0.745
Nut and Seed Products,"Seeds, sesame meal, partially defatted",0.332,0.161,,,0.000,,0.203,,,,,0.086,0.713,1.617,0.521,0.476,0.259,0.989,0.533,0.694,2.582,0.091,0.561,0.514,1.407,0.116,0.292,0.172,,0.016,2.297,0.670,0.441,1.325,0.520,0.004,0.086,0.000,,0.744
Nut and Seed Products,"Seeds, sesame butter, paste",0.332,1.011,,,0.000,,0.209,,,,0.220,0.286,0.760,2.133,0.556,0.507,0.276,1.034,0.569,0.363,2.736,0.096,0.010,0.548,1.198,0.166,0.311,0.125,0.507,0.005,0.214,0.715,0.467,1.414,0.555,0.004,0.480,0.000,,0.530
Nut and Seed Products,"Seeds, flaxseed",0.326,0.268,,,0.000,0.197,0.191,,,,1.092,0.249,0.674,0.637,0.640,0.452,0.410,1.120,0.352,0.167,0.738,5.703,0.197,0.547,1.167,0.232,0.315,0.101,0.363,0.013,1.468,0.730,0.387,1.061,0.589,0.000,0.278,0.005,0.061,0.316
Nut and Seed Products,"Seeds, sunflower seed kernels, oil roasted, with salt added",0.325,0.092,,,0.000,0.138,0.211,,,,0.424,0.669,0.794,0.476,0.716,0.535,0.393,0.363,0.414,0.223,4.276,0.020,1.388,0.588,2.071,0.138,0.345,0.175,1.117,0.126,0.286,0.778,0.471,1.093,0.636,0.000,0.466,0.010,0.044,0.379
Nut and Seed Products,"Seeds, sunflower seed kernels, dry roasted, with salt added",0.324,0.074,,,0.000,0.138,0.208,,,,0.360,0.677,0.766,0.422,0.691,0.516,0.379,0.369,0.400,0.381,4.098,0.017,1.408,0.567,2.100,0.243,0.333,0.154,1.133,0.273,0.095,0.750,0.457,1.054,0.613,0.000,0.473,0.013,0.039,0.385
Nut and Seed Products,"Seeds, sunflower seed kernels, toasted, without salt",0.322,0.060,,,0.000,,0.221,,,,0.460,0.680,0.681,0.757,0.615,0.459,0.337,0.369,0.356,0.227,4.674,0.020,1.411,0.505,2.105,0.140,0.296,0.178,,0.001,0.290,0.669,0.522,0.939,0.546,0.000,0.474,0.013,,0.386
Nut and Seed Products,"Seeds, sunflower seed butter, with salt added (Includes foods for USDA's Food Distribution Program)",0.321,0.067,,,0.000,,0.220,,,,0.228,0.677,0.703,0.458,0.601,0.482,0.253,0.889,0.414,0.365,1.217,0.013,0.233,0.538,1.211,0.165,0.297,0.102,1.491,0.138,0.047,0.689,0.507,1.018,0.551,,0.324,0.025,,0.356
Nut and Seed Products,"Seeds, sunflower seed kernels, oil roasted, without salt",0.320,0.092,,,0.000,0.138,0.211,,,,0.424,0.669,0.794,0.476,0.716,0.535,0.393,0.363,0.414,0.223,4.276,0.020,1.388,0.588,2.071,0.138,0.345,0.175,1.117,0.001,0.286,0.778,0.471,1.093,0.636,0.000,0.466,0.010,0.044,0.379
Nut and Seed Products,"Seeds, sesame seeds, whole, dried",0.320,1.026,,,0.000,0.064,0.205,,,,0.472,0.277,0.746,1.617,0.545,0.497,0.271,1.003,0.558,0.244,2.672,0.094,0.010,0.537,1.144,0.134,0.305,0.154,0.491,0.005,0.706,0.701,0.456,1.386,0.544,0.000,0.465,0.000,0.000,0.564
Nut and Seed Products,"Seeds, sesame butter, tahini, from unroasted kernels (non-chemically removed seed coat)",0.318,0.148,,,0.000,,0.217,,,,0.372,0.280,0.754,0.706,0.551,0.504,0.274,1.009,0.565,0.305,3.036,0.107,0.139,0.543,1.436,0.131,0.309,0.075,,0.000,1.417,0.710,0.518,1.404,0.551,0.004,0.088,0.000,,0.760
Nut and Seed Products,"Seeds, sunflower seed kernels, dry roasted, without salt",0.316,0.074,,,0.000,0.138,0.208,,,,0.444,0.677,0.766,0.422,0.691,0.516,0.379,0.369,0.400,0.381,4.098,0.017,1.408,0.567,2.100,0.243,0.333,0.154,1.133,0.001,0.095,0.750,0.457,1.054,0.613,0.000,0.473,0.013,0.039,0.385
Nut and Seed Products,"Seeds, sunflower seed butter, without salt",0.315,0.067,,,0.000,,0.220,,,,0.228,0.677,0.703,0.458,0.601,0.482,0.253,0.889,0.414,0.365,1.217,0.013,0.233,0.538,1.211,0.165,0.297,0.102,1.491,0.001,0.047,0.689,0.507,1.018,0.551,,0.324,0.025,,0.356
Nut and Seed Products,"Nuts, butternuts, dried",0.315,0.056,,,0.000,,0.219,,,,0.188,0.189,1.154,0.447,0.842,0.805,0.367,0.677,0.582,0.057,4.216,2.179,0.127,0.824,0.811,0.120,0.429,0.092,0.246,0.000,0.342,0.895,0.523,1.307,0.847,0.008,0.329,0.029,,0.228
Nut and Seed Products,"Seeds, safflower seed kernels, dried",0.314,0.082,,,0.000,,0.185,,,,,0.457,0.646,0.544,0.512,0.423,0.254,1.009,0.270,0.124,3.510,0.028,0.806,0.461,1.171,0.196,0.278,0.259,,0.001,1.038,0.558,0.353,0.654,0.563,0.004,0.688,0.000,,0.367
Nut and Seed Products,"Seeds, sesame seed kernels, toasted, with salt added (decorticated)",0.313,0.138,,,0.000,0.064,0.203,,,,0.676,0.274,0.713,0.864,0.521,0.476,0.259,0.989,0.533,0.294,2.582,0.091,0.136,0.514,1.407,0.116,0.292,0.291,0.491,0.245,1.076,0.670,0.441,1.325,0.520,0.004,0.086,0.000,0.000,0.744
Nut and Seed Products,"Seeds, sesame seed kernels, toasted, without salt added (decorticated)",0.304,0.138,,,0.000,0.064,0.203,,,,0.676,0.274,0.713,0.864,0.521,0.476,0.259,0.989,0.533,0.294,2.582,0.091,0.136,0.514,1.407,0.116,0.292,0.291,0.491,0.016,1.076,0.670,0.441,1.325,0.520,0.004,0.086,0.000,0.000,0.744
Nut and Seed Products,"Seeds, pumpkin and squash seed kernels, dried",0.303,0.048,,,0.000,0.158,0.200,,,,0.240,0.166,1.114,0.980,0.915,0.886,0.589,1.691,0.574,0.270,2.589,0.030,0.150,0.990,2.242,0.231,0.520,0.096,0.134,0.003,0.244,0.950,0.450,2.057,0.868,0.001,0.084,0.017,0.104,0.568
Nut and Seed Products,"Seeds, sesame butter, tahini, from raw and stone ground kernels",0.302,0.442,,,0.000,,0.204,,,,0.372,0.280,0.749,0.279,0.547,0.500,0.272,0.274,0.560,0.321,2.582,0.091,0.139,0.539,1.367,0.118,0.307,0.319,,0.031,1.146,0.704,0.441,1.393,0.547,0.004,0.088,0.000,,0.338
Nut and Seed Products,"Seeds, sesame seed kernels, dried (decorticated)",0.298,0.063,,,0.000,0.064,0.225,,,,0.464,0.329,0.786,0.707,0.536,0.549,0.310,0.986,0.838,0.314,3.153,0.066,0.058,0.537,1.213,0.106,0.352,0.056,0.491,0.020,0.624,0.695,0.562,1.179,0.538,0.004,0.235,0.000,0.000,0.490
Nut and Seed Products,"Seeds, pumpkin and squash seed kernels, roasted, with salt added",0.295,0.055,,,0.000,0.158,0.205,,,,0.260,0.163,1.100,0.897,0.904,0.875,0.581,1.571,0.567,0.240,2.449,0.028,0.114,0.978,2.135,0.225,0.514,0.094,0.134,0.107,0.062,0.938,0.450,2.032,0.857,0.000,0.059,0.016,0.064,0.556
Nut and Seed Products,"Nuts, mixed nuts, oil roasted, without peanuts, lightly salted",0.293,0.137,,,0.000,,0.217,,,,0.284,0.297,0.714,0.576,0.510,0.523,0.374,0.786,0.306,0.108,1.344,0.000,0.121,0.571,0.787,0.204,0.307,0.201,1.987,0.060,0.319,0.612,0.459,0.893,0.530,0.001,0.210,0.005,,0.332
Nut and Seed Products,"Nuts, pistachio nuts, raw",0.293,0.111,,,0.000,,0.200,,,,0.424,0.146,0.731,0.436,0.655,0.588,0.542,0.346,0.343,0.070,1.761,0.072,0.104,0.624,0.891,0.293,0.347,0.100,0.100,0.000,0.777,0.651,0.416,0.896,0.686,0.035,1.000,0.051,,0.160
Nut and Seed Products,"Seeds, sesame butter, tahini, from roasted and toasted kernels (most common type)",0.293,0.448,,,0.000,0.065,0.212,,,,0.372,0.280,0.714,0.994,0.522,0.477,0.260,0.271,0.534,0.295,2.892,0.102,0.139,0.515,1.331,0.118,0.293,0.296,0.491,0.048,1.089,0.672,0.494,1.329,0.522,0.004,0.088,0.000,0.000,0.336
Nut and Seed Products,"Seeds, pumpkin and squash seed kernels, roasted, without salt",0.291,0.055,,,0.000,0.158,0.205,,,,0.260,0.163,1.100,0.897,0.904,0.875,0.581,1.571,0.567,0.240,2.449,0.028,0.114,0.978,2.135,0.225,0.514,0.094,0.134,0.007,0.062,0.938,0.450,2.032,0.857,0.000,0.059,0.016,0.064,0.556
Nut and Seed Products,"Nuts, pistachio nuts, dry roasted, with salt added",0.290,0.113,,,0.000,0.179,0.203,,,,0.412,0.146,0.764,0.448,0.684,0.614,0.566,0.311,0.357,0.074,1.641,0.053,0.103,0.651,0.853,0.288,0.362,0.146,0.143,0.178,0.621,0.680,0.421,0.936,0.717,0.017,0.660,0.027,0.189,0.170
Nut and Seed Products,"Nuts, pistachio nuts, dry roasted, without salt added",0.283,0.113,,,0.000,0.179,0.204,,,,0.412,0.146,0.764,0.448,0.684,0.614,0.566,0.311,0.357,0.074,1.641,0.053,0.103,0.651,0.853,0.288,0.362,0.146,0.143,0.003,0.621,0.680,0.421,0.936,0.717,0.017,0.660,0.027,0.189,0.170
Nut and Seed Products,"Nuts, mixed nuts, oil roasted, with peanuts, with salt added",0.274,0.123,,,0.000,0.130,0.217,,,,0.280,0.237,0.817,0.290,0.590,0.607,0.372,0.654,0.270,0.417,1.812,0.021,0.228,0.675,0.829,0.181,0.345,0.122,0.484,0.114,0.169,0.670,0.495,0.786,0.550,0.000,0.207,0.005,0.081,0.244
Nut and Seed Products,"Nuts, cashew nuts, raw",0.273,0.039,,,0.000,,0.198,,,,0.132,0.071,0.651,0.742,0.564,0.539,0.442,0.834,0.345,0.057,0.973,0.015,0.173,0.543,1.078,0.189,0.314,0.036,0.284,0.005,0.378,0.655,0.403,1.025,0.601,0.000,0.245,0.005,0.487,0.420
Nut and Seed Products,"Nuts, mixed nuts, oil roasted, with peanuts, lightly salted",0.272,0.123,,,0.000,0.130,0.217,,,,0.280,0.237,0.817,0.290,0.590,0.607,0.372,0.654,0.270,0.417,1.812,0.021,0.228,0.675,0.829,0.181,0.345,0.122,0.484,0.067,0.169,0.670,0.495,0.786,0.550,0.000,0.207,0.005,0.081,0.244
Nut and Seed Products,"Nuts, mixed nuts, oil roasted, without peanuts, with salt added",0.272,0.112,,,0.000,0.128,0.220,,,,0.220,0.160,0.594,0.286,0.502,0.463,0.325,0.717,0.330,0.106,1.392,0.062,0.192,0.469,0.816,0.155,0.267,0.304,6.021,0.128,0.450,0.541,0.516,0.900,0.523,0.000,0.106,0.005,0.256,0.339
Nut and Seed Products,"Nuts, walnuts, black, dried",0.271,0.064,,,0.000,0.080,0.221,,,,0.272,0.089,0.960,0.347,0.690,0.617,0.340,0.574,0.445,0.025,4.220,0.669,0.332,0.625,0.933,0.149,0.414,0.081,0.243,0.001,0.051,0.687,0.545,1.136,0.698,0.003,0.343,0.015,0.039,0.245
Nut and Seed Products,"Nuts, mixed nuts, oil roasted, with peanuts, without salt added",0.270,0.123,,,0.000,0.130,0.217,,,,0.280,0.237,0.817,0.290,0.590,0.607,0.372,0.654,0.270,0.417,1.812,0.021,0.228,0.675,0.829,0.181,0.345,0.122,0.484,0.002,0.169,0.670,0.495,0.786,0.550,0.000,0.207,0.005,0.081,0.244
Nut and Seed Products,"Nuts, cashew nuts, oil roasted, with salt added",0.267,0.045,,,0.000,0.152,0.207,,,,0.132,0.071,0.601,0.672,0.521,0.499,0.409,0.780,0.318,0.094,1.060,0.017,0.176,0.502,0.965,0.181,0.290,0.136,0.290,0.128,0.324,0.606,0.439,0.946,0.555,0.000,0.190,0.003,0.496,0.389
Nut and Seed Products,"Nuts, mixed nuts, dry roasted, with peanuts, without salt added",0.264,0.092,,,0.000,0.148,0.217,,,,0.256,0.171,0.721,0.414,0.533,0.503,0.353,0.649,0.248,0.337,1.219,0.021,,0.571,0.796,0.184,0.336,0.250,0.133,0.002,0.268,0.641,0.491,0.793,0.517,0.000,0.212,0.007,0.171,0.295
Nut and Seed Products,"Nuts, mixed nuts, oil roasted, without peanuts, without salt added",0.264,0.112,,,0.000,,0.220,,,,0.220,0.160,0.594,0.286,0.502,0.463,0.325,0.717,0.330,0.106,1.392,0.062,0.192,0.469,0.816,0.155,0.267,0.304,,0.005,0.450,0.541,0.516,0.900,0.523,0.001,0.106,0.005,,0.339
Nut and Seed Products,"Nuts, cashew nuts, oil roasted, without salt added",0.263,0.045,,,0.000,0.152,0.207,,,,0.132,0.071,0.601,0.672,0.521,0.499,0.409,0.780,0.318,0.094,1.060,0.017,0.176,0.502,0.965,0.181,0.290,0.136,0.290,0.005,0.324,0.606,0.439,0.946,0.555,0.000,0.190,0.003,0.496,0.389
Nut and Seed Products,"Nuts, cashew butter, plain, without salt added",0.262,0.045,,,0.000,,0.210,,,,0.080,0.194,0.653,0.559,0.599,0.540,0.447,0.737,0.300,0.087,1.021,0.043,0.240,0.519,0.831,0.156,0.302,0.117,0.164,0.006,0.279,0.647,0.454,0.971,0.655,0.000,0.148,0.000,,0.375
Nut and Seed Products,"Nuts, cashew nuts, dry roasted, with salt added",0.260,0.047,,,0.000,0.152,0.205,,,,0.120,0.197,0.570,0.667,0.522,0.471,0.389,0.743,0.261,0.076,0.958,0.040,0.243,0.452,0.891,0.161,0.264,0.125,0.167,0.267,0.179,0.564,0.426,0.846,0.571,0.000,0.151,0.000,0.496,0.407
Nut and Seed Products,"Seeds, pumpkin and squash seeds, whole, roasted, with salt added",0.258,0.058,,,0.000,0.098,0.159,,,,0.736,0.026,0.736,0.368,0.683,0.576,0.660,0.749,0.397,0.015,1.095,0.019,0.011,0.528,0.167,0.263,0.319,0.032,,1.059,0.030,0.650,0.178,1.164,0.819,0.004,0.022,0.003,,0.749
Nut and Seed Products,"Nuts, almonds, honey roasted, unblanched",0.255,0.277,,,0.000,,0.212,,,,0.548,0.091,0.621,0.314,0.484,0.443,0.247,0.686,0.170,0.153,1.264,0.090,0.052,0.497,0.727,0.160,0.313,0.596,,0.054,0.102,0.548,0.458,1.004,0.441,0.000,0.050,0.006,,0.189
Nut and Seed Products,"Nuts, mixed nuts, dry roasted, with peanuts, with salt added",0.255,0.074,,,0.000,0.136,0.212,,,,0.360,0.143,0.686,0.411,0.531,0.502,0.339,0.643,0.217,0.254,1.317,0.048,0.241,0.545,0.791,0.198,0.298,0.125,0.107,0.144,0.179,0.569,0.473,0.943,0.513,0.000,0.174,0.004,0.184,0.276
Nut and Seed Products,"Nuts, almonds, oil roasted, lightly salted",0.254,0.306,,,0.000,0.130,0.217,,,,0.420,0.077,0.846,0.409,0.494,0.537,0.286,0.783,0.179,0.198,1.690,0.000,0.046,0.655,0.847,0.200,0.365,0.488,0.059,0.060,0.082,0.645,0.507,0.686,0.438,,0.069,0.000,0.000,0.223
Nut and Seed Products,"Nuts, almonds, oil roasted, with salt added, smoke flavor",0.253,0.301,,,0.000,,0.217,,,,0.428,,,0.429,,,,0.817,,,,,,,,0.194,0.369,,,0.228,,,0.513,,,,,0.000,,
Nut and Seed Products,"Seeds, sisymbrium sp. seeds, whole, dried",0.253,1.719,,,0.000,,0.114,,,,,0.271,0.464,0.012,0.464,0.452,0.384,0.897,0.296,0.910,0.071,0.363,0.199,0.334,0.011,0.609,0.209,0.264,,0.038,0.171,0.656,0.042,0.950,0.387,0.004,0.458,0.279,,0.022
Nut and Seed Products,"Nuts, almonds",0.252,0.283,,,0.000,0.130,0.207,,,,0.500,0.126,0.770,0.412,0.536,0.540,0.270,0.771,0.150,0.196,1.540,0.001,0.094,0.647,0.875,0.209,0.364,0.711,0.059,0.000,0.183,0.572,0.459,0.754,0.470,0.000,0.081,0.000,0.000,0.227
Nut and Seed Products,"Nuts, cashew nuts, dry roasted, without salt added",0.252,0.047,,,0.000,0.152,0.205,,,,0.120,0.197,0.570,0.667,0.522,0.471,0.389,0.743,0.261,0.076,0.958,0.040,0.243,0.452,0.891,0.161,0.264,0.125,0.167,0.007,0.179,0.564,0.426,0.846,0.571,0.000,0.151,0.000,0.496,0.407
Nut and Seed Products,"Nuts, almonds, dry roasted, with salt added",0.250,0.282,,,0.000,0.130,0.214,,,,0.436,0.157,0.763,0.414,0.532,0.535,0.268,0.797,0.148,0.197,1.618,0.003,0.064,0.641,0.856,0.204,0.361,0.748,0.029,0.098,0.069,0.567,0.483,0.746,0.466,0.000,0.080,0.000,0.000,0.241
Nut and Seed Products,"Nuts, almonds, oil roasted, with salt added",0.247,0.306,,,0.000,0.130,0.217,,,,0.420,0.077,0.846,0.409,0.494,0.537,0.286,0.783,0.179,0.198,1.690,0.000,0.046,0.655,0.847,0.200,0.365,0.488,0.059,0.141,0.082,0.645,0.507,0.686,0.438,0.000,0.069,0.000,0.000,0.223
Nut and Seed Products,"Nuts, almond butter, plain, with salt added",0.247,0.365,,,0.000,0.130,0.219,,,,0.412,0.151,0.786,0.388,0.581,0.543,0.291,0.797,0.116,0.171,1.701,0.002,0.064,0.657,0.924,0.214,0.361,0.587,0.034,0.095,0.037,0.529,0.510,0.568,0.515,0.000,0.061,0.000,0.000,0.239
Nut and Seed Products,"Nuts, almonds, dry roasted, without salt added",0.247,0.282,,,0.000,0.130,0.214,,,,0.436,0.157,0.763,0.414,0.532,0.535,0.268,0.797,0.148,0.197,1.618,0.003,0.064,0.641,0.856,0.204,0.361,0.748,0.029,0.001,0.069,0.567,0.483,0.746,0.466,0.000,0.080,0.000,0.000,0.241
Nut and Seed Products,"Seeds, pumpkin and squash seeds, whole, roasted, without salt",0.244,0.058,,,0.000,,0.159,,,,0.736,0.026,0.736,0.368,0.683,0.576,0.660,0.749,0.397,0.015,1.095,0.019,0.011,0.528,0.167,0.263,0.319,0.032,,0.007,0.030,0.650,0.178,1.164,0.819,0.004,0.022,0.003,,0.749
Nut and Seed Products,"Nuts, almond butter, plain, without salt added",0.244,0.365,,,0.000,0.130,0.219,,,,0.412,0.151,0.786,0.388,0.581,0.543,0.291,0.797,0.116,0.171,1.701,0.002,0.064,0.657,0.924,0.214,0.361,0.587,0.034,0.003,0.037,0.529,0.510,0.568,0.515,0.000,0.061,0.000,0.000,0.239
Nut and Seed Products,"Nuts, almonds, blanched",0.243,0.248,,,0.000,0.130,0.211,,,,0.396,0.140,0.851,0.364,0.497,0.542,0.288,0.766,0.181,0.189,1.546,0.001,0.063,0.661,0.875,0.188,0.368,0.444,0.046,0.008,0.171,0.650,0.482,0.689,0.442,0.000,0.068,0.000,0.000,0.216
Nut and Seed Products,"Nuts, almonds, oil roasted, without salt added",0.243,0.306,,,0.000,0.130,0.217,,,,0.420,0.077,0.846,0.409,0.494,0.537,0.286,0.783,0.179,0.198,1.690,0.000,0.046,0.655,0.847,0.200,0.365,0.488,0.059,0.000,0.082,0.645,0.507,0.686,0.438,0.000,0.069,0.000,0.000,0.223
Nut and Seed Products,"Seeds, lotus seeds, dried",0.243,0.172,,,0.000,,0.119,,,,,0.297,0.614,0.392,0.546,0.445,0.469,0.600,0.254,0.087,0.133,0.025,0.170,0.438,1.138,0.391,0.265,0.094,,0.002,0.571,0.711,0.018,0.789,0.545,0.004,0.370,0.000,,0.076
Nut and Seed Products,"Nuts, formulated, wheat-based, unflavored, with salt added",0.242,0.027,,,0.000,,0.222,,,,0.208,0.406,0.561,0.267,0.396,0.363,0.433,0.166,0.266,0.081,2.622,0.422,0.062,0.345,0.675,0.091,0.238,0.187,,0.210,0.268,0.551,0.530,0.586,0.401,0.000,0.232,0.001,,0.214
Nut and Seed Products,"Nuts, mixed nuts, dry roasted, with peanuts, salt added, PLANTERS pistachio blend",0.238,0.136,,,,,0.204,,,,0.324,0.171,,0.381,,,,0.597,,0.244,1.443,0.020,0.156,,0.896,0.217,0.401,0.356,0.157,0.097,0.312,,0.436,,,0.005,0.291,,0.127,0.249
Nut and Seed Products,"Nuts, hazelnuts or filberts, dry roasted, without salt added",0.238,0.129,,,0.000,,0.231,,,,0.376,0.251,0.620,0.487,0.391,0.392,0.201,0.494,0.211,0.111,1.050,0.015,0.185,0.381,0.564,0.216,0.259,0.077,0.059,0.000,0.302,0.475,0.573,0.693,0.387,0.004,0.365,0.035,,0.182
Nut and Seed Products,"Nuts, mixed nuts, dry roasted, with peanuts, salt added, CHOSEN ROASTER",0.237,0.112,,,,,0.217,,,,0.284,0.171,,0.358,,,,0.577,,0.202,2.179,0.506,0.108,,0.749,0.167,0.310,,0.053,0.047,0.161,,0.489,,,,,,0.061,0.274
Nut and Seed Products,"Nuts, formulated, wheat-based, all flavors except macadamia, without salt",0.237,0.023,,,0.000,,0.231,,,,0.208,0.357,0.543,0.289,0.394,0.356,0.422,0.169,0.261,0.081,2.806,0.444,0.062,0.335,0.665,0.091,0.226,0.187,,0.038,0.357,0.526,0.572,0.614,0.391,0.000,0.205,0.001,,0.215
Nut and Seed Products,"Nuts, pilinuts, dried",0.236,0.153,,,0.000,,0.257,,,,,0.171,0.364,0.392,0.345,0.326,0.176,0.863,0.376,0.028,0.951,,0.096,0.284,1.045,0.145,0.186,0.058,,0.001,0.815,0.388,0.731,0.675,0.385,0.003,0.068,0.005,,0.216
Nut and Seed Products,"Nuts, walnuts, english",0.236,0.103,,,0.000,0.098,0.234,,,,0.268,0.280,0.559,0.323,0.446,0.429,0.202,0.451,0.225,0.061,4.762,2.270,0.114,0.406,0.629,0.126,0.262,0.094,0.070,0.001,0.304,0.568,0.599,0.607,0.414,0.001,0.316,0.012,0.039,0.225
Nut and Seed Products,"Nuts, hazelnuts or filberts",0.236,0.120,,,0.000,0.114,0.224,,,,0.388,0.323,0.617,0.522,0.389,0.389,0.200,0.466,0.210,0.097,0.979,0.022,0.184,0.379,0.527,0.194,0.257,0.071,0.034,0.000,0.574,0.473,0.558,0.689,0.385,0.001,0.331,0.057,0.203,0.178
Nut and Seed Products,"Nuts, hickorynuts, dried",0.235,0.064,,,0.000,,0.235,,,,0.256,0.114,0.556,0.236,0.411,0.376,0.237,0.494,0.286,0.049,2.578,0.262,0.349,0.407,0.611,0.125,0.219,0.082,0.116,0.000,0.774,0.402,0.591,0.496,0.401,0.009,0.113,0.018,,0.314
Nut and Seed Products,"Nuts, brazilnuts, dried, unblanched",0.234,0.168,,,0.000,0.072,0.235,,,,0.300,0.063,0.584,0.270,0.370,0.436,0.233,1.074,1.070,0.016,3.045,0.009,0.037,0.365,1.318,0.188,0.246,0.022,27.386,0.001,0.551,0.348,0.616,0.482,0.418,0.000,0.059,0.006,0.000,0.295
Nut and Seed Products,"Seeds, sesame butter, tahini, type of kernels unspecified",0.226,0.148,,,0.000,,0.211,,,,0.188,0.280,,0.491,,,,0.271,,0.305,2.851,0.100,,,1.436,0.131,0.299,0.075,0.491,0.015,1.420,,0.487,,,0.004,0.088,0.038,,0.336
Nut and Seed Products,"Nuts, pine nuts, dried",0.226,0.017,,,0.000,0.139,0.240,,,,0.148,0.097,0.487,0.614,0.387,0.363,0.257,0.717,0.247,0.237,4.144,0.041,0.063,0.299,1.045,0.171,0.236,0.142,0.010,0.001,0.325,0.352,0.628,0.382,0.377,0.001,0.055,0.007,0.770,0.469
Nut and Seed Products,"Nuts, hazelnuts or filberts, blanched",0.225,0.157,,,0.000,,0.225,,,,0.440,0.223,0.566,0.367,0.356,0.357,0.183,0.457,0.193,0.084,0.687,0.015,0.163,0.347,0.564,0.188,0.236,0.069,0.059,0.000,0.424,0.433,0.562,0.632,0.353,0.003,0.344,0.018,,0.160
Nut and Seed Products,"Nuts, pine nuts, pinyon, dried",0.217,0.008,,,0.000,,0.225,,,,0.428,0.166,0.396,0.340,0.321,0.305,0.207,0.669,0.197,0.236,3.110,0.197,0.042,0.253,0.064,0.179,0.199,0.139,,0.030,1.110,0.350,0.560,0.521,0.329,0.001,0.065,0.018,,0.311
Nut and Seed Products,"Nuts, walnuts, dry roasted, with salt added",0.216,0.075,,,0.000,0.095,0.230,,,,0.284,0.260,,0.286,,,,0.431,,0.120,4.461,2.123,,,0.598,0.131,0.246,0.186,0.071,0.268,0.465,,0.558,,,0.001,0.309,0.013,0.047,0.217
Nut and Seed Products,"Nuts, cashew butter, plain, with salt added",0.212,0.064,,,0.000,0.121,0.217,,,,0.120,0.157,0.367,0.546,0.318,0.304,0.249,0.589,0.194,0.060,1.650,0.040,,0.307,0.705,0.128,0.209,0.099,0.133,0.123,0.141,0.370,0.487,0.579,0.339,0.000,0.119,0.000,0.433,0.322
Nut and Seed Products,"Nuts, pecans, dry roasted, with salt added",0.199,0.076,,,0.000,,0.254,,,,0.376,0.046,0.387,0.311,0.249,0.227,0.141,0.377,0.180,0.063,2.447,0.248,0.141,0.252,0.533,0.121,0.164,0.067,0.057,0.160,0.402,0.302,0.682,0.343,0.234,0.009,0.110,0.006,,0.369
Nut and Seed Products,"Nuts, ginkgo nuts, dried",0.198,0.021,,,0.000,,0.124,,,,,0.303,0.349,0.178,0.357,0.277,0.235,0.151,0.127,0.635,0.086,0.006,0.269,0.233,0.489,0.285,0.178,0.110,,0.005,0.384,0.610,0.018,0.607,0.372,0.073,0.377,0.266,,0.049
Nut and Seed Products,"Seeds, breadnut tree seeds, dried",0.197,0.099,,,0.000,,0.131,,,,0.596,0.323,0.189,0.511,0.349,0.342,0.179,0.329,0.048,0.114,0.086,0.052,0.375,0.233,0.324,0.575,0.148,0.088,0.027,0.022,0.027,0.319,0.015,0.836,0.458,0.015,0.403,0.424,,0.139
Nut and Seed Products,"Nuts, pecans, oil roasted, with salt added",0.195,0.071,,,0.000,,0.255,,,,0.380,0.043,0.374,0.274,0.241,0.220,0.137,0.346,0.174,0.065,2.819,0.258,0.147,0.245,0.478,0.112,0.158,0.069,0.086,0.164,0.422,0.292,0.691,0.332,0.227,0.007,0.110,0.006,,0.325
Nut and Seed Products,"Nuts, pecans, dry roasted, without salt added",0.195,0.076,,,0.000,,0.254,,,,0.376,0.046,0.387,0.311,0.249,0.227,0.141,0.377,0.180,0.063,2.447,0.248,0.141,0.252,0.533,0.121,0.164,0.067,0.057,0.000,0.402,0.302,0.682,0.343,0.234,0.009,0.110,0.006,,0.369
Nut and Seed Products,"Nuts, pecans, oil roasted, without salt added",0.191,0.071,,,0.000,,0.255,,,,0.380,0.043,0.374,0.274,0.241,0.220,0.137,0.346,0.174,0.065,2.819,0.258,0.147,0.245,0.478,0.112,0.158,0.069,0.086,0.000,0.422,0.292,0.691,0.332,0.227,0.007,0.110,0.006,,0.325
Nut and Seed Products,"Nuts, pecans",0.188,0.074,,,0.000,0.101,0.247,,,,0.384,0.063,0.374,0.281,0.240,0.219,0.137,0.346,0.174,0.063,2.579,0.246,0.173,0.243,0.504,0.117,0.158,0.081,0.054,0.000,0.589,0.291,0.661,0.332,0.226,0.004,0.124,0.010,0.050,0.330
Nut and Seed Products,"Seeds, breadfruit seeds, raw",0.175,0.038,,,0.000,,0.068,,,,0.208,0.151,0.296,0.408,0.316,0.206,0.271,0.154,0.091,0.024,0.286,0.172,0.175,0.455,0.318,0.269,0.127,0.188,,0.010,0.430,0.367,0.051,0.439,0.294,0.017,0.188,0.060,,0.065
Nut and Seed Products,"Nuts, acorns, dried",0.173,0.057,,,0.000,,0.182,,,,,0.329,0.320,0.116,0.269,0.236,0.240,0.234,0.130,0.130,0.756,,0.188,0.202,0.187,0.203,0.139,0.096,,0.000,0.133,0.297,0.288,0.350,0.250,0.000,0.409,0.000,,0.049
Nut and Seed Products,"Nuts, acorn flour, full fat",0.170,0.045,,,0.000,,0.179,,,,,0.326,0.297,0.134,0.249,0.218,0.223,0.314,0.120,0.129,0.727,,0.186,0.187,0.187,0.203,0.129,0.096,,0.000,0.130,0.274,0.277,0.321,0.231,0.004,0.405,0.000,,0.047
Nut and Seed Products,"Nuts, macadamia nuts, raw",0.170,0.089,,,0.000,,0.256,,,,0.344,0.031,0.279,0.410,0.224,0.221,0.009,0.371,0.022,0.134,0.162,0.051,0.152,0.380,0.342,0.105,0.136,0.101,0.051,0.002,1.067,0.352,0.696,0.239,0.199,0.000,0.162,0.011,,0.095
Nut and Seed Products,"Nuts, beechnuts, dried",0.170,0.001,,,0.000,,0.206,,,,,0.323,0.246,0.273,0.175,0.134,0.175,0.000,0.139,0.047,2.299,0.425,0.185,0.150,0.000,0.291,0.107,0.232,,0.016,0.271,0.210,0.459,0.246,0.190,0.000,0.402,0.141,,0.026
Nut and Seed Products,"Nuts, chestnuts, japanese, dried",0.168,0.076,,,0.000,,0.129,,,,,0.311,0.187,0.376,0.184,0.119,0.163,0.329,0.120,0.189,0.036,0.008,0.096,0.117,0.307,0.219,0.090,0.237,,0.014,0.716,0.200,0.011,0.268,0.171,0.005,0.388,0.557,,0.187
Nut and Seed Products,"Seeds, breadfruit seeds, roasted",0.166,0.091,,,0.000,,0.074,,,,0.240,0.169,0.247,0.100,0.265,0.173,0.227,0.177,0.077,0.400,0.138,0.083,0.202,0.382,0.318,0.309,0.107,0.150,,0.012,0.366,0.308,0.025,0.368,0.246,0.020,0.247,0.069,,0.075
Nut and Seed Products,"Nuts, chestnuts, chinese, dried",0.163,0.031,,,0.000,,0.130,,,,,0.314,0.281,0.254,0.182,0.154,0.177,0.391,0.157,0.070,0.052,0.011,0.180,0.177,0.282,0.207,0.117,0.183,,0.002,0.232,0.259,0.017,0.286,0.197,0.021,0.392,0.532,,0.103
Nut and Seed Products,"Nuts, macadamia nuts, dry roasted, without salt added",0.161,0.074,,,0.000,0.112,0.256,,,,0.320,0.029,0.274,0.294,0.221,0.217,0.009,0.337,0.022,0.123,0.163,0.049,0.121,0.374,0.360,0.104,0.134,0.054,0.167,0.002,0.634,0.347,0.699,0.236,0.196,0.000,0.211,0.006,0.000,0.094
Pork Products,"Pork, cured, bacon, cooked, microwaved",0.369,0.014,,,0.370,0.268,0.170,,,,0.000,,2.267,0.127,1.319,1.176,1.652,0.097,1.018,0.580,0.607,0.051,0.233,0.926,0.707,0.150,0.671,0.161,0.930,0.743,0.495,1.634,0.313,1.657,1.084,,0.302,0.000,,0.255
Pork Products,"Pork, fresh, variety meats and by-products, liver, cooked, braised",0.368,0.011,,,1.183,,0.059,,,,0.000,0.466,1.011,1.991,0.943,0.849,0.956,0.040,0.614,0.456,0.052,0.010,0.955,0.728,0.438,0.043,0.448,1.373,0.964,0.020,0.230,1.054,0.040,1.307,0.883,7.207,0.335,0.215,,0.489
Pork Products,"Pork, cured, bacon, cooked, baked",0.312,0.011,,,0.357,0.298,0.196,,,,0.000,0.006,1.919,0.166,1.197,1.019,1.411,0.086,0.757,0.575,0.511,0.052,0.207,0.810,0.920,0.154,0.615,0.157,0.843,0.914,0.311,1.332,0.397,1.068,1.045,0.015,0.182,0.000,0.001,0.244
Pork Products,"Pork, fresh, variety meats and by-products, kidneys, cooked, braised",0.304,0.014,,,1.600,,0.054,,,,0.000,0.117,0.871,0.588,0.969,0.835,0.871,0.051,0.519,0.313,0.031,0.003,0.575,0.685,0.436,0.041,0.437,0.991,4.450,0.033,0.354,1.003,0.043,1.175,0.804,0.104,0.271,0.096,,0.302
Pork Products,"Pork, fresh, variety meats and by-products, pancreas, cooked, braised",0.278,0.017,,,1.050,,0.078,,,,0.000,0.014,0.789,0.299,1.069,0.780,0.936,0.066,0.448,0.173,0.147,0.020,0.948,0.698,0.529,0.048,0.491,0.411,1.040,0.018,0.082,1.220,0.099,2.232,0.845,0.000,0.259,0.052,,0.312
Pork Products,"Pork, fresh, variety meats and by-products, heart, cooked, braised",0.274,0.007,,,0.737,,0.053,,,,0.000,0.011,0.857,0.648,0.812,0.780,0.930,0.069,0.575,0.327,0.111,0.025,0.494,0.595,0.324,0.059,0.406,1.064,0.261,0.015,0.496,0.986,0.046,0.971,0.687,0.009,0.229,0.018,,0.225
Pork Products,"Pork, fresh, loin, tenderloin, separable lean only, cooked, broiled",0.268,0.005,,,0.313,,0.067,,,,0.000,0.017,1.736,0.159,1.017,0.894,1.303,0.103,0.767,0.278,0.061,0.003,0.183,0.694,0.536,0.129,0.524,0.242,0.737,0.027,0.882,1.323,0.058,1.379,0.907,0.003,0.311,0.009,,0.215
Pork Products,"Pork, fresh, loin, country-style ribs, separable lean only, bone-in, cooked, roasted",0.263,0.033,,,0.330,0.251,0.081,,,,0.000,0.000,1.697,0.109,0.988,0.880,1.237,0.063,0.762,0.423,0.161,0.013,0.318,0.693,0.427,0.111,0.503,0.286,0.680,0.038,0.512,1.223,0.105,1.243,0.812,0.001,0.308,0.000,0.000,0.287
Pork Products,"Pork, fresh, loin, country-style ribs, separable lean only, boneless, cooked, roasted",0.262,0.013,,,0.330,0.251,0.078,,,,0.000,0.000,1.697,0.109,0.988,0.880,1.237,0.074,0.762,0.440,0.182,0.014,0.318,0.693,0.535,0.139,0.503,0.181,0.693,0.030,0.588,1.223,0.105,1.243,0.812,0.001,0.308,0.000,0.000,0.194
Pork Products,"Pork, fresh, loin, sirloin (chops), bone-in, separable lean only, cooked, broiled",0.261,0.068,,,0.293,0.244,0.062,,,,0.000,0.000,1.701,0.119,0.991,0.883,1.240,0.071,0.765,0.489,0.081,0.004,0.268,0.695,0.545,0.112,0.504,0.179,0.647,0.037,0.671,1.227,0.050,1.246,0.814,0.003,0.356,0.000,0.000,0.287
Pork Products,"Pork, fresh, loin, country-style ribs, separable lean only, bone-in, cooked, broiled",0.258,0.064,,,0.297,0.198,0.077,,,,0.000,0.000,1.617,0.113,0.941,0.839,1.179,0.069,0.727,0.495,0.132,0.011,0.255,0.661,0.516,0.106,0.479,0.229,0.613,0.035,0.510,1.166,0.107,1.182,0.774,0.004,0.338,0.000,0.000,0.271
Pork Products,"Pork, fresh, variety meats and by-products, spleen, cooked, braised",0.257,0.014,,,1.680,,0.053,,,,0.000,0.011,0.960,2.470,0.899,0.845,1.003,0.043,0.498,0.321,0.029,0.000,0.178,0.689,0.515,0.065,0.485,0.161,0.709,0.045,0.124,1.074,0.029,1.032,0.843,0.000,0.035,0.105,,0.258
Pork Products,"Pork, fresh, composite of trimmed retail cuts (loin and shoulder blade), separable lean only, cooked",0.257,0.023,,,0.283,,0.075,,,,0.000,0.017,1.681,0.119,0.986,0.866,1.262,0.074,0.743,0.284,0.076,0.005,0.138,0.672,0.425,0.108,0.507,0.215,0.649,0.024,0.779,1.282,0.087,1.336,0.879,0.003,0.256,0.004,,0.209
Pork Products,"Pork, fresh, loin, sirloin (roasts), boneless, separable lean only, cooked, roasted",0.256,0.013,,,0.280,0.248,0.064,,,,0.000,0.000,1.766,0.073,1.028,0.916,1.287,0.080,0.793,0.445,0.090,0.006,0.331,0.722,0.565,0.117,0.523,0.207,0.656,0.028,0.645,1.272,0.049,1.293,0.845,0.001,0.320,0.000,0.000,0.164
Pork Products,"Pork, fresh, loin, center rib (chops), boneless, separable lean only, cooked, broiled",0.256,0.033,,,0.270,,0.077,,,,0.000,0.026,1.681,0.091,0.985,0.866,1.261,0.080,0.743,0.283,0.068,0.003,0.149,0.672,0.445,0.120,0.507,0.202,0.676,0.027,0.798,1.281,0.092,1.336,0.878,0.003,0.235,0.003,,0.173
Pork Products,"Pork, fresh, loin, country-style ribs, separable lean only, cooked, braised",0.256,0.035,,,0.350,0.284,0.088,,,,0.000,0.000,1.711,0.154,0.975,0.866,1.225,0.066,0.728,0.309,0.177,0.016,0.285,0.666,0.378,0.085,0.477,0.185,0.694,0.025,0.426,1.186,0.131,1.043,0.797,0.000,0.289,0.000,0.000,0.324
Pork Products,"Pork, fresh, loin, center rib (roasts), bone-in, separable lean only, cooked, roasted",0.255,0.014,,,0.260,0.248,0.074,,,,0.000,0.000,1.674,0.113,0.975,0.869,1.221,0.063,0.752,0.541,0.161,0.011,0.314,0.685,0.444,0.082,0.496,0.195,0.616,0.040,0.493,1.208,0.085,1.225,0.801,0.004,0.304,0.000,0.000,0.225
Pork Products,"Pork, fresh, loin, center loin (roasts), bone-in, separable lean only, cooked, roasted",0.254,0.032,,,0.250,0.245,0.069,,,,0.000,0.000,1.661,0.103,0.966,0.862,1.210,0.060,0.746,0.414,0.128,0.009,0.311,0.679,0.405,0.106,0.492,0.281,0.646,0.036,0.502,1.197,0.073,1.214,0.795,0.003,0.301,0.000,0.000,0.272
Pork Products,"Pork, fresh, loin, sirloin (roasts), bone-in, separable lean only, cooked, roasted",0.254,0.014,,,0.297,0.236,0.073,,,,0.000,0.000,1.714,0.107,0.976,0.867,1.227,0.074,0.729,0.442,0.106,0.009,0.215,0.667,0.427,0.101,0.478,0.235,0.663,0.025,0.594,1.188,0.087,1.043,0.798,0.000,0.462,0.000,0.000,0.191
Pork Products,"Pork, fresh, loin, country-style ribs, separable lean only, boneless, cooked, broiled",0.254,0.007,,,0.297,0.198,0.077,,,,0.000,0.000,1.617,0.102,0.941,0.839,1.179,0.074,0.727,0.495,0.121,0.010,0.255,0.661,0.518,0.123,0.479,0.229,0.677,0.024,0.510,1.166,0.107,1.182,0.774,0.004,0.338,0.000,0.000,0.179
Pork Products,"Pork, fresh, loin, center loin (chops), bone-in, separable lean only, cooked, braised",0.254,0.056,,,0.270,0.256,0.071,,,,0.000,0.000,1.756,0.101,1.021,0.911,1.279,0.060,0.789,0.444,0.114,0.009,0.209,0.717,0.435,0.082,0.520,0.224,0.677,0.031,0.488,1.265,0.072,1.282,0.840,0.003,0.326,0.000,0.000,0.255
Pork Products,"Pork, fresh, shoulder, (Boston butt), blade (steaks), separable lean only, cooked, braised",0.254,0.026,,,0.333,0.272,0.083,,,,0.000,0.000,1.640,0.206,0.934,0.829,1.174,0.069,0.697,0.213,0.150,0.012,0.273,0.638,0.395,0.091,0.457,0.242,0.643,0.025,0.470,1.136,0.121,1.000,0.763,0.000,0.276,0.000,0.000,0.378
Pork Products,"Pork, fresh, shoulder, arm picnic, separable lean only, cooked, roasted",0.253,0.009,,,0.317,,0.081,,,,0.000,0.014,1.523,0.158,0.892,0.784,1.142,0.057,0.672,0.233,0.130,0.007,0.118,0.609,0.449,0.100,0.459,0.223,0.550,0.033,0.516,1.160,0.116,1.211,0.795,0.000,0.241,0.003,,0.296
Pork Products,"Pork, fresh, loin, sirloin (chops), bone-in, separable lean only, cooked, braised",0.253,0.012,,,0.293,0.225,0.070,,,,0.000,0.000,1.801,0.081,1.049,0.935,1.313,0.074,0.810,0.432,0.130,0.010,0.202,0.736,0.551,0.122,0.534,0.169,0.677,0.024,0.604,1.298,0.063,1.318,0.862,0.003,0.316,0.000,0.000,0.152
Pork Products,"Pork, fresh, loin, sirloin (chops), boneless, separable lean only, cooked, broiled",0.250,0.012,,,0.253,0.268,0.058,,,,0.000,0.000,1.661,0.098,0.967,0.862,1.211,0.077,0.747,0.474,0.064,0.004,0.262,0.679,0.538,0.121,0.492,0.182,0.656,0.028,0.591,1.198,0.040,1.214,0.795,0.003,0.348,0.000,0.000,0.159
Pork Products,"Pork, fresh, loin, center rib (roasts), boneless, separable lean only, cooked, roasted",0.250,0.006,,,0.277,,0.076,,,,0.000,0.026,1.644,0.111,0.964,0.847,1.234,0.069,0.727,0.290,0.091,0.005,0.116,0.657,0.404,0.104,0.496,0.195,0.617,0.021,0.571,1.253,0.093,1.307,0.859,0.000,0.235,0.004,,0.206
Pork Products,"Pork, fresh, leg (ham), whole, separable lean only, cooked, roasted",0.250,0.007,,,0.313,0.253,0.075,,,,0.000,0.034,1.679,0.124,0.984,0.864,1.260,0.071,0.742,0.267,0.096,0.005,0.134,0.671,0.511,0.107,0.506,0.218,0.713,0.027,0.616,1.279,0.087,1.336,0.876,0.004,0.265,0.004,0.000,0.237
Pork Products,"Pork, fresh, loin, center rib (chops), bone-in, separable lean only, cooked, braised",0.249,0.054,,,0.263,0.249,0.074,,,,0.000,0.000,1.687,0.097,0.982,0.875,1.230,0.057,0.758,0.426,0.109,0.009,0.201,0.689,0.416,0.079,0.500,0.215,0.649,0.030,0.470,1.216,0.086,1.236,0.807,0.003,0.314,0.000,0.000,0.245
Pork Products,"Pork, fresh, shoulder, blade, boston (roasts), separable lean only, cooked, roasted",0.249,0.028,,,0.283,0.208,0.083,,,,0.000,0.023,1.381,0.173,0.810,0.712,1.037,0.074,0.610,0.268,0.140,0.013,0.215,0.553,0.427,0.122,0.417,0.250,0.516,0.037,0.996,1.053,0.131,1.100,0.722,0.004,0.257,0.009,0.000,0.308
Pork Products,"Pork, fresh, variety meats and by-products, tongue, cooked, braised",0.249,0.020,,,0.487,,0.097,,,,0.000,0.011,0.864,0.554,0.785,0.708,0.938,0.057,0.514,0.289,0.230,0.022,0.101,0.571,0.316,0.068,0.415,0.319,0.221,0.045,0.283,0.970,0.171,0.993,0.688,0.000,0.135,0.015,,0.330
Pork Products,"Pork, cured, ham, slice, bone-in, separable lean only, heated, pan-broil",0.249,0.016,,,0.243,0.282,0.053,,,,0.000,0.006,1.691,0.158,0.876,0.797,1.093,0.071,0.619,0.420,0.064,0.007,0.152,0.621,0.538,0.122,0.468,0.198,0.361,0.362,0.513,1.158,0.038,0.911,0.755,0.000,0.318,0.000,0.000,0.221
Pork Products,"Pork, fresh, loin, blade (roasts), boneless, separable lean only, cooked, roasted",0.249,0.012,,,0.253,0.237,0.062,,,,0.000,0.000,1.603,0.102,0.933,0.832,1.168,0.069,0.720,0.416,0.114,0.009,0.300,0.655,0.504,0.131,0.475,0.171,0.651,0.028,0.555,1.155,0.066,1.171,0.766,0.001,0.291,0.000,0.000,0.182
Pork Products,"Pork, fresh, shoulder, blade, boston (steaks), separable lean only, cooked, broiled",0.248,0.035,,,0.313,0.230,0.081,,,,0.000,0.014,1.526,0.173,0.894,0.786,1.145,0.069,0.674,0.233,0.115,0.010,0.163,0.610,0.400,0.098,0.460,0.275,0.561,0.031,0.670,1.163,0.115,1.214,0.797,0.003,0.182,0.003,0.000,0.365
Pork Products,"Pork, fresh, loin, whole, separable lean only, cooked, broiled",0.247,0.018,,,0.263,0.245,0.075,,,,0.000,0.017,1.630,0.101,0.956,0.840,1.223,0.083,0.720,0.284,0.085,0.005,0.146,0.651,0.460,0.125,0.492,0.211,0.689,0.027,0.824,1.243,0.090,1.296,0.852,0.003,0.289,0.006,0.000,0.180
Pork Products,"Pork, fresh, loin, whole, separable lean only, cooked, roasted",0.247,0.019,,,0.270,0.246,0.075,,,,0.000,0.003,1.633,0.121,0.957,0.841,1.226,0.080,0.722,0.319,0.083,0.005,0.156,0.653,0.453,0.121,0.493,0.206,0.501,0.024,0.908,1.245,0.088,1.300,0.853,0.003,0.325,0.005,0.000,0.184
Pork Products,"Pork, fresh, loin, tenderloin, separable lean only, cooked, roasted",0.246,0.006,,,0.243,0.222,0.051,,,,0.000,0.000,1.614,0.128,0.920,0.816,1.156,0.083,0.687,0.402,0.053,0.003,0.202,0.629,0.485,0.120,0.450,0.242,0.546,0.024,0.848,1.119,0.032,0.982,0.751,0.000,0.435,0.000,0.000,0.176
Pork Products,"Pork, fresh, loin, blade (chops), bone-in, separable lean only, cooked, braised",0.246,0.052,,,0.290,0.215,0.079,,,,0.000,0.000,1.629,0.094,0.948,0.845,1.187,0.057,0.731,0.411,0.111,0.009,0.194,0.665,0.407,0.077,0.482,0.207,0.633,0.029,0.453,1.173,0.104,1.189,0.779,0.003,0.303,0.000,0.000,0.239
Pork Products,"Pork, fresh, loin, blade (roasts), bone-in, separable lean only, cooked, roasted",0.245,0.028,,,0.277,0.221,0.077,,,,0.000,0.000,1.493,0.094,0.869,0.775,1.088,0.054,0.670,0.372,0.168,0.014,0.280,0.610,0.369,0.096,0.442,0.252,0.589,0.033,0.451,1.076,0.109,1.093,0.714,0.001,0.271,0.000,0.000,0.248
Pork Products,"Pork, fresh, loin, sirloin (chops), boneless, separable lean only, cooked, braised",0.245,0.012,,,0.267,0.221,0.058,,,,0.000,0.000,1.670,0.079,0.972,0.867,1.218,0.071,0.750,0.424,0.085,0.006,0.199,0.683,0.535,0.119,0.495,0.166,0.659,0.023,0.592,1.204,0.041,1.221,0.799,0.003,0.311,0.000,0.000,0.148
Pork Products,"Pork, fresh, leg (ham), rump half, separable lean only, cooked, roasted",0.245,0.017,,,0.287,0.248,0.059,,,,0.000,0.000,1.677,0.108,0.976,0.870,1.222,0.077,0.753,0.430,0.115,0.007,0.181,0.685,0.496,0.121,0.497,0.255,0.380,0.033,0.467,1.209,0.042,1.229,0.802,0.001,0.316,0.000,0.000,0.180
Pork Products,"Pork, fresh, loin, top loin (chops), boneless, separable lean only, cooked, braised",0.245,0.008,,,0.237,0.262,0.061,,,,0.000,0.000,1.774,0.101,1.033,0.921,1.293,0.066,0.797,0.555,0.059,0.004,0.211,0.725,0.418,0.077,0.526,0.153,0.601,0.028,0.487,1.279,0.040,1.296,0.849,0.003,0.330,0.000,0.000,0.172
Pork Products,"Pork loin, fresh, backribs, bone-in, cooked-roasted, lean only",0.244,0.046,,,0.280,0.207,0.091,,,,0.000,0.000,1.403,0.107,0.816,0.728,1.022,0.049,0.630,0.427,0.309,0.029,0.263,0.573,0.311,0.071,0.416,0.217,0.481,0.041,0.428,1.011,0.162,1.025,0.671,0.005,0.255,0.000,0.000,0.236
Pork Products,"Pork, fresh, shoulder, arm picnic, separable lean only, cooked, braised",0.244,0.017,,,0.290,0.277,0.069,,,,0.000,0.014,1.556,0.108,0.905,0.807,1.133,0.066,0.699,0.300,0.202,0.019,0.254,0.635,0.462,0.109,0.461,0.209,0.446,0.042,0.413,1.121,0.081,1.139,0.744,0.003,0.213,0.000,0.000,0.244
Pork Products,"Pork, fresh, composite of trimmed retail cuts (leg, loin, and shoulder), separable lean only, cooked",0.243,0.019,,,0.280,0.163,0.072,,,,0.000,0.009,1.636,0.111,0.944,0.834,1.197,0.071,0.708,0.352,0.092,0.006,0.145,0.645,0.420,0.102,0.473,0.194,0.631,0.023,0.600,1.187,0.085,1.139,0.804,0.001,0.339,0.002,0.000,0.211
Pork Products,"Pork, fresh, loin, blade (chops), boneless, separable lean only, boneless, cooked, broiled",0.243,0.007,,,0.253,0.186,0.060,,,,0.000,0.000,1.519,0.102,0.884,0.788,1.107,0.071,0.683,0.436,0.070,0.006,0.239,0.621,0.516,0.123,0.450,0.160,0.674,0.024,0.599,1.095,0.062,1.111,0.726,0.003,0.318,0.000,0.000,0.178
Pork Products,"Pork, fresh, leg (ham), shank half, separable lean only, cooked, roasted",0.243,0.015,,,0.310,0.246,0.062,,,,0.000,0.000,1.667,0.102,0.970,0.865,1.215,0.069,0.749,0.437,0.122,0.009,0.175,0.681,0.475,0.107,0.494,0.233,0.409,0.035,0.393,1.202,0.054,1.218,0.797,0.001,0.281,0.000,0.000,0.194
Pork Products,"Pork, cured, ham, rump, bone-in, separable lean only, heated, roasted",0.242,0.008,,,0.237,0.263,0.047,,,,0.000,0.000,1.619,0.177,0.839,0.763,1.047,0.069,0.592,0.400,0.055,0.006,0.149,0.595,0.500,0.113,0.448,0.194,0.350,0.352,0.505,1.109,0.028,0.871,0.723,0.000,0.282,0.000,0.000,0.230
Pork Products,"Pork, fresh, ground, cooked",0.242,0.023,,,0.313,0.221,0.106,,,,0.000,0.017,1.466,0.143,0.859,0.755,1.100,0.069,0.648,0.228,0.205,0.018,0.104,0.586,0.411,0.103,0.442,0.137,0.506,0.030,0.630,1.117,0.191,1.164,0.766,0.003,0.230,0.006,0.000,0.234
Pork Products,"Pork, fresh, loin, center loin (chops), bone-in, separable lean only, cooked, broiled",0.242,0.024,,,0.280,0.190,0.064,,,,0.000,0.000,1.651,0.089,0.941,0.835,1.182,0.074,0.702,0.459,0.087,0.007,0.134,0.643,0.415,0.102,0.461,0.152,0.653,0.023,0.557,1.144,0.067,1.007,0.768,0.000,0.412,0.000,0.000,0.162
Pork Products,"Pork, fresh, loin, blade (chops), bone-in, separable lean only, cooked, broiled",0.241,0.058,,,0.260,0.177,0.069,,,,0.000,0.000,1.453,0.101,0.845,0.753,1.059,0.060,0.652,0.445,0.099,0.008,0.229,0.593,0.464,0.095,0.430,0.206,0.550,0.032,0.458,1.047,0.088,1.061,0.695,0.003,0.304,0.000,0.000,0.243
Pork Products,"Pork, fresh, loin, center loin (chops), boneless, separable lean only, cooked, pan-broiled",0.241,0.006,,,0.247,0.199,0.058,,,,0.000,0.000,1.853,0.071,1.055,0.937,1.326,0.077,0.788,0.503,0.062,0.004,0.167,0.721,0.440,0.116,0.517,0.150,0.771,0.038,0.543,1.284,0.043,1.129,0.862,0.003,0.225,0.000,0.000,0.127
Pork Products,"Pork, cured, ham, shank, bone-in, separable lean only, heated, roasted",0.240,0.007,,,0.233,0.265,0.050,,,,0.000,0.003,1.649,0.171,0.854,0.777,1.066,0.066,0.604,0.400,0.059,0.007,0.136,0.606,0.489,0.108,0.456,0.204,0.349,0.345,0.432,1.129,0.034,0.889,0.736,0.000,0.278,0.000,0.000,0.202
Pork Products,"Pork, fresh, loin, top loin (chops), boneless, separable lean only, cooked, broiled",0.239,0.005,,,0.240,0.196,0.062,,,,0.000,0.000,1.701,0.070,0.969,0.860,1.218,0.077,0.723,0.461,0.064,0.005,0.138,0.662,0.431,0.105,0.475,0.122,0.647,0.019,0.588,1.179,0.056,1.036,0.792,0.000,0.425,0.000,0.000,0.156
Pork Products,"Pork, fresh, shoulder, whole, separable lean only, cooked, roasted",0.239,0.019,,,0.300,0.217,0.082,,,,0.000,0.014,1.446,0.167,0.847,0.744,1.085,0.057,0.639,0.231,0.136,0.010,0.130,0.578,0.402,0.099,0.436,0.231,0.534,0.031,0.561,1.102,0.124,1.150,0.755,0.003,0.186,0.005,0.000,0.303
Pork Products,"Pork, cured, shoulder, arm picnic, separable lean only, roasted",0.239,0.012,,,0.160,0.254,0.061,,,,0.000,0.011,1.277,0.120,0.781,0.725,1.007,0.046,0.628,0.260,0.080,0.020,0.131,0.616,0.442,0.083,0.429,0.141,0.590,0.513,0.649,1.056,0.065,1.068,0.595,0.000,0.218,0.000,0.000,0.214
Pork Products,"Pork, fresh, loin, whole, separable lean only, cooked, braised",0.237,0.019,,,0.263,0.245,0.073,,,,0.000,0.011,1.630,0.126,0.956,0.840,1.223,0.057,0.720,0.248,0.077,0.005,0.135,0.651,0.333,0.111,0.492,0.167,0.689,0.021,0.588,1.243,0.084,1.296,0.852,0.003,0.228,0.005,0.000,0.180
Pork Products,"Pork, fresh, loin, center rib (chops), bone-in, separable lean only, cooked, broiled",0.236,0.027,,,0.220,0.183,0.066,,,,0.000,0.000,1.591,0.076,0.906,0.805,1.139,0.071,0.676,0.425,0.098,0.008,0.130,0.619,0.396,0.098,0.444,0.137,0.649,0.024,0.508,1.103,0.077,0.968,0.741,0.000,0.397,0.000,0.000,0.164
Pork Products,"Pork, fresh, loin, top loin (roasts), boneless, separable lean only, cooked, roasted",0.235,0.006,,,0.263,0.193,0.062,,,,0.000,0.000,1.680,0.071,0.957,0.850,1.202,0.074,0.714,0.394,0.067,0.005,0.137,0.654,0.413,0.102,0.469,0.148,0.511,0.020,0.501,1.165,0.058,1.025,0.782,0.000,0.419,0.000,0.000,0.157
Pork Products,"Pork, cured, ham, whole, separable lean only, roasted",0.235,0.007,,,0.183,0.255,0.056,,,,0.000,0.011,1.283,0.104,0.784,0.728,1.011,0.063,0.630,0.272,0.062,0.015,0.100,0.618,0.413,0.090,0.431,0.159,0.363,0.553,0.607,1.061,0.051,1.071,0.597,0.000,0.276,0.000,0.000,0.187
Pork Products,"Pork, fresh, loin, center rib (chops), boneless, separable lean only, cooked, braised",0.230,0.005,,,0.237,0.240,0.075,,,,0.000,0.011,1.594,0.110,0.935,0.821,1.197,0.054,0.705,0.245,0.083,0.005,0.128,0.638,0.315,0.116,0.481,0.161,0.649,0.017,0.490,1.215,0.093,1.268,0.833,0.003,0.195,0.003,0.000,0.157
Pork Products,"Pork, cured, ham, steak, boneless, extra lean, unheated",0.230,0.004,,,0.150,,0.044,,,,0.000,0.011,1.001,0.111,0.613,0.568,0.790,0.054,0.491,0.275,0.054,0.010,0.124,0.483,0.473,0.093,0.337,0.125,0.221,0.529,0.714,0.829,0.039,0.839,0.466,0.000,0.218,0.294,,0.147
Pork Products,"Pork, cured, ham, slice, bone-in, separable lean only, unheated",0.229,0.014,,,0.217,0.233,0.046,,,,0.000,0.003,1.516,0.137,0.786,0.715,0.980,0.066,0.555,0.351,0.056,0.006,0.137,0.557,0.478,0.106,0.419,0.157,0.319,0.317,0.439,1.038,0.033,0.818,0.677,0.000,0.284,0.000,0.004,0.177
Pork Products,"Pork, cured, ham, rump, bone-in, separable lean only, unheated",0.229,0.007,,,0.210,0.230,0.045,,,,0.000,0.003,1.521,0.120,0.789,0.718,0.984,0.069,0.557,0.378,0.053,0.006,0.126,0.559,0.485,0.110,0.421,0.141,0.306,0.307,0.463,1.042,0.027,0.818,0.680,0.000,0.302,0.000,0.000,0.190
Pork Products,"Pork, cured, ham, whole, separable lean only, unheated",0.228,0.007,,,0.173,0.212,0.052,,,,0.000,0.011,1.143,0.090,0.699,0.649,0.901,0.051,0.561,0.284,0.065,0.015,0.108,0.551,0.422,0.106,0.384,0.141,0.269,0.632,0.832,0.945,0.052,0.957,0.531,0.000,0.312,0.000,0.000,0.148
Pork Products,"Pork, cured, ham, boneless, extra lean and regular, roasted",0.227,0.008,,,0.190,0.215,0.059,,,,0.000,0.009,1.037,0.156,0.634,0.589,0.818,0.054,0.510,0.288,0.113,0.043,0.119,0.500,0.451,0.103,0.378,0.175,0.279,0.577,0.660,0.858,0.070,0.868,0.482,0.000,0.206,0.000,0.000,0.191
Pork Products,"Pork, cured, ham, shank, bone-in, separable lean only, unheated",0.226,0.006,,,0.203,0.226,0.045,,,,0.000,0.000,1.480,0.110,0.767,0.698,0.957,0.063,0.542,0.377,0.051,0.006,0.132,0.544,0.469,0.104,0.409,0.156,0.303,0.352,0.425,1.013,0.029,0.796,0.662,0.000,0.275,0.000,0.000,0.170
Pork Products,"Pork, cured, ham and water product, shank, bone-in, separable lean only, heated, roasted",0.223,0.009,,,0.240,0.258,0.047,,,,0.000,0.006,1.350,0.130,0.699,0.636,0.872,0.043,0.494,0.247,0.074,0.004,0.116,0.496,0.367,0.064,0.373,0.124,0.647,0.435,0.352,0.924,0.041,0.725,0.603,0.015,0.235,0.000,0.000,0.205
Pork Products,"Pork, cured, ham and water product, rump, bone-in, separable lean only, heated, roasted",0.218,0.011,,,0.220,0.235,0.047,,,,0.000,0.006,1.324,0.097,0.686,0.625,0.856,0.054,0.485,0.219,0.067,0.005,0.124,0.486,0.402,0.075,0.366,0.117,0.620,0.528,0.295,0.907,0.043,0.714,0.591,0.015,0.197,0.000,0.001,0.151
Pork Products,"Pork, cured, ham and water product, slice, bone-in, separable lean only, heated, pan-broil",0.217,0.013,,,0.213,0.230,0.044,,,,0.000,0.006,1.300,0.103,0.674,0.613,0.841,0.054,0.476,0.272,0.053,0.004,0.119,0.478,0.469,0.083,0.360,0.115,0.350,0.515,0.342,0.890,0.033,0.700,0.581,0.015,0.264,0.000,0.000,0.164
Pork Products,"Canadian bacon, unprepared",0.214,0.006,,,0.160,0.190,0.039,,,,0.000,0.011,1.176,0.049,0.684,0.610,0.857,0.057,0.529,0.391,0.046,0.003,0.122,0.481,0.436,0.195,0.350,0.088,0.530,0.313,0.456,0.848,0.024,0.861,0.563,0.000,0.142,0.000,0.000,0.089
Pork Products,"Pork, cured, ham, boneless, extra lean and regular, unheated",0.212,0.007,,,0.177,0.175,0.058,,,,0.000,0.009,0.933,0.100,0.571,0.530,0.737,0.051,0.459,0.275,0.101,0.030,0.091,0.450,0.429,0.085,0.314,0.150,0.233,0.532,0.794,0.772,0.077,0.782,0.435,0.000,0.224,0.000,0.000,0.149
Pork Products,"Pork, cured, ham and water product, shank, bone-in, unheated, separable lean only",0.203,0.008,,,0.173,0.214,0.040,,,,0.000,0.003,1.091,0.108,0.565,0.515,0.705,0.043,0.399,0.194,0.070,0.004,0.126,0.401,0.380,0.067,0.302,0.141,0.401,0.454,0.621,0.747,0.038,0.589,0.487,0.012,0.157,0.000,0.000,0.159
Pork Products,"Bacon, pre-sliced, reduced/low sodium, unprepared",0.199,0.004,,,,,0.145,,,,0.000,,0.729,0.047,0.424,0.378,0.530,0.034,0.327,,,,,0.298,0.327,0.145,0.216,,,0.196,,0.525,0.361,0.532,0.348,0.000,,0.000,0.000,0.087
Pork Products,"Pork, cured, ham and water product, rump, bone-in, separable lean only, unheated",0.198,0.011,,,0.193,0.203,0.038,,,,0.000,0.006,1.116,0.074,0.578,0.526,0.721,0.051,0.409,0.221,0.048,0.004,0.092,0.410,0.396,0.063,0.309,0.139,0.576,0.446,0.252,0.764,0.031,0.600,0.498,0.013,0.145,0.000,0.000,0.120
Pork Products,"Pork, fresh, variety meats and by-products, lungs, cooked, braised",0.194,0.008,,,1.290,,0.035,,,,0.000,0.006,0.600,1.823,0.474,0.472,0.577,0.034,0.255,0.074,0.016,0.000,0.133,0.395,0.338,0.043,0.286,0.201,0.334,0.034,0.071,0.556,0.028,0.521,0.543,0.000,0.047,0.072,,0.178
Pork Products,"Pork, cured, ham and water product, slice, boneless, separable lean only, heated, pan-broil",0.191,0.008,,,0.150,0.161,0.044,,,,0.000,0.009,0.939,0.082,0.486,0.443,0.607,0.049,0.344,0.232,0.074,0.006,0.138,0.345,0.436,0.078,0.260,0.086,0.466,0.579,0.275,0.643,0.046,0.507,0.420,0.017,0.197,0.000,0.000,0.119
Pork Products,"Pork, cured, ham, patties, unheated",0.190,0.008,,,0.233,,0.113,,,,0.000,0.009,0.666,0.117,0.399,0.370,0.517,0.029,0.321,0.163,0.328,0.072,0.060,0.310,0.271,0.068,0.220,0.096,0.226,0.453,0.411,0.542,0.259,0.532,0.305,0.000,0.094,0.000,,0.114
Pork Products,"Pork, cured, ham and water product, slice, bone-in, separable lean only, unheated",0.183,0.009,,,0.163,0.182,0.037,,,,0.000,0.003,0.900,0.167,0.466,0.425,0.582,0.040,0.330,0.237,0.056,0.004,0.077,0.331,0.404,0.060,0.249,0.111,0.186,0.483,0.378,0.617,0.035,0.486,0.402,0.012,0.213,0.000,0.000,0.121
Pork Products,"Pork, cured, ham and water product, whole, boneless, separable lean only, unheated",0.183,0.008,,,0.143,0.162,0.041,,,,0.000,0.011,0.876,0.087,0.454,0.413,0.566,0.049,0.321,0.209,0.069,0.005,0.132,0.322,0.416,0.077,0.242,0.091,0.420,0.546,0.254,0.600,0.045,0.471,0.391,0.017,0.173,0.000,0.000,0.116
Pork Products,"Pork, fresh, variety meats and by-products, brain, cooked, braised",0.182,0.009,,,8.507,,0.049,,,,0.000,0.011,0.466,0.202,0.401,0.388,0.454,0.034,0.230,0.180,0.011,0.030,0.365,0.353,0.400,0.056,0.209,0.139,0.264,0.038,0.070,0.540,0.087,0.554,0.380,0.000,0.082,0.127,,0.108
Pork Products,"Pork, cured, ham and water product, whole, boneless, separable lean only, heated, roasted",0.181,0.008,,,0.143,0.159,0.044,,,,0.000,0.006,0.864,0.082,0.448,0.407,0.559,0.043,0.316,0.196,0.093,0.007,0.129,0.317,0.407,0.070,0.239,0.088,0.416,0.556,0.232,0.591,0.050,0.464,0.386,0.017,0.153,0.000,0.000,0.119
Pork Products,"Pork, fresh, variety meats and by-products, tail, cooked, simmered",0.162,0.015,,,0.430,,0.141,,,,0.000,0.011,0.437,0.088,0.279,0.349,0.486,0.020,0.291,0.061,0.426,0.075,0.085,0.291,0.085,0.045,0.293,0.044,0.044,0.010,0.062,0.567,0.329,0.364,0.280,0.000,0.159,0.000,,0.119
Pork Products,"Pork, cured, ham, boneless, low sodium, extra lean and regular, roasted",0.151,0.008,,,0.190,0.215,0.059,,,,0.000,0.009,,0.156,,,,0.054,,0.288,0.113,0.043,,,0.451,0.103,0.379,0.175,0.279,0.404,0.661,,0.071,,,0.000,0.206,0.000,0.000,0.191
Pork Products,"Pork, pickled pork hocks",0.146,0.020,,,0.297,,0.061,,,,0.000,0.003,0.301,0.127,0.232,0.308,0.391,0.017,0.201,0.060,0.129,0.011,0.069,0.317,0.109,0.013,0.329,0.043,0.376,0.438,0.071,0.491,0.097,0.136,0.263,0.031,0.038,0.000,0.000,0.173
Pork Products,"Pork, cured, bacon, unprepared",0.140,0.006,,,0.220,0.119,0.140,,,,0.000,0.000,,0.042,,,,0.037,,0.218,0.635,0.055,0.111,,0.302,0.057,0.235,0.051,0.287,0.313,0.246,,0.341,,,0.015,0.156,0.000,0.000,0.083
Pork Products,"Pork, fresh, variety meats and by-products, ears, frozen, cooked, simmered",0.128,0.019,,,0.300,,0.059,,,,0.000,0.000,0.273,0.167,0.261,0.321,0.349,0.020,0.122,0.030,0.126,0.022,0.007,0.291,0.044,0.011,0.275,0.044,0.063,0.070,0.018,0.454,0.099,0.111,0.351,0.000,0.006,0.000,,0.015
Pork Products,"Pork, fresh, variety meats and by-products, stomach, cooked, simmered",0.123,0.016,,,1.053,,0.056,,,,0.000,0.009,,0.137,,,,0.043,,0.075,0.068,0.004,0.113,,0.235,0.024,0.368,0.117,0.576,0.017,0.036,,0.067,,,0.000,0.012,0.000,0.000,0.212
Pork Products,HORMEL Canadian Style Bacon,0.122,0.006,,,0.163,,0.044,,,,,,,0.100,,,,0.054,,,0.074,0.010,,,,0.080,0.291,,,0.423,,,0.045,,,,,0.013,,0.131
Pork Products,"HORMEL, Cure 81 Ham",0.122,0.004,,,0.170,,0.038,,,,,,,0.089,,,,0.057,,,0.043,0.005,,,,0.091,0.317,,,0.432,,,0.033,,,,,0.015,,0.146
Pork Products,"Pork, fresh, variety meats and by-products, chitterlings, cooked, simmered",0.121,0.026,,,0.923,1.177,0.083,,,,0.000,0.003,,0.163,,,,0.026,,0.005,0.122,0.008,0.017,,0.120,0.004,0.215,0.029,0.386,0.007,0.012,,0.187,,,0.000,0.000,0.000,0.000,0.135
Pork Products,"HORMEL ALWAYS TENDER, Pork Tenderloin, Peppercorn-Flavored",0.121,0.015,,,0.157,,0.039,,,,,,,0.122,,,,0.060,,,0.107,0.025,,,,0.167,0.296,,,0.247,,,0.035,,,,,0.013,,0.102
Pork Products,"Pork, cured, feet, pickled",0.118,0.034,,,0.277,0.111,0.050,,,,0.000,0.003,0.183,0.034,0.141,0.188,0.238,0.031,0.122,0.012,0.084,0.007,0.052,0.193,0.158,0.004,0.200,0.009,0.226,0.394,0.005,0.299,0.092,0.082,0.160,0.015,0.004,0.000,0.000,0.015
Pork Products,"HORMEL ALWAYS TENDER, Center Cut Chops, Fresh Pork",0.117,0.015,,,0.173,,0.060,,,,,,,0.067,,,,0.060,,,0.094,0.022,,,,0.088,0.323,,,0.158,,,0.088,,,,,0.015,,0.109
Pork Products,"HORMEL ALWAYS TENDER, Pork Tenderloin, Teriyaki-Flavored",0.116,0.007,,,0.153,,0.043,,,,,,,0.111,,,,0.063,,,0.070,0.007,,,,0.153,0.313,,,0.172,,,0.028,,,,,0.025,,0.109
Pork Products,"HORMEL ALWAYS TENDER, Pork Loin Filets, Lemon Garlic-Flavored",0.116,0.006,,,0.140,,0.042,,,,,,,0.067,,,,0.057,,,0.070,0.013,,,,0.155,0.307,,,0.246,,,0.038,,,,,0.015,,0.095
Pork Products,"HORMEL ALWAYS TENDER, Boneless Pork Loin, Fresh Pork",0.114,0.004,,,0.163,,0.052,,,,,,,0.067,,,,0.060,,,0.074,0.013,,,,0.089,0.327,,,0.149,,,0.066,,,,,0.012,,0.116
Pork Products,"Pork, fresh, variety meats and by-products, feet, cooked, simmered",0.111,0.000,,,0.357,0.189,0.085,,,,0.000,0.006,,0.109,,,,0.014,,0.032,0.165,0.016,0.048,,0.149,0.009,0.378,0.036,0.329,0.030,0.014,,0.147,,,0.000,0.022,0.000,0.000,0.076
Vegetables and Vegetable Products,"Soybeans, green, raw",0.191,0.207,,,0.000,,0.052,,,,0.168,0.471,0.497,0.394,0.407,0.339,0.369,0.186,0.150,0.089,0.353,0.094,0.029,0.335,0.353,0.177,0.223,0.109,0.021,0.006,0.388,0.491,0.062,0.561,0.316,0.012,0.038,0.264,,0.072
Vegetables and Vegetable Products,"Drumstick leaves, raw",0.188,0.195,,,0.000,,0.023,,,,0.080,0.114,0.280,0.444,0.322,0.290,0.256,0.120,0.117,0.120,,,0.025,0.278,0.204,0.096,0.162,0.412,0.013,0.004,0.229,0.391,0.013,0.514,0.336,0.504,0.706,0.470,,0.044
Vegetables and Vegetable Products,"Soybeans, mature seeds, sprouted, raw",0.181,0.071,,,0.000,,0.044,,,,0.044,0.491,0.497,0.233,0.414,0.344,0.358,0.206,0.131,0.062,0.417,0.111,0.186,0.366,0.298,0.138,0.225,0.074,0.009,0.006,0.304,0.479,0.062,0.568,0.341,0.001,0.104,0.139,,0.085
Vegetables and Vegetable Products,"Edamame, frozen, unprepared",0.175,0.063,,,,0.140,0.039,,,,0.192,0.866,0.360,0.234,0.202,0.257,0.334,0.174,0.127,0.050,,,0.107,0.263,0.293,0.138,0.193,0.166,,0.003,0.134,0.297,0.043,0.425,0.168,,0.079,0.088,0.449,0.096
Vegetables and Vegetable Products,"Soybeans, green, cooked, boiled, drained, with salt",0.174,0.153,,,0.000,,0.050,,,,0.168,0.317,0.474,0.278,0.388,0.323,0.352,0.171,0.143,0.068,0.332,0.088,0.026,0.319,0.287,0.154,0.213,0.097,0.020,0.104,0.232,0.469,0.059,0.536,0.302,0.011,0.035,0.155,,0.066
Vegetables and Vegetable Products,"Soybeans, green, cooked, boiled, drained, without salt",0.172,0.153,,,0.000,,0.050,,,,0.168,0.317,0.474,0.278,0.388,0.323,0.352,0.171,0.143,0.068,0.332,0.088,0.026,0.319,0.287,0.154,0.213,0.097,0.020,0.006,0.232,0.469,0.059,0.536,0.302,0.011,0.035,0.155,,0.066
Vegetables and Vegetable Products,Spinach souffle,0.169,0.174,,,0.393,0.152,0.061,,,,0.028,0.209,0.327,0.132,0.321,0.259,0.266,0.086,0.197,0.026,0.058,0.028,0.088,0.232,0.253,0.066,0.136,0.164,0.159,0.236,0.073,0.293,0.119,0.386,0.277,0.325,0.058,0.066,1.807,0.062
Vegetables and Vegetable Products,"Fireweed, leaves, raw",0.164,0.452,,,0.000,,0.037,,,,0.424,0.320,,0.267,,,,0.446,,0.253,,,0.271,,0.196,0.141,0.081,0.086,0.013,0.014,0.029,,0.025,,,0.240,0.372,0.020,,0.194
Vegetables and Vegetable Products,Potato pancakes,0.163,0.034,,,0.317,0.185,0.096,,,,0.132,0.117,0.201,0.186,0.200,0.162,0.185,0.103,0.130,0.090,0.827,0.215,0.151,0.171,0.233,0.178,0.105,0.108,0.127,0.318,0.141,0.229,0.136,0.311,0.203,0.043,0.264,0.251,0.039,0.051
Vegetables and Vegetable Products,"Edamame, frozen, prepared",0.163,0.066,,,0.000,0.141,0.043,,,,0.208,0.889,0.381,0.252,0.214,0.273,0.355,0.183,0.134,0.050,0.224,0.089,0.079,0.279,0.307,0.125,0.205,0.097,0.011,0.003,0.179,0.315,0.048,0.450,0.178,0.020,0.059,0.055,0.381,0.100
Vegetables and Vegetable Products,"Grape leaves, raw",0.159,0.382,,,0.000,0.032,0.033,,,,0.440,0.237,,0.292,,,,0.271,,0.128,0.018,0.214,0.046,,0.165,0.078,0.096,0.221,0.013,0.004,0.036,,0.019,,,1.835,0.235,0.101,1.551,0.049
Vegetables and Vegetable Products,"Drumstick leaves, cooked, boiled, drained, with salt",0.154,0.159,,,0.000,0.052,0.021,,,,0.080,0.066,0.157,0.258,0.181,0.162,0.143,0.097,0.066,0.108,,,0.020,0.156,0.122,0.098,0.091,0.318,0.013,0.102,0.198,0.219,0.009,0.289,0.188,0.468,0.546,0.282,1.543,0.036
Vegetables and Vegetable Products,"Cowpeas (blackeyes), immature seeds, frozen, cooked, boiled, drained, with salt",0.150,0.024,,,0.000,0.114,0.047,,,,0.256,0.403,0.391,0.236,0.325,0.222,0.266,0.143,0.115,0.039,0.020,0.029,0.043,0.266,0.222,0.107,0.146,0.040,0.049,0.100,0.232,0.301,0.006,0.350,0.270,0.005,0.056,0.024,0.526,0.103
Vegetables and Vegetable Products,"Cowpeas (blackeyes), immature seeds, frozen, cooked, boiled, drained, without salt",0.148,0.024,,,0.000,0.114,0.047,,,,0.256,0.403,0.391,0.236,0.325,0.222,0.266,0.143,0.115,0.039,0.020,0.029,0.043,0.266,0.222,0.107,0.146,0.040,0.049,0.002,0.232,0.301,0.006,0.350,0.270,0.005,0.056,0.024,0.526,0.103
Vegetables and Vegetable Products,"Cowpeas (blackeyes), immature seeds, frozen, unprepared",0.148,0.027,,,0.000,,0.050,,,,0.200,0.534,0.414,0.261,0.344,0.234,0.281,0.157,0.122,0.044,0.021,0.030,0.047,0.282,0.222,0.126,0.155,0.044,0.051,0.003,0.219,0.319,0.006,0.368,0.286,0.005,0.062,0.036,,0.115
Vegetables and Vegetable Products,"Soybeans, mature seeds, sprouted, cooked, steamed",0.146,0.062,,,0.000,0.103,0.029,,,,0.032,0.229,0.321,0.146,0.268,0.222,0.231,0.171,0.085,0.059,0.277,0.074,0.149,0.237,0.245,0.101,0.146,0.033,0.009,0.004,0.183,0.310,0.041,0.368,0.220,0.003,0.062,0.075,1.009,0.076
Vegetables and Vegetable Products,"Soybeans, mature seeds, sprouted, cooked, steamed, with salt",0.146,0.062,,,0.000,,0.029,,,,0.032,0.229,0.321,0.146,0.268,0.222,0.231,0.171,0.085,0.059,0.277,0.074,0.149,0.237,0.245,0.101,0.146,0.033,0.009,0.102,0.183,0.310,0.041,0.368,0.220,0.003,0.062,0.075,0.471,0.076
Vegetables and Vegetable Products,"Drumstick leaves, cooked, boiled, drained, without salt",0.146,0.159,,,0.000,0.052,0.021,,,,0.080,0.066,0.157,0.258,0.181,0.162,0.143,0.097,0.066,0.108,0.002,0.000,0.020,0.156,0.122,0.098,0.091,0.318,0.013,0.004,0.198,0.219,0.009,0.289,0.188,0.468,0.546,0.282,1.543,0.036
Vegetables and Vegetable Products,"Winged bean leaves, raw",0.145,0.236,,,0.000,,0.026,,,,,0.046,0.117,0.444,0.146,0.132,0.109,0.023,0.061,0.188,0.023,0.006,0.027,0.107,0.115,0.050,0.101,0.376,0.013,0.004,0.744,0.173,0.010,0.414,0.135,0.540,0.136,0.409,,0.093
Vegetables and Vegetable Products,"Balsam-pear (bitter gourd), leafy tips, raw",0.145,0.088,,,0.000,,0.011,,,,,0.366,,0.227,,,,0.243,,0.060,,,0.013,,0.180,0.174,0.091,0.226,0.013,0.005,0.162,,0.006,,,0.116,0.472,0.800,,0.022
Vegetables and Vegetable Products,"Balsam-pear (bitter gourd), leafy tips, cooked, boiled, drained, with salt",0.142,0.044,,,0.000,0.052,0.011,,,,0.076,0.251,,0.113,,,,0.269,,0.054,,,0.012,,0.140,0.172,0.062,0.176,0.013,0.104,0.131,,0.002,,,0.161,0.447,0.505,2.330,0.022
Vegetables and Vegetable Products,"Beans, navy, mature seeds, sprouted, cooked, boiled, drained, with salt",0.142,0.017,,,0.000,,0.028,,,,,0.303,0.283,0.234,0.224,0.186,0.192,0.317,0.070,0.068,0.021,0.075,0.171,0.204,0.187,0.091,0.122,0.147,0.009,0.104,0.340,0.283,0.007,0.264,0.199,0.000,0.116,0.157,,0.071
Vegetables and Vegetable Products,"Winged bean tuber, raw",0.141,0.032,,,0.000,,0.053,,,,,0.054,0.344,0.222,0.304,0.234,0.282,0.069,0.136,0.089,0.019,0.005,0.023,0.258,0.082,0.167,0.200,0.093,0.010,0.015,0.338,0.430,0.008,0.900,0.329,0.000,0.044,0.000,,0.101
Vegetables and Vegetable Products,"Jute, potherb, raw",0.141,0.219,,,0.000,,0.012,,,,,0.351,0.157,0.529,0.158,0.142,0.104,0.183,0.062,0.068,0.015,0.001,0.014,0.121,0.151,0.160,0.080,0.341,0.013,0.003,0.119,0.156,0.002,0.107,0.136,0.371,0.353,0.336,,0.057
Vegetables and Vegetable Products,"Lentils, sprouted, raw",0.141,0.026,,,0.000,,0.038,,,,,0.286,0.367,0.357,0.233,0.230,0.339,0.106,0.100,0.061,0.023,0.009,0.116,0.253,0.315,0.092,0.154,0.080,0.009,0.005,0.204,0.312,0.005,,0.219,0.003,0.112,0.150,,0.110
Vegetables and Vegetable Products,"Beans, navy, mature seeds, sprouted, cooked, boiled, drained, without salt",0.140,0.017,,,0.000,,0.028,,,,,0.303,0.283,0.234,0.224,0.186,0.192,0.317,0.070,0.068,0.021,0.075,0.171,0.204,0.187,0.091,0.122,0.147,0.009,0.006,0.340,0.283,0.007,0.264,0.199,0.000,0.116,0.157,,0.071
Vegetables and Vegetable Products,"Taro leaves, raw",0.140,0.113,,,0.000,0.032,0.015,,,,0.148,0.360,0.163,0.250,0.186,0.144,0.117,0.129,0.075,0.082,0.027,0.023,0.017,0.111,0.109,0.185,0.086,0.285,0.013,0.001,0.187,0.159,0.007,0.171,0.141,0.321,0.086,0.473,1.551,0.030
Vegetables and Vegetable Products,"Parsley, fresh",0.139,0.145,,,0.000,0.032,0.013,,,,0.132,0.434,0.087,0.689,0.084,0.075,0.086,0.143,0.040,0.071,0.014,0.002,0.080,0.083,0.105,0.158,0.051,0.061,0.001,0.023,0.077,0.116,0.007,0.161,0.095,0.561,0.053,1.209,23.429,0.078
Vegetables and Vegetable Products,Potato flour,0.138,0.068,,,0.000,0.099,0.128,,,,0.236,0.071,0.237,0.153,0.214,0.156,0.197,0.186,0.102,0.190,0.014,0.009,0.095,0.181,0.305,0.286,0.119,0.032,0.016,0.023,0.204,0.267,0.003,0.411,0.196,0.000,0.452,0.035,0.000,0.039
Vegetables and Vegetable Products,"Pigeonpeas, immature seeds, raw",0.137,0.044,,,0.000,0.114,0.049,,,,0.204,0.494,,0.178,,,,0.194,,0.119,0.104,0.009,0.136,,0.231,0.158,0.124,0.106,0.021,0.002,0.357,,0.015,,,0.004,0.040,0.355,0.343,0.076
Vegetables and Vegetable Products,"Lima beans, immature seeds, raw",0.137,0.036,,,0.000,0.100,0.040,,,,0.196,0.097,0.331,0.349,0.314,0.197,0.215,0.166,0.065,0.080,0.035,0.034,0.049,0.193,0.247,0.133,0.118,0.064,0.026,0.003,0.194,0.276,0.008,0.321,0.235,0.013,0.120,0.213,0.080,0.057
Vegetables and Vegetable Products,"Dandelion greens, raw",0.136,0.197,,,0.000,0.088,0.016,,,,0.140,0.077,,0.344,,,,0.103,,0.044,0.033,0.011,0.017,,0.120,0.113,0.046,0.163,0.007,0.032,0.170,,0.006,,,0.677,0.148,0.318,11.120,0.030
Vegetables and Vegetable Products,"Lambsquarters, raw",0.135,0.325,,,0.000,,0.015,,,,0.160,0.086,0.166,0.133,0.181,0.128,0.169,0.097,0.047,0.065,0.039,0.009,0.018,0.095,0.131,0.129,0.072,0.275,0.013,0.018,0.143,0.155,0.007,0.136,0.124,0.773,0.161,0.727,,0.032
Vegetables and Vegetable Products,"Beans, navy, mature seeds, sprouted, raw",0.135,0.016,,,0.000,,0.024,,,,,0.377,0.246,0.214,0.195,0.162,0.167,0.289,0.061,0.066,0.018,0.065,0.165,0.177,0.182,0.088,0.106,0.134,0.009,0.005,0.348,0.246,0.006,0.229,0.174,0.000,0.112,0.171,,0.065
Vegetables and Vegetable Products,"Lima beans, immature seeds, cooked, boiled, drained, with salt",0.134,0.034,,,0.000,0.110,0.044,,,,0.212,0.074,0.330,0.272,0.313,0.196,0.214,0.211,0.065,0.056,0.013,0.013,0.051,0.192,0.236,0.163,0.117,0.060,0.029,0.105,0.125,0.275,0.003,0.318,0.234,0.025,0.114,0.092,0.089,0.057
Vegetables and Vegetable Products,"Jute, potherb, cooked, boiled, drained, with salt",0.134,0.222,,,0.000,0.032,0.013,,,,0.080,0.297,0.124,0.349,0.125,0.112,0.082,0.177,0.049,0.048,0.012,0.001,0.014,0.096,0.131,0.157,0.063,0.120,0.013,0.103,0.081,0.124,0.002,0.086,0.108,0.345,0.335,0.300,1.543,0.057
Vegetables and Vegetable Products,"Balsam-pear (bitter gourd), leafy tips, cooked, boiled, drained, without salt",0.134,0.044,,,0.000,0.052,0.012,,,,0.076,0.251,,0.113,,,,0.269,,0.054,0.002,0.016,0.012,,0.140,0.172,0.062,0.176,0.013,0.005,0.131,,0.002,,,0.161,0.447,0.505,2.330,0.022
Vegetables and Vegetable Products,"Lima beans, immature seeds, frozen, baby, unprepared",0.134,0.037,,,0.000,,0.047,,,,0.240,0.080,0.369,0.246,0.349,0.219,0.239,0.143,0.071,0.055,0.018,0.018,0.037,0.214,0.189,0.129,0.131,0.047,0.030,0.022,0.102,0.307,0.004,0.357,0.260,0.012,0.094,0.075,,0.046
Vegetables and Vegetable Products,"Kale, raw",0.133,0.267,,,0.000,0.001,0.013,,,,0.164,0.177,0.246,0.178,0.125,0.075,0.083,0.094,0.028,0.064,0.036,0.095,0.074,0.086,0.100,0.099,0.050,0.217,0.013,0.022,0.101,0.125,0.014,0.125,0.087,0.321,0.086,0.849,5.566,0.028
Vegetables and Vegetable Products,"Spinach, frozen, chopped or leaf, cooked, boiled, drained, with salt",0.133,0.161,,,0.000,0.062,0.012,,,,0.148,0.346,0.070,0.218,0.091,0.075,0.122,0.234,0.050,0.024,0.000,0.021,0.015,0.121,0.091,0.086,0.069,0.110,0.079,0.134,0.070,0.210,0.008,0.361,0.099,0.804,0.080,0.020,7.724,0.036
Vegetables and Vegetable Products,"Spinach, cooked, boiled, drained, with salt",0.133,0.143,,,0.000,0.049,0.008,,,,0.096,0.417,0.094,0.397,0.109,0.085,0.087,0.249,0.052,0.027,0.002,0.023,0.029,0.077,0.102,0.133,0.051,0.147,0.021,0.128,0.085,0.121,0.002,0.143,0.092,0.699,0.142,0.089,7.051,0.055
Vegetables and Vegetable Products,"Peas, mature seeds, sprouted, raw",0.133,0.038,,,0.000,,0.044,,,,,0.411,0.239,0.251,0.122,0.134,0.183,0.160,0.066,0.167,0.033,0.015,0.206,0.143,0.300,0.109,0.151,0.097,0.009,0.008,0.201,0.177,0.006,,0.121,,0.156,0.095,,0.076
Vegetables and Vegetable Products,"Spinach, frozen, chopped or leaf, cooked, boiled, drained, without salt",0.133,0.161,,,0.000,0.062,0.012,,,,0.148,0.346,0.070,0.218,0.091,0.075,0.122,0.234,0.050,0.024,0.000,0.093,0.015,0.121,0.091,0.086,0.069,0.110,0.079,0.040,0.070,0.210,0.008,0.361,0.099,0.804,0.080,0.020,7.724,0.036
Vegetables and Vegetable Products,"Lima beans, immature seeds, cooked, boiled, drained, without salt",0.132,0.034,,,0.000,0.110,0.044,,,,0.216,0.074,0.330,0.272,0.313,0.196,0.214,0.211,0.065,0.056,0.013,0.013,0.051,0.192,0.236,0.163,0.117,0.060,0.029,0.007,0.125,0.275,0.003,0.318,0.234,0.020,0.114,0.092,0.089,0.057
Vegetables and Vegetable Products,"Jute, potherb, cooked, boiled, drained, without salt",0.132,0.222,,,0.000,0.032,0.013,,,,0.080,0.297,0.124,0.349,0.125,0.112,0.082,0.177,0.049,0.048,0.012,0.001,0.014,0.096,0.131,0.157,0.063,0.120,0.013,0.005,0.081,0.124,0.002,0.086,0.108,0.345,0.335,0.300,1.543,0.057
Vegetables and Vegetable Products,"Spinach, frozen, chopped or leaf, unprepared (Includes foods for USDA's Food Distribution Program)",0.132,0.136,,,0.000,0.055,0.010,,,,0.116,0.414,0.070,0.210,0.090,0.074,0.120,0.214,0.050,0.027,0.000,0.021,0.019,0.118,0.089,0.099,0.062,0.140,0.086,0.031,0.084,0.207,0.005,0.357,0.098,0.781,0.101,0.050,5.314,0.041
Vegetables and Vegetable Products,"Chrysanthemum, garland, raw",0.131,0.123,,,0.000,,0.009,,,,0.120,0.506,,0.254,,,,0.091,,0.029,,,0.044,,0.098,0.162,0.058,0.090,,0.049,0.116,,0.005,,,0.155,0.104,0.013,5.000,0.052
Vegetables and Vegetable Products,"Spinach, cooked, boiled, drained, without salt",0.131,0.143,,,0.000,0.049,0.008,,,,0.096,0.417,0.094,0.397,0.109,0.085,0.087,0.249,0.052,0.027,0.002,0.023,0.029,0.077,0.102,0.133,0.051,0.147,0.021,0.029,0.085,0.121,0.002,0.143,0.092,0.699,0.142,0.089,7.051,0.055
Vegetables and Vegetable Products,"Cress, garden, raw",0.131,0.085,,,0.000,0.049,0.011,,,,0.044,0.229,,0.144,,,,0.109,,0.054,0.019,0.019,0.048,,0.138,0.173,0.045,0.163,0.013,0.006,0.071,,0.006,,,0.461,0.145,0.627,7.741,0.017
Vegetables and Vegetable Products,"Spinach, raw",0.131,0.104,,,0.000,0.048,0.008,,,,0.088,0.554,0.091,0.301,0.105,0.082,0.083,0.226,0.050,0.039,0.003,0.035,0.013,0.074,0.089,0.159,0.049,0.118,0.014,0.033,0.070,0.116,0.004,0.139,0.088,0.625,0.115,0.255,6.899,0.039
Vegetables and Vegetable Products,"Seaweed, laver, raw",0.128,0.074,,,0.000,0.026,0.013,,,,0.012,0.417,0.200,0.200,0.185,0.184,0.106,0.006,0.138,0.080,0.001,0.000,0.104,0.156,0.105,0.102,0.100,0.279,0.010,0.020,0.087,0.221,0.003,0.154,0.221,0.347,0.094,0.355,0.057,0.076
Vegetables and Vegetable Products,"Garlic, raw",0.128,0.191,,,0.000,0.058,0.053,,,,0.084,0.009,0.161,0.189,0.155,0.113,0.130,0.071,0.072,0.038,0.029,0.005,0.119,0.105,0.278,0.115,0.109,0.069,0.203,0.007,0.179,0.150,0.005,0.236,0.160,0.000,0.726,0.284,0.024,0.084
Vegetables and Vegetable Products,"Beans, pinto, mature seeds, sprouted, raw",0.128,0.045,,,0.000,,0.022,,,,,0.337,0.210,0.219,0.166,0.138,0.142,0.151,0.052,0.123,0.024,0.084,0.148,0.151,0.171,0.088,0.090,0.109,0.009,0.064,0.205,0.210,0.008,0.196,0.148,0.000,0.101,0.197,,0.036
Vegetables and Vegetable Products,"Broccoli raab, cooked",0.127,0.124,,,0.000,0.084,0.009,,,,0.112,0.203,0.114,0.141,0.089,0.075,0.114,0.077,0.055,0.109,0.004,0.050,0.090,0.088,0.149,0.098,0.066,0.088,0.019,0.023,0.151,0.122,0.005,0.186,0.101,0.303,0.129,0.336,3.657,0.039
Vegetables and Vegetable Products,"Dandelion greens, cooked, boiled, drained, with salt",0.127,0.147,,,0.000,0.069,0.012,,,,0.116,0.037,,0.200,,,,0.069,,0.028,,,0.011,,0.076,0.066,0.034,0.109,0.004,0.117,0.116,,0.006,,,0.969,0.094,0.164,5.127,0.020
Vegetables and Vegetable Products,"Pigeonpeas, immature seeds, cooked, boiled, drained, with salt",0.126,0.043,,,0.000,0.095,0.040,,,,0.168,0.286,,0.174,,,,0.114,,0.117,0.107,0.010,0.126,,0.215,0.130,0.103,0.104,0.017,0.100,0.312,,0.012,,,0.003,0.031,0.255,0.283,0.060
Vegetables and Vegetable Products,"Turnip greens, raw",0.126,0.200,,,0.000,,0.011,,,,0.128,0.554,0.051,0.122,0.056,0.050,0.047,0.089,0.032,0.032,0.004,0.021,0.076,0.053,0.076,0.085,0.026,0.062,0.017,0.017,0.062,0.078,0.003,0.093,0.056,0.772,0.155,0.545,3.586,0.014
Vegetables and Vegetable Products,"Sweet potato leaves, raw",0.125,0.082,,,0.000,,0.015,,,,0.212,,,0.108,,,0.109,0.200,0.082,0.061,0.024,0.009,0.045,,0.147,0.145,0.043,0.216,0.013,0.003,0.139,,0.005,0.125,,0.252,0.112,0.100,4.317,
Vegetables and Vegetable Products,"Lima beans, immature seeds, frozen, baby, cooked, boiled, drained, with salt",0.125,0.029,,,0.000,0.093,0.037,,,,0.192,0.046,0.323,0.218,0.306,0.191,0.209,0.160,0.063,0.042,0.012,0.012,0.035,0.187,0.204,0.117,0.114,0.034,0.024,0.110,0.062,0.269,0.003,0.311,0.228,0.011,0.068,0.053,0.074,0.040
Vegetables and Vegetable Products,"Epazote, raw",0.125,0.289,,,0.000,,0.011,,,,0.152,0.614,,0.209,,,,0.346,,0.035,,,0.036,,0.156,0.181,0.006,0.217,0.013,0.018,0.025,,0.005,,,0.004,0.089,0.033,,0.080
Vegetables and Vegetable Products,"Potatoes, baked, skin only, with salt",0.125,0.036,,,0.000,0.077,0.071,,,,0.316,0.063,,0.782,,,,0.123,,0.166,0.004,0.003,0.171,,0.184,0.164,0.074,0.066,0.010,0.107,0.109,,0.001,,,0.001,0.361,0.123,0.024,0.036
Vegetables and Vegetable Products,"Peas, green, raw",0.125,0.026,,,0.000,0.071,0.029,,,,0.228,0.186,0.153,0.163,0.139,0.118,0.151,0.094,0.078,0.113,0.019,0.009,0.021,0.114,0.196,0.070,0.093,0.083,0.026,0.002,0.237,0.193,0.004,0.132,0.129,0.051,0.099,0.364,0.354,0.090
Vegetables and Vegetable Products,"Beans, fava, in pod, raw",0.124,0.039,,,0.000,,0.031,,,,0.300,0.423,,0.172,,,,0.094,,0.122,0.039,0.007,0.045,,0.235,0.095,0.136,0.181,0.011,0.010,0.119,,0.007,,,0.023,0.061,0.034,0.584,0.073
Vegetables and Vegetable Products,"Mustard spinach, (tendergreen), raw",0.124,0.221,,,0.000,,0.008,,,,0.112,0.454,,0.167,,,,0.031,,0.037,0.004,0.007,0.036,,0.051,0.128,0.038,0.058,0.011,0.009,0.061,,0.003,,,0.660,0.090,1.182,,0.012
Vegetables and Vegetable Products,"Lima beans, immature seeds, frozen, fordhook, unprepared",0.124,0.025,,,0.000,0.094,0.038,,,,0.220,0.091,0.310,0.168,0.294,0.184,0.201,0.109,0.060,0.064,0.015,0.014,0.038,0.180,0.135,0.137,0.110,0.042,0.024,0.024,0.082,0.258,0.003,0.300,0.219,0.015,0.080,0.175,0.076,0.036
Vegetables and Vegetable Products,"Pigeonpeas, immature seeds, cooked, boiled, drained, without salt",0.124,0.043,,,0.000,0.095,0.040,,,,0.168,0.286,,0.174,,,,0.114,,0.117,0.107,0.010,0.126,,0.215,0.130,0.103,0.104,0.017,0.002,0.312,,0.012,,,0.003,0.031,0.255,0.283,0.060
Vegetables and Vegetable Products,"Pokeberry shoots, (poke), cooked, boiled, drained, with salt",0.124,0.056,,,0.000,0.001,0.007,,,,0.060,0.026,,0.133,,,,0.040,,0.060,,,0.008,,0.060,0.053,0.040,0.156,0.013,0.106,0.062,,0.004,,,0.580,0.065,0.745,1.543,0.014
Vegetables and Vegetable Products,"Collards, frozen, chopped, cooked, boiled, drained, with salt",0.124,0.221,,,0.000,0.113,0.013,,,,0.112,0.217,0.081,0.124,0.086,0.067,0.067,0.086,0.038,0.034,,,0.023,0.060,0.049,0.072,0.051,0.072,0.021,0.119,0.042,0.100,0.004,0.136,0.080,0.767,0.067,0.240,8.903,0.020
Vegetables and Vegetable Products,"Peas, green, cooked, boiled, drained, with salt",0.124,0.028,,,0.000,0.074,0.030,,,,0.220,0.180,0.150,0.171,0.138,0.117,0.150,0.111,0.077,0.109,0.010,0.005,0.031,0.113,0.213,0.077,0.092,0.093,0.027,0.100,0.231,0.191,0.002,0.132,0.127,0.053,0.127,0.129,0.370,0.087
Vegetables and Vegetable Products,"Potatoes, au gratin, home-prepared from recipe using margarine",0.124,0.125,,,0.050,,0.047,,,,0.072,0.031,0.216,0.071,0.203,0.162,0.181,0.057,0.111,0.054,0.122,0.025,0.077,0.145,0.205,0.113,0.087,0.072,0.039,0.180,0.057,0.183,0.070,0.250,0.179,0.085,0.102,0.090,,0.050
Vegetables and Vegetable Products,"Turnip greens, frozen, cooked, boiled, drained, with salt",0.123,0.160,,,0.000,0.001,0.010,,,,0.136,0.111,0.116,0.216,0.124,0.112,0.104,0.074,0.072,0.025,0.006,0.030,0.014,0.118,0.062,0.064,0.058,0.046,0.017,0.105,0.048,0.175,0.004,0.207,0.125,0.717,0.039,0.198,7.413,0.030
Vegetables and Vegetable Products,"Lima beans, immature seeds, frozen, baby, cooked, boiled, drained, without salt",0.123,0.029,,,0.000,0.093,0.037,,,,0.192,0.046,0.323,0.218,0.306,0.191,0.209,0.160,0.063,0.042,0.012,0.012,0.035,0.187,0.204,0.117,0.114,0.034,0.024,0.012,0.062,0.269,0.003,0.311,0.228,0.011,0.068,0.053,0.074,0.040
Vegetables and Vegetable Products,"Lima beans, immature seeds, frozen, fordhook, cooked, boiled, drained, with salt",0.123,0.032,,,0.000,0.091,0.037,,,,0.212,0.060,0.294,0.202,0.279,0.175,0.191,0.120,0.057,0.058,0.014,0.013,0.033,0.171,0.176,0.087,0.104,0.038,0.009,0.120,0.066,0.245,0.003,0.286,0.208,0.013,0.072,0.116,,0.054
Vegetables and Vegetable Products,"Potatoes, au gratin, home-prepared from recipe using butter",0.123,0.125,,,0.077,,0.048,,,,0.072,0.031,0.216,0.071,0.203,0.162,0.181,0.057,0.111,0.054,0.022,0.026,0.077,0.145,0.205,0.113,0.087,0.072,0.039,0.180,0.057,0.183,0.070,0.250,0.179,0.085,0.102,0.090,,0.050
Vegetables and Vegetable Products,"Potatoes, baked, skin, without salt",0.122,0.036,,,0.000,0.077,0.071,,,,0.316,0.063,,0.782,,,,0.123,,0.166,0.004,0.003,0.171,,0.184,0.164,0.074,0.066,0.010,0.009,0.109,,0.001,,,0.001,0.361,0.123,0.024,0.036
Vegetables and Vegetable Products,"Peas, green, cooked, boiled, drained, without salt",0.122,0.028,,,0.000,0.074,0.030,,,,0.220,0.180,0.150,0.171,0.138,0.117,0.150,0.111,0.077,0.109,0.010,0.005,0.031,0.113,0.213,0.077,0.092,0.093,0.027,0.001,0.231,0.191,0.002,0.132,0.127,0.053,0.127,0.129,0.370,0.087
Vegetables and Vegetable Products,"Wasabi, root, raw",0.122,0.135,,,0.000,,0.039,,,,0.312,0.051,,0.114,,,,0.197,,0.040,,,0.041,,0.145,0.162,0.083,0.071,,0.007,0.117,,0.006,,,0.003,0.161,0.381,,0.118
Vegetables and Vegetable Products,"Lambsquarters, cooked, boiled, drained, with salt",0.122,0.272,,,0.000,0.001,0.011,,,,0.084,0.040,0.126,0.078,0.138,0.098,0.129,0.066,0.035,0.049,0.034,0.008,0.012,0.072,0.082,0.082,0.055,0.163,0.013,0.110,0.089,0.118,0.006,0.104,0.095,0.521,0.102,0.336,7.060,0.022
Vegetables and Vegetable Products,"Coriander (cilantro) leaves, raw",0.122,0.071,,,0.000,0.032,0.008,,,,0.112,0.177,,0.197,,,,0.074,,0.060,0.005,0.000,0.114,,0.087,0.149,0.037,0.101,0.013,0.019,0.060,,0.005,,,0.449,0.088,0.245,4.429,0.036
Vegetables and Vegetable Products,"Turnip greens, frozen, cooked, boiled, drained, without salt",0.122,0.160,,,0.000,0.001,0.010,,,,0.136,0.111,0.116,0.216,0.124,0.112,0.104,0.074,0.072,0.025,0.006,0.030,0.014,0.118,0.062,0.064,0.058,0.046,0.017,0.006,0.048,0.175,0.004,0.207,0.125,0.717,0.039,0.198,7.413,0.030
Vegetables and Vegetable Products,"Amaranth leaves, raw",0.122,0.226,,,0.000,,0.008,,,,,0.243,0.074,0.258,0.085,0.071,0.060,0.157,0.034,0.036,0.018,0.001,0.013,0.076,0.091,0.175,0.042,0.099,0.013,0.008,0.024,0.094,0.003,0.111,0.075,0.195,0.113,0.394,16.286,0.065
Vegetables and Vegetable Products,"Beet greens, cooked, boiled, drained, with salt",0.122,0.120,,,0.000,0.106,0.010,,,,0.116,0.040,0.056,0.211,0.038,0.042,0.036,0.194,0.020,0.027,0.008,0.002,0.066,0.039,0.075,0.260,0.044,0.181,0.013,0.199,0.104,0.072,0.002,0.143,0.042,0.511,0.078,0.226,6.914,0.036
Vegetables and Vegetable Products,"Lima beans, immature seeds, frozen, fordhook, cooked, boiled, drained, without salt",0.121,0.032,,,0.000,0.091,0.037,,,,0.212,0.060,0.294,0.202,0.279,0.175,0.191,0.120,0.057,0.058,0.014,0.013,0.033,0.171,0.176,0.087,0.104,0.038,0.009,0.029,0.066,0.245,0.003,0.286,0.208,0.013,0.072,0.116,0.073,0.054
Vegetables and Vegetable Products,"Broadbeans, immature seeds, raw",0.121,0.023,,,0.000,,0.026,,,,0.168,0.274,0.191,0.211,0.179,0.158,0.174,0.109,0.041,0.081,0.015,0.047,0.017,0.130,0.173,0.071,0.096,0.069,0.017,0.021,0.152,0.198,0.006,0.200,0.151,0.024,0.022,0.300,,0.042
Vegetables and Vegetable Products,"Peas, mature seeds, sprouted, cooked, boiled, drained, with salt",0.121,0.027,,,0.000,,0.035,,,,,0.103,0.310,0.186,0.158,0.173,0.237,0.117,0.085,0.058,0.024,0.011,0.137,0.186,0.044,0.077,0.121,0.178,0.009,0.100,0.193,0.229,0.005,,0.157,0.007,0.075,0.060,,0.057
Vegetables and Vegetable Products,"Chives, raw",0.121,0.097,,,0.000,0.013,0.011,,,,0.100,0.300,0.081,0.178,0.099,0.071,0.078,0.120,0.034,0.035,0.032,0.004,0.065,0.060,0.105,0.085,0.056,0.072,0.013,0.001,0.070,0.122,0.007,0.132,0.080,0.291,0.081,0.528,3.039,0.041
Vegetables and Vegetable Products,"Lambsquarters, cooked, boiled, drained, without salt",0.121,0.272,,,0.000,0.001,0.011,,,,0.084,0.040,0.126,0.078,0.138,0.098,0.129,0.066,0.035,0.049,0.034,0.008,0.012,0.072,0.082,0.082,0.055,0.163,0.013,0.012,0.089,0.118,0.006,0.104,0.095,0.521,0.102,0.336,7.060,0.022
Vegetables and Vegetable Products,"Chrysanthemum, garland, cooked, boiled, drained, with salt",0.121,0.073,,,0.000,0.032,0.007,,,,0.092,0.143,,0.416,,,,0.051,,0.039,,,0.008,,0.078,0.163,0.028,0.100,0.004,0.120,0.019,,0.001,,,0.172,0.069,0.217,2.039,0.015
Vegetables and Vegetable Products,"Peas, green, frozen, unprepared (Includes foods for USDA's Food Distribution Program)",0.120,0.023,,,0.000,0.068,0.028,,,,0.180,0.151,0.146,0.170,0.134,0.114,0.145,0.074,0.075,0.093,0.018,0.008,0.109,0.110,0.149,0.044,0.090,0.062,0.027,0.045,0.231,0.186,0.004,0.129,0.124,0.137,0.049,0.164,0.399,0.060
Vegetables and Vegetable Products,"Succotash, (corn and limas), cooked, boiled, drained, with salt",0.120,0.018,,,0.000,,0.040,,,,,0.094,0.230,0.169,0.204,0.163,0.141,0.151,0.065,0.072,0.040,0.015,0.113,0.140,0.213,0.117,0.087,0.060,0.009,0.105,0.150,0.201,0.007,0.204,0.169,0.020,0.068,0.075,,0.046
Vegetables and Vegetable Products,"Succotash, (corn and limas), raw",0.120,0.019,,,0.000,,0.035,,,,0.152,0.114,0.229,0.203,0.203,0.162,0.140,0.137,0.065,0.086,0.051,0.019,0.026,0.139,0.205,0.105,0.087,0.051,0.009,0.002,0.186,0.199,0.009,0.200,0.168,0.020,0.076,0.137,,0.044
Vegetables and Vegetable Products,"Collards, frozen, chopped, cooked, boiled, drained, without salt",0.120,0.221,,,0.000,0.113,0.013,,,,0.112,0.217,0.081,0.124,0.086,0.067,0.067,0.086,0.038,0.034,0.007,0.032,0.023,0.060,0.049,0.072,0.051,0.072,0.021,0.021,0.042,0.100,0.004,0.136,0.080,0.767,0.067,0.240,8.903,0.020
Vegetables and Vegetable Products,"Seaweed, irishmoss, raw",0.120,0.076,,,0.000,0.032,0.018,,,,0.052,0.520,,0.989,,,,0.411,,0.032,0.000,0.000,0.035,,0.285,0.018,0.026,0.291,0.010,0.028,0.013,,0.001,,,0.008,0.041,0.027,0.071,0.142
Vegetables and Vegetable Products,"Brussels sprouts, frozen, unprepared",0.120,0.027,,,0.000,0.044,0.015,,,,0.152,0.351,0.121,0.103,0.106,0.062,0.082,0.057,0.034,0.035,0.008,0.034,0.057,0.063,0.113,0.106,0.065,0.076,0.021,0.004,0.094,0.129,0.004,0.150,0.095,0.041,0.119,0.674,2.696,0.023
Vegetables and Vegetable Products,"Succotash, (corn and limas), cooked, boiled, drained, without salt",0.120,0.018,,,0.000,,0.041,,,,0.180,0.094,0.230,0.169,0.204,0.163,0.141,0.151,0.065,0.072,0.040,0.015,0.113,0.140,0.213,0.117,0.087,0.060,0.009,0.007,0.150,0.201,0.007,0.204,0.169,0.020,0.068,0.075,,0.046
Vegetables and Vegetable Products,"Beans, pinto, immature seeds, frozen, unprepared",0.119,0.061,,,0.000,,0.061,,,,0.228,0.143,,0.333,,,,0.171,,0.038,0.013,0.046,0.060,,0.213,0.216,0.169,0.075,0.021,0.038,0.304,,0.005,,,0.000,0.126,0.009,,0.056
Vegetables and Vegetable Products,"Pokeberry shoots, (poke), raw",0.119,0.056,,,0.000,,0.008,,,,0.068,0.046,,0.189,,,,0.051,,0.065,,,0.010,,0.080,0.069,0.045,0.206,0.013,0.010,0.071,,0.004,,,0.580,0.086,1.236,,0.017
Vegetables and Vegetable Products,"Peas, mature seeds, sprouted, cooked, boiled, drained, without salt",0.119,0.027,,,0.000,,0.035,,,,,0.103,0.310,0.186,0.158,0.173,0.237,0.117,0.085,0.058,0.024,0.011,0.137,0.186,0.044,0.077,0.121,0.178,0.009,0.001,0.193,0.229,0.005,,0.157,0.007,0.075,0.060,,0.057
Vegetables and Vegetable Products,"Potatoes, hash brown, home-prepared",0.119,0.015,,,0.000,0.058,0.095,,,,0.128,0.046,0.096,0.061,0.088,0.066,0.087,0.100,0.045,0.125,0.545,0.085,0.179,0.076,0.127,0.165,0.052,0.021,0.007,0.142,0.154,0.104,0.115,0.168,0.092,0.000,0.278,0.118,0.053,0.034
Vegetables and Vegetable Products,"Beans, kidney, mature seeds, sprouted, cooked, boiled, drained, with salt",0.119,0.020,,,0.000,,0.012,,,,,0.134,0.193,0.099,0.153,0.127,0.131,0.066,0.048,0.164,0.015,0.049,0.076,0.139,0.069,0.055,0.083,0.171,0.009,0.101,0.323,0.193,0.005,0.179,0.136,0.000,0.055,0.324,,0.032
