,fdc_id,food,category,"Calcium, Ca","Carotene, beta",Cholesterol,"Choline, total",Energy,"Fiber, total dietary","Folate, total",Histidine,"Iron, Fe",Isoleucine,Leucine,Lysine,"Magnesium, Mg",Methionine,Niacin,PUFA 18:2,PUFA 18:3,Pantothenic acid,Phenylalanine,"Phosphorus, P","Potassium, K",Protein,Riboflavin,"Selenium, Se","Sodium, Na",Thiamin,Threonine,Total lipid (fat),Tryptophan,Valine,"Vitamin A, RAE",Vitamin B-6,"Vitamin C, total ascorbic acid",Vitamin K (phylloquinone),"Zinc, Zn"
0,167603,"Seaweed, Canadian Cultivated EMI-TSUNOMATA, rehydrated",Vegetables and Vegetable Products,3.789473684210526,6.5777777777777775,,,1.1071428571428572,18.0,6.571428571428571,4.0,44.833333333333336,4.857142857142857,4.029304029304028,4.333333333333333,24.0,2.9523809523809526,2.489177489177489,,,,5.6,5.818181818181818,10.228571428571428,3.2013769363166955,11.875,,21.916666666666668,5.357142857142857,6.761904761904761,0.15612244897959185,7.142857142857142,4.45054945054945,6.533333333333333,1.7647058823529411,3.1818181818181817,,1.7315980965374342
1,167604,"Potatoes, hash brown, refrigerated, unprepared",Vegetables and Vegetable Products,0.631578947368421,,0.0,3.625,3.0,7.2,,,2.6666666666666665,,,,5.428571428571429,,9.615800865800866,,,11.100000000000001,,12.727272727272727,12.142857142857142,3.0120481927710845,1.3749999999999998,4.142857142857143,1.75,2.4107142857142856,,0.07346938775510205,,,,15.117647058823529,4.454545454545455,0.5714285714285714,2.1226041183362097
2,167702,"Oil, flaxseed, cold pressed",Fats and Oils,0.10526315789473684,0.0,0.0,0.05,31.571428571428573,0.0,0.0,,0.0,,,,0.0,,0.0,179.0875,1334.2,,,0.18181818181818182,0.0,0.18932874354561102,0.0,0.0,0.0,0.0,,91.81836734693879,,,0.0,0.0,0.0,13.285714285714286,0.3910060217987755
3,167714,"Hearts of palm, raw",Vegetables and Vegetable Products,1.894736842105263,0.45555555555555555,0.0,0.0,4.107142857142857,6.0,6.857142857142857,,9.38888888888889,,,,2.857142857142857,,4.87012987012987,0.95,0.325,,,25.454545454545453,51.6,4.647160068846817,11.25,1.0,0.5833333333333334,4.4642857142857135,,0.18367346938775514,,,0.4,47.64705882352941,7.2727272727272725,0.0,20.835035161563322
4,167722,Tofu yogurt,Legumes and Legume Products,12.421052631578947,0.2222222222222222,0.0,12.1,3.357142857142857,0.8,1.7142857142857142,,5.888888888888889,,,,11.428571428571429,,1.2987012987012987,11.262500000000001,2.9000000000000004,,,6.909090909090909,1.3428571428571427,6.024096385542169,1.25,18.571428571428573,1.4583333333333333,5.357142857142857,,1.6530612244897962,,,0.26666666666666666,1.1764705882352942,2.272727272727273,5.0,1.7315980965374342
5,167737,"Oil, corn, peanut, and olive",Fats and Oils,0.0,0.0,0.0,0.05,31.571428571428573,0.0,0.0,,0.7222222222222222,,,,0.0,,0.0,407.9125,10.825,0.0,,0.0,0.0,0.0,0.0,0.0,0.0,0.0,,91.83673469387756,,,0.0,0.0,0.0,30.0,0.11171600622822156
6,167746,"Lemons, raw, without peel",Fruits and Fruit Juices,2.736842105263158,0.03333333333333333,0.0,1.275,1.0357142857142858,11.2,3.142857142857143,,3.3333333333333335,,,,2.2857142857142856,,0.5411255411255411,0.7875,0.65,3.8,,2.909090909090909,3.942857142857143,1.8932874354561107,1.25,0.5714285714285714,0.08333333333333333,3.571428571428571,,0.2755102040816327,,,0.13333333333333333,4.705882352941177,48.18181818181818,0.0,0.33514801868466465
7,167749,"Lemon peel, raw",Fruits and Fruit Juices,14.105263157894736,0.07777777777777778,0.0,2.125,1.6785714285714286,42.4,3.7142857142857144,,4.444444444444445,,,,4.285714285714286,,2.1645021645021645,0.7875,0.65,6.380000000000001,,2.1818181818181817,4.571428571428571,2.581755593803787,5.0,1.0,0.25,5.357142857142857,,0.2755102040816327,,,0.4,10.117647058823529,117.27272727272727,0.0,1.3964500778527695
8,167750,"Prickly pears, raw",Fruits and Fruit Juices,5.894736842105263,0.2777777777777778,0.0,,1.4642857142857142,14.4,1.7142857142857142,,1.6666666666666667,,,,24.285714285714285,,2.489177489177489,2.325,0.575,,,4.363636363636363,6.285714285714286,1.2564543889845097,3.75,0.8571428571428571,0.20833333333333334,1.25,,0.4683673469387756,,,0.26666666666666666,3.5294117647058822,12.727272727272727,,0.6702960373693293
9,167754,"Pummelo, raw",Fruits and Fruit Juices,0.42105263157894735,0.0,0.0,,1.3571428571428572,4.0,,,0.6111111111111112,,,,1.7142857142857142,,1.1904761904761905,,,,,3.090909090909091,6.171428571428572,1.3080895008605853,1.6875,,0.041666666666666664,3.0357142857142856,,0.036734693877551024,,,0.0,2.1176470588235294,55.45454545454545,,0.44686402491288624
10,167755,"Raspberries, raw",Fruits and Fruit Juices,2.6315789473684212,0.13333333333333333,0.0,3.075,1.8571428571428572,26.0,6.0,,3.8333333333333335,,,,6.285714285714286,,3.2359307359307357,3.1125,3.15,6.58,,5.2727272727272725,4.314285714285714,2.0654044750430294,2.3749999999999996,0.2857142857142857,0.041666666666666664,2.857142857142857,,0.5969387755102041,,,0.26666666666666666,3.235294117647059,23.818181818181817,11.142857142857142,2.346036130792653
11,167757,"Raspberries, frozen, red, sweetened",Fruits and Fruit Juices,1.5789473684210527,0.23333333333333334,0.0,2.55,3.6785714285714284,17.6,7.428571428571429,,3.611111111111111,,,,3.7142857142857144,,1.2445887445887445,0.7374999999999999,0.75,3.0,,3.090909090909091,3.257142857142857,1.2048192771084338,2.8125,0.42857142857142855,0.041666666666666664,1.6964285714285712,,0.1469387755102041,,,0.4,2.0000000000000004,15.0,9.285714285714286,1.0054440560539941
12,167758,"Rhubarb, raw",Fruits and Fruit Juices,9.052631578947368,0.6777777777777778,0.0,1.525,0.75,7.2,2.0,,1.2222222222222223,,,,3.4285714285714284,,1.6233766233766234,1.2375,0.0,1.7,,2.5454545454545454,8.228571428571428,1.5490533562822721,1.875,1.5714285714285716,0.16666666666666666,1.7857142857142856,,0.18367346938775514,,,0.6666666666666666,1.411764705882353,7.2727272727272725,41.857142857142854,0.5585800311411078
13,167759,"Sapodilla, raw",Fruits and Fruit Juices,2.210526315789474,,0.0,,2.9642857142857144,21.2,4.0,2.2857142857142856,4.444444444444445,1.0714285714285714,0.879120879120879,1.857142857142857,3.4285714285714284,0.2857142857142857,1.0822510822510822,0.13749999999999998,0.0,5.04,0.7428571428571428,2.1818181818181817,5.514285714285714,0.7573149741824441,1.25,0.8571428571428571,0.5,0.0,1.1428571428571428,1.0102040816326534,1.7857142857142856,0.879120879120879,0.4,2.176470588235294,13.363636363636363,,0.5585800311411078
14,167760,"Sapote, mamey, raw",Fruits and Fruit Juices,1.894736842105263,0.9111111111111111,0.0,,4.428571428571429,21.6,2.0,7.0,4.333333333333333,4.357142857142857,2.6739926739926734,3.476190476190476,3.142857142857143,2.2857142857142856,7.748917748917748,0.13749999999999998,2.0500000000000003,7.94,3.485714285714285,4.7272727272727275,12.971428571428572,2.4956970740103275,7.250000000000001,,0.2916666666666667,1.1607142857142856,8.095238095238095,0.4224489795918368,17.5,4.01098901098901,0.9333333333333333,42.35294117647059,20.90909090909091,,1.0613020591681048
15,167761,"Soursop, raw",Fruits and Fruit Juices,1.4736842105263157,0.011111111111111112,0.0,1.9,2.357142857142857,13.2,4.0,,3.3333333333333335,,,2.857142857142857,6.0,0.6666666666666667,4.87012987012987,0.8625,0.0,5.0600000000000005,,4.909090909090909,7.942857142857143,1.7211703958691913,3.125,0.8571428571428571,0.5833333333333334,6.25,,0.2755102040816327,3.928571428571428,,0.0,3.4705882352941173,18.727272727272727,0.5714285714285714,0.5585800311411078
16,167762,"Strawberries, raw",Fruits and Fruit Juices,1.6842105263157894,0.07777777777777778,0.0,1.425,1.1428571428571428,8.0,6.857142857142857,1.714285714285714,2.2777777777777777,1.1428571428571428,1.2454212454212454,1.2380952380952381,3.7142857142857144,0.19047619047619047,2.088744588744589,1.125,1.625,2.5,1.0857142857142856,4.363636363636363,4.371428571428571,1.1531841652323582,1.3749999999999998,0.5714285714285714,0.041666666666666664,2.142857142857143,1.9047619047619047,0.2755102040816327,2.857142857142857,1.0439560439560438,0.13333333333333333,2.7647058823529416,53.45454545454545,3.1428571428571432,0.782012043597551
17,167763,"Tamarinds, raw",Fruits and Fruit Juices,7.7894736842105265,0.2,0.0,2.15,8.535714285714286,20.4,4.0,,15.555555555555555,,,6.6190476190476195,26.285714285714285,1.3333333333333335,10.487012987012985,0.7374999999999999,0.0,2.86,,20.545454545454547,17.942857142857143,4.819277108433735,9.499999999999998,1.8571428571428572,1.1666666666666667,38.21428571428571,,0.5510204081632654,6.428571428571427,,0.26666666666666666,3.882352941176471,3.1818181818181817,4.0,0.5585800311411078
18,167765,"Watermelon, raw",Fruits and Fruit Juices,0.7368421052631579,3.3666666666666667,0.0,1.025,1.0714285714285714,1.6,0.8571428571428571,0.857142857142857,1.3333333333333333,1.357142857142857,0.6593406593406592,2.9523809523809526,2.857142857142857,0.5714285714285714,0.9632034632034632,0.625,0.0,4.42,0.857142857142857,2.0,3.2,1.0499139414802066,1.3125,0.5714285714285714,0.041666666666666664,2.946428571428571,2.5714285714285716,0.13775510204081634,2.5,0.879120879120879,3.7333333333333334,2.6470588235294117,7.363636363636363,0.14285714285714285,0.5585800311411078
19,167776,"Pears, raw, bartlett (Includes foods for USDA's Food Distribution Program)",Fruits and Fruit Juices,0.9473684210526315,0.15555555555555556,,1.275,2.25,12.4,1.7142857142857142,0.2857142857142857,1.0555555555555556,0.857142857142857,0.7326007326007324,0.857142857142857,1.7142857142857142,0.19047619047619047,0.8874458874458876,,,0.8400000000000001,0.6285714285714284,2.0,2.8857142857142857,0.6712564543889846,1.625,0.14285714285714285,0.041666666666666664,1.0714285714285714,1.1428571428571428,0.1469387755102041,0.7142857142857143,0.9890109890109887,0.13333333333333333,1.5294117647058825,4.000000000000001,5.428571428571429,0.44686402491288624
20,167777,"Pears, raw, red anjou",Fruits and Fruit Juices,1.1578947368421053,0.15555555555555556,,1.275,2.2142857142857144,12.0,2.0,0.14285714285714285,1.0555555555555556,0.7142857142857142,0.6227106227106227,0.7142857142857143,2.0,0.19047619047619047,0.8766233766233765,,,1.06,0.5714285714285714,2.3636363636363638,3.5142857142857142,0.5679862306368331,1.75,0.14285714285714285,0.041666666666666664,1.0714285714285714,0.9523809523809523,0.12857142857142861,0.35714285714285715,0.824175824175824,0.13333333333333333,2.2941176470588234,4.7272727272727275,7.000000000000001,0.7261540404834401
21,167778,"Pears, raw, bosc (Includes foods for USDA's Food Distribution Program)",Fruits and Fruit Juices,1.0526315789473684,0.12222222222222222,,1.275,2.392857142857143,12.4,2.0,0.14285714285714285,0.8333333333333334,0.7857142857142856,0.6593406593406592,0.7619047619047619,2.0,0.19047619047619047,0.8225108225108224,,,1.1400000000000001,0.5714285714285714,2.5454545454545454,3.4857142857142858,0.6196213425129088,1.4374999999999998,0.0,0.041666666666666664,1.0714285714285714,1.0476190476190474,0.08265306122448982,0.7142857142857143,0.879120879120879,0.13333333333333333,1.2352941176470589,2.5454545454545454,7.428571428571429,0.7261540404834401
22,167779,"Pears, raw, green anjou (Includes foods for USDA's Food Distribution Program)",Fruits and Fruit Juices,1.1578947368421053,0.15555555555555556,,1.275,2.357142857142857,12.4,2.5714285714285716,0.2857142857142857,1.3333333333333333,0.9285714285714285,0.8058608058608057,0.9523809523809523,2.0,0.2857142857142857,0.8170995670995671,,,0.86,0.7428571428571428,2.3636363636363638,3.6285714285714286,0.7573149741824441,1.3749999999999998,0.0,0.041666666666666664,0.8928571428571428,1.3333333333333335,0.09183673469387757,0.7142857142857143,1.0989010989010988,0.13333333333333333,1.5294117647058825,4.000000000000001,6.142857142857143,0.5585800311411078
23,167780,Prune puree,Fruits and Fruit Juices,3.263157894736842,,0.0,,9.178571428571429,13.2,,,15.555555555555555,,,,,,13.528138528138529,,,8.6,,13.090909090909092,24.34285714285714,3.6144578313253017,,,0.9583333333333334,3.571428571428571,,0.18367346938775514,,,13.333333333333334,,3.909090909090909,,
24,167781,Candied fruit,Fruits and Fruit Juices,1.894736842105263,0.1,0.0,0.55,11.5,6.4,0.0,,0.9444444444444444,,,,1.1428571428571428,,0.0,0.1625,0.2,,,0.9090909090909091,1.6,0.585197934595525,0.0,0.8571428571428571,4.083333333333333,0.0,,0.06428571428571431,,,0.13333333333333333,0.0,0.0,0.42857142857142855,0.2792900155705539
25,167782,"Abiyuch, raw",Fruits and Fruit Juices,0.8421052631578947,0.6666666666666666,,,2.4642857142857144,21.2,,,8.944444444444445,,,,6.857142857142857,,,,,,,8.545454545454545,8.685714285714285,2.581755593803787,,,0.8333333333333334,,,0.09183673469387757,,,0.6666666666666666,,49.18181818181818,,1.7315980965374342
26,167783,"Rowal, raw",Fruits and Fruit Juices,1.5789473684210527,2.5555555555555554,,,3.9642857142857144,24.8,,,12.222222222222223,,,,9.142857142857142,,,,,,,9.454545454545455,3.742857142857143,3.958691910499139,,,0.16666666666666666,,,1.8367346938775513,,,2.533333333333333,,23.454545454545453,,2.4018941339067634
27,167789,"Nance, frozen, unsweetened",Fruits and Fruit Juices,4.842105263157895,0.4444444444444444,,,2.607142857142857,30.0,2.2857142857142856,,2.111111111111111,,,,5.714285714285714,,1.5692640692640691,,,3.6,,1.8181818181818181,6.9714285714285715,1.1359724612736661,1.1249999999999998,0.5714285714285714,0.125,1.3392857142857142,,1.0653061224489797,,,0.5333333333333333,1.2352941176470589,84.0909090909091,17.0,0.5027220280269971
28,167790,"Naranjilla (lulo) pulp, frozen, unsweetened",Fruits and Fruit Juices,0.8421052631578947,3.7,,,0.8928571428571429,4.4,0.8571428571428571,,1.9444444444444444,,,,3.142857142857143,,7.846320346320346,,,4.4,,2.1818181818181817,5.714285714285714,0.7573149741824441,0.0,0.5714285714285714,0.16666666666666666,4.017857142857142,,0.20204081632653065,,,3.7333333333333334,6.294117647058823,2.909090909090909,20.857142857142858,0.5585800311411078
29,167791,Horned melon (Kiwano),Fruits and Fruit Juices,1.368421052631579,0.9777777777777777,,,1.5714285714285714,,0.8571428571428571,,6.277777777777777,,,,11.428571428571429,,3.057359307359307,,,3.66,,6.7272727272727275,3.5142857142857142,3.0636833046471605,0.9375,,0.08333333333333333,2.2321428571428568,,1.1571428571428573,,,0.9333333333333333,3.7058823529411766,4.818181818181818,,2.681184149477317
30,167793,"Apples, raw, fuji, with skin (Includes foods for USDA's Food Distribution Program)",Fruits and Fruit Juices,0.7368421052631579,0.18888888888888888,,0.85,2.25,8.4,0.8571428571428571,,0.5555555555555556,,,,1.4285714285714286,,0.37878787878787884,,,1.02,,2.3636363636363638,3.1142857142857143,0.34423407917383825,1.625,0.0,0.041666666666666664,1.1607142857142856,,0.16530612244897963,,,0.26666666666666666,2.6470588235294117,,1.4285714285714286,0.22343201245644312
31,167808,"Raspberries, puree, seedless",Fruits and Fruit Juices,1.4736842105263157,0.08888888888888889,,,1.4642857142857142,3.6,8.285714285714286,,6.0,,,,4.285714285714286,,2.6515151515151514,0.5375,1.175,6.2,,3.6363636363636362,4.828571428571428,1.755593803786575,6.25,,0.16666666666666666,8.035714285714285,,0.7989795918367348,,,0.26666666666666666,3.5294117647058822,5.818181818181818,,1.0054440560539941
32,167809,"Raspberries, puree, with seeds",Fruits and Fruit Juices,2.4210526315789473,0.2111111111111111,,,1.9642857142857142,17.2,8.571428571428571,,3.8333333333333335,,,,7.142857142857143,,2.489177489177489,0.375,0.7000000000000001,6.2,,5.454545454545454,5.571428571428571,1.8932874354561107,5.625,,0.16666666666666666,7.142857142857142,,0.8908163265306124,,,0.6666666666666666,2.176470588235294,13.272727272727273,,1.7315980965374342
33,168016,"Sweet Potato puffs, frozen, unprepared",Vegetables and Vegetable Products,6.0,,0.0,,5.75,7.6,,,2.2222222222222223,,,,,,,,,,,,7.085714285714285,2.3407917383821,,,10.416666666666666,,,3.287755102040817,,,,,2.0000000000000004,,
34,168106,Papad,Legumes and Legume Products,15.052631578947368,0.044444444444444446,1.3333333333333333,0.1,13.25,74.4,62.57142857142857,102.14285714285714,43.333333333333336,93.07142857142856,77.47252747252747,80.71428571428571,77.42857142857143,35.42857142857143,7.965367965367965,1.4125,25.85,18.34,85.2,70.0,28.571428571428573,43.99311531841653,16.125,11.85714285714286,72.70833333333333,24.732142857142858,84.38095238095237,2.984693877551021,95.0,78.79120879120879,1.7333333333333334,16.76470588235294,0.0,0.5714285714285714,18.991721058797665
35,168147,Vital wheat gluten,Cereal Grains and Pasta,14.947368421052632,0.0,0.0,,13.214285714285714,2.4,0.0,,28.88888888888889,,,,7.142857142857143,,0.0,9.5375,1.2,0.0,,47.27272727272727,2.857142857142857,129.3631669535284,0.0,56.71428571428572,1.2083333333333333,0.0,,1.698979591836735,,,0.0,0.0,0.0,0.0,4.747930264699416
36,168150,"Java-plum, (jambolan), raw",Fruits and Fruit Juices,2.0,,0.0,,2.142857142857143,,,,1.0555555555555556,,,,4.285714285714286,,1.406926406926407,,,,,3.090909090909091,2.257142857142857,1.2392426850258176,0.7499999999999999,,0.5833333333333334,0.5357142857142857,,0.2112244897959184,,,0.0,2.235294117647059,13.0,,
37,168151,"Jujube, raw",Fruits and Fruit Juices,2.210526315789474,,0.0,,2.8214285714285716,,,,2.6666666666666665,,,,2.857142857142857,,4.87012987012987,,,,,4.181818181818182,7.142857142857143,2.0654044750430294,2.5,,0.125,1.7857142857142856,,0.18367346938775514,,,0.26666666666666666,4.764705882352941,62.72727272727273,,0.2792900155705539
38,168153,"Kiwifruit, green, raw",Fruits and Fruit Juices,3.5789473684210527,0.5777777777777777,0.0,1.95,2.1785714285714284,12.0,7.142857142857143,3.857142857142857,1.7222222222222223,3.6428571428571423,2.4175824175824174,2.9047619047619047,4.857142857142857,2.2857142857142856,1.8452380952380953,3.075,1.05,3.66,2.514285714285714,6.181818181818182,8.914285714285715,1.9621342512908777,1.5625,0.2857142857142857,0.125,2.4107142857142856,4.476190476190476,0.47755102040816333,5.357142857142857,3.1318681318681314,0.5333333333333333,3.7058823529411766,84.27272727272727,57.57142857142856,0.782012043597551
39,168154,"Kumquats, raw",Fruits and Fruit Juices,6.526315789473684,0.0,0.0,2.1,2.5357142857142856,26.0,4.857142857142857,,4.777777777777778,,,,5.714285714285714,,2.321428571428571,1.55,1.175,4.16,,3.4545454545454546,5.314285714285714,3.2358003442340797,5.625,0.0,0.4166666666666667,3.303571428571428,,0.7897959183673471,,,2.0,2.1176470588235294,39.90909090909091,0.0,0.9495860529398833
40,168155,"Limes, raw",Fruits and Fruit Juices,3.473684210526316,0.3333333333333333,0.0,1.275,1.0714285714285714,11.2,2.2857142857142856,,3.3333333333333335,,,0.6666666666666667,1.7142857142857142,0.19047619047619047,1.0822510822510822,0.44999999999999996,0.475,4.34,,3.272727272727273,2.914285714285714,1.2048192771084338,1.25,0.5714285714285714,0.08333333333333333,2.6785714285714284,,0.18367346938775514,1.0714285714285714,,0.26666666666666666,2.5294117647058822,26.454545454545453,0.8571428571428571,0.6144380342552186
41,168163,"Quinces, raw",Fruits and Fruit Juices,1.1578947368421053,,0.0,,2.0357142857142856,7.6,0.8571428571428571,,3.888888888888889,,,,2.2857142857142856,,1.0822510822510822,0.6125,0.0,1.6199999999999999,,3.090909090909091,5.628571428571429,0.6884681583476765,1.875,0.8571428571428571,0.16666666666666666,1.7857142857142856,,0.09183673469387757,,,0.26666666666666666,2.3529411764705883,13.636363636363637,,0.22343201245644312
42,168164,"Raisins, golden, seedless",Fruits and Fruit Juices,6.7368421052631575,0.0,0.0,2.775,10.75,13.2,0.8571428571428571,,5.444444444444445,,,,10.0,,6.179653679653679,0.475,0.475,,,18.363636363636363,21.314285714285713,5.645438898450947,11.9375,1.0,1.0,0.7142857142857143,,0.18367346938775514,,,0.0,19.000000000000004,2.909090909090909,5.0,2.0667461152220987
43,168165,"Raisins, dark, seedless (Includes foods for USDA's Food Distribution Program)",Fruits and Fruit Juices,6.526315789473684,0.0,0.0,2.775,10.678571428571429,18.0,1.4285714285714286,,9.944444444444445,,,,10.285714285714286,,4.145021645021645,0.4875,0.35000000000000003,,,17.818181818181817,21.257142857142856,5.679862306368331,7.8125,0.8571428571428571,1.0833333333333333,9.464285714285714,,0.2295918367346939,,,0.0,10.235294117647058,2.090909090909091,5.0,2.0108881121079882
44,168166,"Raisins, seeded",Fruits and Fruit Juices,2.9473684210526314,,0.0,,10.571428571428571,27.2,0.8571428571428571,,14.38888888888889,,,,8.571428571428571,,6.028138528138529,1.525,0.9249999999999999,0.9,,13.636363636363637,23.571428571428573,4.337349397590362,11.374999999999998,0.8571428571428571,1.1666666666666667,10.0,,0.49591836734693884,,,0.0,11.058823529411766,4.909090909090909,,1.0054440560539941
45,168169,"Rhubarb, frozen, cooked, with sugar",Fruits and Fruit Juices,15.263157894736842,0.4888888888888889,0.0,1.1,4.142857142857143,8.0,1.4285714285714286,,1.1666666666666667,,,,3.4285714285714284,,1.0822510822510822,0.3125,0.0,1.0,,1.4545454545454546,2.742857142857143,0.6712564543889846,1.4374999999999998,1.2857142857142858,0.041666666666666664,1.6071428571428568,,0.045918367346938785,,,0.5333333333333333,1.1764705882352942,3.0,30.142857142857142,0.44686402491288624
46,168170,"Roselle, raw",Fruits and Fruit Juices,22.63157894736842,,0.0,,1.75,,,,8.222222222222221,,,,14.571428571428571,,1.6774891774891774,,,,,6.7272727272727275,5.942857142857143,1.6523235800344236,1.75,,0.25,0.982142857142857,,0.5877551020408164,,,1.8666666666666667,,10.909090909090908,,
47,168171,"Rose-apples, raw",Fruits and Fruit Juices,3.0526315789473686,,0.0,,0.8928571428571429,,,,0.38888888888888895,,,,1.4285714285714286,,4.329004329004329,,,,,1.4545454545454546,3.5142857142857142,1.0327022375215147,1.875,,0.0,1.7857142857142856,,0.2755102040816327,,,2.2666666666666666,,20.272727272727273,,0.33514801868466465
48,168173,"Strawberries, frozen, unsweetened (Includes foods for USDA's Food Distribution Program)",Fruits and Fruit Juices,1.6842105263157894,0.3,0.0,1.425,1.25,8.4,4.857142857142857,1.1428571428571428,4.166666666666667,0.7142857142857142,0.8058608058608057,0.8095238095238095,3.142857142857143,0.09523809523809523,2.5,0.3875,0.575,2.16,0.6857142857142856,2.3636363636363638,4.228571428571429,0.7401032702237522,2.3124999999999996,1.0,0.08333333333333333,1.964285714285714,1.2380952380952381,0.10102040816326532,1.7857142857142856,0.6593406593406592,0.26666666666666666,1.647058823529412,37.45454545454545,3.1428571428571432,0.7261540404834401
49,168174,"Strawberries, frozen, sweetened, sliced",Fruits and Fruit Juices,1.1578947368421053,0.15555555555555556,0.0,1.15,3.4285714285714284,7.6,4.285714285714286,1.4285714285714284,3.2777777777777777,0.857142857142857,0.9890109890109889,1.0476190476190474,2.0,0.09523809523809523,2.16991341991342,0.46249999999999997,0.675,2.16,0.857142857142857,2.3636363636363638,2.8,0.9122203098106714,3.1874999999999996,1.0,0.125,1.4285714285714286,1.5238095238095237,0.11938775510204083,2.142857142857143,0.824175824175824,0.13333333333333333,1.7647058823529411,37.63636363636363,2.4285714285714284,0.33514801868466465
50,168175,"Sugar-apples, (sweetsop), raw",Fruits and Fruit Juices,2.526315789473684,,0.0,,3.357142857142857,17.6,4.0,,3.3333333333333335,,,2.619047619047619,6.0,0.6666666666666667,4.778138528138528,0.5,0.0,4.5200000000000005,,5.818181818181818,7.057142857142857,3.545611015490534,7.0625,0.8571428571428571,0.375,9.821428571428571,,0.2663265306122449,3.571428571428571,,0.0,11.764705882352942,32.99999999999999,,0.5585800311411078
51,168176,"Feijoa, raw",Fruits and Fruit Juices,1.7894736842105263,0.022222222222222223,0.0,,2.1785714285714284,25.6,6.571428571428571,1.2857142857142854,0.7777777777777779,1.357142857142857,1.0256410256410255,1.8095238095238093,2.5714285714285716,0.6666666666666667,1.5963203463203464,1.3375,0.7250000000000001,4.66,1.0857142857142856,3.4545454545454546,4.914285714285715,1.2220309810671257,1.1249999999999998,,0.125,0.5357142857142857,1.8095238095238093,0.3857142857142858,2.5,1.0439560439560438,0.0,3.9411764705882355,29.90909090909091,5.0,0.33514801868466465
52,168177,"Pears, asian, raw",Fruits and Fruit Juices,0.42105263157894735,0.0,0.0,1.275,1.5,14.4,2.2857142857142856,0.7142857142857142,0.0,1.0,0.9157509157509156,0.8095238095238095,2.2857142857142856,0.5714285714285714,1.185064935064935,0.675,0.025,1.4000000000000001,0.7428571428571428,2.0,3.4571428571428573,0.8605851979345956,0.625,0.14285714285714285,0.0,0.8035714285714284,1.2380952380952381,0.2112244897959184,1.7857142857142856,0.9890109890109887,0.0,1.2941176470588234,3.4545454545454546,6.428571428571429,0.11171600622822156
53,168191,"Dates, medjool",Fruits and Fruit Juices,6.7368421052631575,0.9888888888888889,,2.475,9.892857142857142,26.8,4.285714285714286,4.142857142857143,5.0,3.214285714285714,3.0036630036630036,2.5714285714285716,15.428571428571429,1.619047619047619,8.712121212121211,,,16.1,2.7428571428571424,11.272727272727273,19.885714285714286,3.115318416523236,3.75,,0.041666666666666664,4.4642857142857135,4.0,0.13775510204081634,2.5,3.626373626373626,0.9333333333333333,14.647058823529411,0.0,3.857142857142857,2.4577521370208744
54,168192,"Durian, raw or frozen",Fruits and Fruit Juices,0.631578947368421,0.25555555555555554,0.0,,5.25,15.2,10.285714285714286,,2.388888888888889,,,,8.571428571428571,,5.811688311688312,,,4.6,,7.090909090909091,12.457142857142857,2.530120481927711,12.5,,0.08333333333333333,33.39285714285714,,4.894897959183674,,,0.26666666666666666,18.58823529411765,17.90909090909091,,1.564024087195102
55,168193,"Pineapple, raw, traditional varieties",Fruits and Fruit Juices,1.368421052631579,0.34444444444444444,,1.4,1.6071428571428572,,3.142857142857143,,1.3888888888888888,,,,3.4285714285714284,,2.5432900432900434,,,3.8600000000000003,,1.6363636363636365,3.5714285714285716,0.9466437177280553,1.8125000000000002,0.0,0.041666666666666664,6.9642857142857135,,0.11938775510204083,,,0.4,6.235294117647059,15.363636363636362,1.0,0.44686402491288624
56,168194,"Pineapple, raw, extra sweet variety",Fruits and Fruit Juices,1.368421052631579,0.37777777777777777,,1.35,1.8214285714285714,5.6,5.428571428571429,,1.5555555555555558,,,,3.4285714285714284,,2.7435064935064934,,,4.34,,1.4545454545454546,3.085714285714286,0.9122203098106714,2.0625,0.14285714285714285,0.041666666666666664,7.142857142857142,,0.10102040816326532,,,0.4,6.705882352941177,51.27272727272727,1.0,0.6702960373693293
57,168195,"Clementines, raw",Fruits and Fruit Juices,3.1578947368421053,,,3.5,1.6785714285714286,6.8,6.857142857142857,,0.7777777777777779,,,,2.857142857142857,,3.4415584415584415,,,3.02,,3.8181818181818183,5.057142857142857,1.4629948364888126,1.875,0.14285714285714285,0.041666666666666664,7.678571428571428,,0.13775510204081634,,,,4.411764705882353,44.36363636363637,0.0,0.33514801868466465
58,168201,"Apples, raw, red delicious, with skin (Includes foods for USDA's Food Distribution Program)",Fruits and Fruit Juices,0.631578947368421,0.3,,0.85,2.107142857142857,9.2,0.8571428571428571,0.7142857142857142,0.6111111111111112,0.4285714285714285,0.4761904761904761,0.6190476190476191,1.4285714285714286,0.09523809523809523,0.40584415584415584,,,1.02,0.39999999999999997,2.1818181818181817,2.9714285714285715,0.4647160068846816,1.5625,0.0,0.041666666666666664,1.3392857142857142,0.5714285714285714,0.18367346938775514,0.35714285714285715,0.6593406593406592,0.4,2.0000000000000004,,3.7142857142857144,0.22343201245644312
59,168202,"Apples, raw, golden delicious, with skin",Fruits and Fruit Juices,0.631578947368421,0.2777777777777778,,1.275,2.0357142857142856,9.6,0.8571428571428571,0.7142857142857142,0.7222222222222222,0.4285714285714285,0.5128205128205128,0.6190476190476191,1.4285714285714286,0.09523809523809523,0.5086580086580087,,,1.48,0.39999999999999997,1.8181818181818181,2.857142857142857,0.4819277108433736,1.625,0.0,0.08333333333333333,1.6071428571428568,0.5714285714285714,0.13775510204081634,0.35714285714285715,0.7142857142857142,0.4,3.0,,2.5714285714285716,0.22343201245644312
60,168203,"Apples, raw, granny smith, with skin (Includes foods for USDA's Food Distribution Program)",Fruits and Fruit Juices,0.5263157894736842,0.6555555555555556,,0.85,2.0714285714285716,11.2,0.8571428571428571,,0.8333333333333334,,,,1.4285714285714286,,0.6818181818181818,,,1.12,,2.1818181818181817,3.4285714285714284,0.7573149741824441,1.5625,0.14285714285714285,0.041666666666666664,1.6964285714285712,,0.17448979591836739,,,0.6666666666666666,2.176470588235294,,4.571428571428571,0.22343201245644312
61,168204,"Apples, raw, gala, with skin (Includes foods for USDA's Food Distribution Program)",Fruits and Fruit Juices,0.7368421052631579,0.12222222222222222,,0.85,2.0357142857142856,9.2,0.8571428571428571,,0.6666666666666666,,,,1.4285714285714286,,0.40584415584415584,,,1.1,,2.0,3.085714285714286,0.4302925989672978,1.8125000000000002,0.0,0.041666666666666664,1.5178571428571428,,0.11020408163265308,,,0.13333333333333333,2.882352941176471,,1.8571428571428572,0.2792900155705539
62,168209,"Raspberries, frozen, red, unsweetened",Fruits and Fruit Juices,2.526315789473684,0.1111111111111111,0.0,,2.0,17.2,8.0,,4.222222222222222,,,,6.571428571428571,,3.6525974025974026,0.1875,0.475,8.040000000000001,,5.454545454545454,5.257142857142857,1.9793459552495696,6.25,,0.16666666666666666,7.946428571428571,,0.7438775510204083,,,0.5333333333333333,3.647058823529412,16.000000000000004,,1.7315980965374342
63,168211,"Kiwifruit, ZESPRI SunGold, raw",Fruits and Fruit Juices,1.7894736842105263,0.15555555555555556,0.0,0.475,2.25,5.6,8.857142857142858,,1.1666666666666667,,,,3.4285714285714284,,1.25,0.75,1.075,2.4,,4.545454545454546,9.0,1.755593803786575,4.624999999999999,0.5714285714285714,0.125,0.0,,0.25714285714285723,,,0.13333333333333333,4.647058823529412,146.63636363636365,8.714285714285714,0.44686402491288624
64,168215,"Plantains, green, raw",Fruits and Fruit Juices,0.21052631578947367,,,,5.428571428571429,8.8,8.0,,4.166666666666667,,,,11.714285714285714,,2.9761904761904767,0.3125,0.15,10.6,,5.636363636363637,12.314285714285715,2.151462994836489,6.25,,0.08333333333333333,8.928571428571427,,0.06428571428571431,,,,4.11764705882353,18.363636363636363,,1.0054440560539941
65,168216,"Plantains, green, boiled",Fruits and Fruit Juices,0.3157894736842105,,,,4.321428571428571,10.4,13.714285714285714,8.571428571428571,1.6666666666666667,1.4285714285714284,1.4652014652014649,2.380952380952381,8.0,0.6666666666666667,2.1103896103896105,0.65,0.65,7.6,1.714285714285714,4.363636363636363,8.257142857142858,1.8760757314974186,4.0625,0.0,0.08333333333333333,4.4642857142857135,1.9047619047619047,0.07346938775510205,3.571428571428571,1.0989010989010988,,12.941176470588236,8.272727272727273,5.428571428571429,0.782012043597551
66,168384,"Alfalfa seeds, sprouted, raw",Vegetables and Vegetable Products,3.3684210526315788,0.9666666666666667,0.0,3.6,0.8214285714285714,7.6,10.285714285714286,,5.333333333333333,10.214285714285712,9.78021978021978,10.19047619047619,7.714285714285714,,2.6028138528138527,2.9250000000000003,4.375,11.26,,12.727272727272727,2.257142857142857,6.867469879518073,7.874999999999999,0.8571428571428571,0.25,6.785714285714285,12.761904761904761,0.6336734693877552,,7.9670329670329645,1.0666666666666667,2.0000000000000004,7.454545454545453,43.57142857142857,5.138936286498192
67,168385,"Amaranth leaves, raw",Vegetables and Vegetable Products,22.63157894736842,,0.0,,0.8214285714285714,,24.285714285714285,7.428571428571428,12.888888888888888,8.499999999999998,7.1428571428571415,6.0476190476190474,15.714285714285714,3.428571428571428,3.5606060606060606,1.8124999999999998,0.05,1.28,7.6,9.090909090909092,17.457142857142856,4.23407917383821,9.875,1.2857142857142858,0.8333333333333334,2.4107142857142856,9.428571428571429,0.30306122448979594,11.071428571428571,7.5274725274725265,19.466666666666665,11.294117647058824,39.36363636363637,1628.5714285714287,5.02722028026997
68,168386,"Artichokes, (globe or french), cooked, boiled, drained, without salt",Vegetables and Vegetable Products,2.210526315789474,0.08888888888888889,0.0,8.6,1.8928571428571428,22.8,25.428571428571427,,3.388888888888889,,,,12.0,,6.006493506493507,1.3125,0.95,4.8,,13.272727272727273,8.17142857142857,4.974182444061962,5.5625,0.2857142857142857,2.5,4.4642857142857135,,0.3122448979591837,,,0.13333333333333333,4.764705882352941,6.7272727272727275,21.142857142857142,2.234320124564431
69,168387,"Artichokes, (globe or french), frozen, unprepared",Vegetables and Vegetable Products,2.0,,0.0,,1.3571428571428572,15.6,36.0,,2.7777777777777777,,,,7.714285714285714,,4.653679653679654,1.625,1.225,3.7600000000000002,,10.545454545454545,7.085714285714285,4.526678141135973,8.75,0.2857142857142857,1.9583333333333333,5.178571428571429,,0.39489795918367354,,,1.0666666666666667,4.8235294117647065,4.818181818181818,,1.787456099651545
70,168388,"Artichokes, (globe or french), frozen, cooked, boiled, drained, without salt",Vegetables and Vegetable Products,2.210526315789474,0.07777777777777778,0.0,7.3,1.6071428571428572,18.4,34.0,,3.1111111111111116,,,,8.857142857142858,,4.951298701298701,1.9625,1.4749999999999999,4.0,,11.090909090909092,7.542857142857143,5.352839931153185,9.875,0.2857142857142857,2.2083333333333335,5.535714285714286,,0.4591836734693878,,,0.13333333333333333,5.117647058823529,4.545454545454546,18.0,2.0108881121079882
71,168389,"Asparagus, raw",Vegetables and Vegetable Products,2.526315789473684,4.988888888888889,0.0,4.0,0.7142857142857143,8.4,14.857142857142858,7.0,11.88888888888889,5.357142857142857,4.688644688644688,4.9523809523809526,4.0,2.9523809523809526,5.292207792207792,0.5,0.25,5.48,4.285714285714286,9.454545454545455,5.771428571428571,3.7865748709122213,8.812499999999998,3.285714285714285,0.08333333333333333,12.76785714285714,8.0,0.11020408163265308,9.642857142857142,6.3186813186813175,5.066666666666666,5.352941176470588,5.090909090909091,59.42857142857143,3.016332168161982
72,168390,"Asparagus, cooked, boiled, drained",Vegetables and Vegetable Products,2.4210526315789473,6.711111111111111,0.0,6.525,0.7857142857142857,8.0,42.57142857142857,7.57142857142857,5.055555555555555,5.857142857142858,5.128205128205128,5.380952380952381,4.0,3.238095238095238,5.865800865800866,0.95,0.7250000000000001,4.5,4.685714285714286,9.818181818181818,6.4,4.130808950086059,8.6875,8.714285714285714,0.5833333333333334,14.464285714285712,8.761904761904761,0.20204081632653065,10.357142857142858,6.868131868131867,6.666666666666667,4.647058823529412,7.0,72.28571428571429,3.3514801868466466
73,168391,"Balsam-pear (bitter gourd), leafy tips, raw",Vegetables and Vegetable Products,8.842105263157896,,0.0,,1.0714285714285714,,36.57142857142857,,11.333333333333334,,,,24.285714285714285,,6.006493506493507,,,1.26,,18.0,17.37142857142857,9.122203098106713,22.624999999999996,1.2857142857142858,0.4583333333333333,16.16071428571428,,0.6336734693877552,,,11.6,47.235294117647065,80.0,,1.6757400934233233
74,168392,"Balsam-pear (bitter gourd), leafy tips, cooked, boiled, drained, without salt",Vegetables and Vegetable Products,4.421052631578948,16.11111111111111,0.0,5.25,1.2142857142857142,7.6,25.142857142857142,,5.666666666666667,,,,26.857142857142858,,5.384199134199134,0.15,1.625,1.2,,14.0,17.2,6.196213425129089,17.624999999999996,1.2857142857142858,0.5416666666666666,13.124999999999998,,0.18367346938775514,,,16.133333333333333,44.70588235294118,50.54545454545455,233.0,1.6757400934233233
75,168393,"Balsam-pear (bitter gourd), pods, raw",Vegetables and Vegetable Products,2.0,2.111111111111111,0.0,,0.6071428571428571,11.2,20.571428571428573,,2.388888888888889,,,,4.857142857142857,,2.1645021645021645,,,4.24,,5.636363636363637,8.457142857142857,1.7211703958691913,2.5,0.2857142857142857,0.20833333333333334,3.571428571428571,,0.15612244897959185,,,3.2,2.5294117647058822,76.36363636363636,,4.468640249128862
76,168394,"Balsam-pear (bitter gourd), pods, cooked, boiled, drained, without salt",Vegetables and Vegetable Products,0.9473684210526315,0.7555555555555555,0.0,2.7,0.6785714285714286,8.0,14.571428571428571,,2.111111111111111,,,,4.571428571428571,,1.5151515151515154,0.975,0.0,3.8600000000000003,,6.545454545454546,9.114285714285714,1.4457831325301207,3.3124999999999996,0.2857142857142857,0.25,4.553571428571428,,0.16530612244897963,,,0.8,2.4117647058823533,30.0,6.857142857142857,4.30106623978653
77,168395,"Beans, kidney, mature seeds, sprouted, cooked, boiled, drained, without salt",Vegetables and Vegetable Products,2.0,,0.0,,1.1785714285714286,,13.428571428571429,19.285714285714285,4.944444444444445,15.285714285714283,12.710622710622706,13.095238095238097,6.571428571428571,4.761904761904762,16.363636363636363,1.5375,4.8500000000000005,7.62,13.885714285714284,6.909090909090909,5.542857142857143,8.313253012048193,17.0625,0.8571428571428571,0.2916666666666667,32.32142857142856,19.333333333333332,0.5326530612244899,17.857142857142854,13.626373626373624,0.0,5.470588235294119,32.36363636363637,,2.4577521370208744
78,168396,"Lima beans, immature seeds, raw",Vegetables and Vegetable Products,3.5789473684210527,1.4,0.0,10.0,4.035714285714286,19.6,9.714285714285714,33.142857142857146,17.444444444444443,31.428571428571427,19.706959706959704,21.523809523809526,16.571428571428573,6.476190476190476,7.976190476190476,3.5374999999999996,3.4000000000000004,4.9399999999999995,19.257142857142856,24.727272727272727,13.342857142857143,11.772805507745268,6.437499999999999,2.5714285714285716,0.3333333333333333,19.374999999999996,27.619047619047613,0.7897959183673471,32.14285714285714,23.461538461538456,1.3333333333333333,12.0,21.272727272727273,8.0,4.356924242900641
79,168398,"Corn, sweet, yellow, frozen, kernels cut off cob, unprepared (Includes foods for USDA's Food Distribution Program)",Vegetables and Vegetable Products,0.42105263157894735,0.5444444444444444,0.0,6.0,3.142857142857143,8.4,10.285714285714286,11.285714285714285,2.3333333333333335,6.57142857142857,13.296703296703294,13.047619047619047,5.142857142857143,6.3809523809523805,9.41017316017316,4.4375,0.27499999999999997,7.220000000000001,7.7142857142857135,12.727272727272727,6.085714285714285,5.197934595524957,4.25,1.0,0.125,7.410714285714286,8.38095238095238,0.716326530612245,9.642857142857142,7.5274725274725265,1.3333333333333333,9.882352941176471,5.818181818181818,0.42857142857142855,2.1226041183362097
80,168399,"Corn, sweet, yellow, frozen, kernels cut off cob, boiled, drained, without salt",Vegetables and Vegetable Products,0.3157894736842105,0.5555555555555556,0.0,5.5,2.892857142857143,9.6,10.0,9.571428571428571,2.611111111111111,9.785714285714285,9.194139194139193,7.285714285714285,8.0,6.476190476190476,7.094155844155844,3.8625,0.22499999999999998,3.02,7.485714285714286,14.363636363636363,6.6571428571428575,4.388984509466437,3.875,1.0,0.041666666666666664,2.6785714285714284,10.952380952380953,0.6153061224489796,11.071428571428571,9.175824175824173,1.3333333333333333,5.8235294117647065,3.1818181818181817,0.42857142857142855,3.519054196188979
81,168400,"Corn, sweet, yellow, frozen, kernels on cob, unprepared",Vegetables and Vegetable Products,0.42105263157894735,0.6777777777777778,0.0,,3.5,11.2,11.428571428571429,12.857142857142856,3.7777777777777777,9.428571428571429,12.967032967032965,6.6190476190476195,9.142857142857142,6.476190476190476,9.096320346320345,4.45,0.27499999999999997,5.859999999999999,8.685714285714285,15.818181818181818,8.4,5.645438898450947,5.499999999999999,1.1428571428571428,0.20833333333333334,9.19642857142857,12.571428571428571,0.716326530612245,8.214285714285714,10.329670329670328,1.6,10.529411764705882,6.545454545454546,0.5714285714285714,3.9100602179877546
82,168401,"Corn, sweet, yellow, frozen, kernels on cob, cooked, boiled, drained, without salt",Vegetables and Vegetable Products,0.3157894736842105,0.6444444444444445,0.0,,3.357142857142857,11.2,8.857142857142858,12.285714285714285,3.388888888888889,8.928571428571427,12.307692307692307,6.285714285714286,8.285714285714286,6.19047619047619,8.208874458874458,4.2250000000000005,0.25,5.0,8.285714285714283,13.636363636363637,7.171428571428572,5.352839931153185,4.3125,1.0,0.16666666666666666,15.535714285714283,11.904761904761905,0.679591836734694,7.857142857142856,9.835164835164832,1.6,13.176470588235295,4.363636363636363,0.5714285714285714,3.519054196188979
83,168402,"Cowpeas (blackeyes), immature seeds, cooked, boiled, drained, without salt",Vegetables and Vegetable Products,13.473684210526315,5.277777777777778,0.0,8.225,3.4642857142857144,20.0,36.285714285714285,14.714285714285712,6.222222222222223,12.142857142857142,8.278388278388277,9.95238095238095,14.857142857142858,4.285714285714286,7.591991341991342,1.1625,1.7000000000000002,3.08,9.942857142857141,9.272727272727273,11.942857142857143,5.456110154905336,9.249999999999998,3.5714285714285716,0.16666666666666666,9.017857142857144,11.238095238095237,0.34897959183673477,13.214285714285712,10.109890109890108,5.333333333333333,3.823529411764706,2.0000000000000004,38.0,5.7533743207534105
84,168403,"Cowpeas (blackeyes), immature seeds, frozen, unprepared",Vegetables and Vegetable Products,2.736842105263158,,0.0,,4.964285714285714,20.0,53.42857142857143,41.428571428571416,13.055555555555555,34.357142857142854,23.443223443223438,28.095238095238095,15.714285714285714,12.19047619047619,4.388528138528139,2.1,3.05,4.74,28.171428571428567,22.181818181818183,12.6,15.456110154905337,4.437499999999999,5.142857142857143,0.25,21.874999999999996,31.904761904761905,0.6428571428571429,36.78571428571428,28.571428571428566,0.5333333333333333,6.235294117647059,3.6363636363636362,,8.825564492029503
85,168404,"Cowpeas (blackeyes), immature seeds, frozen, cooked, boiled, drained, without salt",Vegetables and Vegetable Products,2.4210526315789473,0.5,0.0,11.4,4.714285714285714,25.6,40.285714285714285,39.14285714285714,11.777777777777779,32.5,22.197802197802194,26.571428571428573,14.285714285714286,11.523809523809524,3.939393939393939,1.9875,2.9000000000000004,4.26,26.628571428571426,22.181818181818183,10.714285714285714,14.612736660929434,4.0,4.857142857142857,0.20833333333333334,23.21428571428571,30.095238095238095,0.6061224489795919,35.0,27.03296703296703,0.5333333333333333,5.588235294117648,2.3636363636363638,52.57142857142856,7.931836442203731
86,168405,"Cowpeas, young pods with seeds, raw",Vegetables and Vegetable Products,6.842105263157895,8.822222222222223,0.0,5.5,1.5714285714285714,13.2,15.142857142857142,,5.555555555555555,,,,16.571428571428573,,6.4935064935064934,0.8999999999999999,1.3,18.9,,11.818181818181818,6.142857142857143,5.679862306368331,8.75,1.2857142857142858,0.16666666666666666,13.392857142857142,,0.2755102040816327,,,9.066666666666666,10.176470588235293,30.0,45.0,1.8991721058797666
87,168406,"Cowpeas, leafy tips, cooked, boiled, drained, without salt",Vegetables and Vegetable Products,7.2631578947368425,,0.0,,0.7857142857142857,,17.142857142857142,,6.055555555555556,,,,17.714285714285715,,5.454545454545454,0.3,0.42500000000000004,0.9199999999999999,,7.636363636363637,10.028571428571428,8.037865748709123,8.874999999999998,1.2857142857142858,0.25,22.857142857142858,,0.09183673469387757,,,3.8666666666666667,7.9411764705882355,16.727272727272727,,1.3405920747386586
88,168407,"Cress, garden, raw",Vegetables and Vegetable Products,8.526315789473685,46.111111111111114,0.0,4.875,1.1428571428571428,4.4,22.857142857142858,,7.222222222222222,,,,10.857142857142858,,5.411255411255411,1.9,1.9,4.84,,13.818181818181818,17.314285714285713,4.475043029259897,16.25,1.2857142857142858,0.5833333333333334,7.142857142857142,,0.6428571428571429,,,46.13333333333333,14.529411764705882,62.72727272727273,774.1428571428571,1.284734071624548
89,168408,"Cress, garden, cooked, boiled, drained, without salt",Vegetables and Vegetable Products,6.421052631578948,31.0,0.0,3.45,0.8214285714285714,2.8,10.571428571428571,,4.444444444444445,,,,7.428571428571429,,4.329004329004329,1.625,1.625,3.2600000000000002,,8.727272727272727,10.085714285714285,3.2702237521514634,10.0,1.2857142857142858,0.3333333333333333,5.357142857142857,,0.5510204081632654,,,30.933333333333334,9.235294117647058,20.90909090909091,547.7142857142857,0.8378700467116617
90,168409,"Cucumber, with peel, raw",Vegetables and Vegetable Products,1.6842105263157894,0.5,0.0,1.5,0.5357142857142857,2.0,2.0,1.4285714285714284,1.5555555555555558,1.5,1.0622710622710623,1.3809523809523812,3.7142857142857144,0.5714285714285714,0.5303030303030303,0.35000000000000003,0.125,5.180000000000001,1.0857142857142856,4.363636363636363,4.2,1.1187607573149743,2.0625,0.42857142857142855,0.08333333333333333,2.4107142857142856,1.8095238095238093,0.10102040816326532,1.7857142857142856,1.2087912087912085,0.6666666666666666,2.3529411764705883,2.5454545454545454,23.428571428571427,1.1171600622822155
91,168410,"Edamame, frozen, unprepared",Vegetables and Vegetable Products,6.315789473684211,,,14.0,3.892857142857143,19.2,86.57142857142857,35.99999999999999,11.722222222222221,20.21428571428571,25.714285714285705,33.42857142857142,17.428571428571427,12.666666666666666,5.005411255411255,,,10.7,26.28571428571428,29.272727272727273,13.771428571428572,19.311531841652325,16.5625,,0.25,13.392857142857142,29.71428571428571,4.34387755102041,42.49999999999999,16.758241758241756,,7.9411764705882355,8.818181818181817,44.857142857142854,7.373256411062623
92,168411,"Edamame, frozen, prepared",Vegetables and Vegetable Products,6.631578947368421,1.9444444444444444,0.0,14.075,4.321428571428571,20.8,88.85714285714286,38.142857142857146,12.61111111111111,21.428571428571427,27.289377289377285,35.476190476190474,18.285714285714285,13.428571428571425,4.951298701298701,22.400000000000002,8.95,7.9,27.88571428571428,30.727272727272727,12.457142857142857,20.499139414802066,9.6875,1.1428571428571428,0.25,17.857142857142854,31.523809523809526,4.775510204081633,44.99999999999999,17.8021978021978,2.0,5.882352941176471,5.545454545454546,38.142857142857146,7.652546426633177
93,168412,"Endive, raw",Vegetables and Vegetable Products,5.473684210526316,14.444444444444445,0.0,4.2,0.6071428571428571,12.4,40.57142857142857,3.285714285714285,4.611111111111111,5.1428571428571415,3.5897435897435894,3.0,4.285714285714286,1.3333333333333335,2.1645021645021645,0.9375,0.325,18.0,3.028571428571428,5.090909090909091,8.971428571428572,2.151462994836489,4.6875,0.2857142857142857,0.9166666666666666,7.142857142857142,4.761904761904762,0.18367346938775514,1.7857142857142856,3.461538461538461,14.4,1.1764705882352942,5.909090909090909,330.0,4.412782246014752
94,168414,"Gourd, dishcloth (towelgourd), raw",Vegetables and Vegetable Products,2.1052631578947367,,0.0,,0.7142857142857143,4.4,2.0,,2.0,,,,4.0,,2.1645021645021645,1.0875,,4.36,,5.818181818181818,3.9714285714285715,2.0654044750430294,3.75,0.2857142857142857,0.125,4.4642857142857135,,0.18367346938775514,,,,2.5294117647058822,10.909090909090908,1.0,0.3910060217987755
95,168415,"Gourd, dishcloth (towelgourd), cooked, boiled, drained, without salt",Vegetables and Vegetable Products,0.9473684210526315,,0.0,,2.0,11.6,3.4285714285714284,,2.0,,,,5.714285714285714,,1.406926406926407,1.8499999999999999,,10.02,,5.636363636363637,12.942857142857143,1.1359724612736661,2.625,0.2857142857142857,0.875,4.107142857142857,,0.3122448979591837,,,,5.8235294117647065,5.181818181818182,2.4285714285714284,0.9495860529398833
96,168416,"Drumstick leaves, raw",Vegetables and Vegetable Products,19.473684210526315,,0.0,,2.2857142857142856,8.0,11.428571428571429,28.0,22.22222222222222,32.214285714285715,28.974358974358974,25.571428571428573,12.0,11.714285714285715,12.012987012987015,,,2.5,27.828571428571422,20.363636363636363,9.628571428571428,16.179001721170398,41.25,1.2857142857142858,0.375,22.94642857142857,39.14285714285714,1.2857142857142858,51.428571428571416,33.57142857142857,50.4,70.58823529411765,47.0,,3.3514801868466466
97,168417,"Drumstick leaves, cooked, boiled, drained, without salt",Vegetables and Vegetable Products,15.894736842105264,46.75555555555555,0.0,5.25,2.142857142857143,8.0,6.571428571428571,15.714285714285714,12.888888888888888,18.07142857142857,16.227106227106223,14.333333333333332,9.714285714285714,6.571428571428571,10.795454545454545,0.1875,0.0,2.04,15.599999999999998,12.181818181818182,9.82857142857143,9.070567986230637,31.812499999999996,1.2857142857142858,0.375,19.82142857142857,21.904761904761905,0.8540816326530614,28.928571428571423,18.79120879120879,46.8,54.64705882352941,28.181818181818183,154.28571428571428,2.737042152591428
98,168419,"Jute, potherb, raw",Vegetables and Vegetable Products,21.894736842105264,,0.0,,1.2142857142857142,,35.142857142857146,15.714285714285714,26.444444444444443,15.785714285714285,14.212454212454212,10.428571428571427,18.285714285714285,6.19047619047619,6.818181818181818,1.4625000000000001,0.05,1.44,12.114285714285712,15.090909090909092,15.971428571428572,8.00344234079174,34.125,1.2857142857142858,0.3333333333333333,11.875,15.61904761904762,0.2295918367346939,10.714285714285714,13.626373626373624,37.06666666666667,35.294117647058826,33.63636363636363,,4.412782246014752
99,168420,"Jute, potherb, cooked, boiled, drained, without salt",Vegetables and Vegetable Products,22.210526315789473,34.56666666666667,0.0,3.2,1.3214285714285714,8.0,29.714285714285715,12.428571428571427,17.444444444444443,12.499999999999998,11.208791208791206,8.238095238095237,17.714285714285715,4.857142857142857,4.816017316017316,1.175,0.05,1.44,9.6,13.090909090909092,15.714285714285714,6.3339070567986235,11.999999999999998,1.2857142857142858,0.4583333333333333,8.124999999999998,12.38095238095238,0.18367346938775514,8.571428571428571,10.769230769230768,34.53333333333333,33.52941176470588,30.0,154.28571428571428,4.412782246014752
100,168421,"Kale, raw",Vegetables and Vegetable Products,26.736842105263158,31.92222222222222,0.0,0.125,1.25,16.4,17.714285714285715,24.57142857142857,8.88888888888889,12.499999999999998,7.509157509157508,8.333333333333332,9.428571428571429,2.7619047619047623,6.3852813852813854,3.6374999999999997,9.45,7.4,8.571428571428571,10.0,9.942857142857143,5.025817555938039,21.687499999999996,1.2857142857142858,2.2083333333333335,10.089285714285714,12.476190476190476,1.3683673469387758,12.5,8.736263736263735,32.13333333333333,8.647058823529411,84.9090909090909,556.5714285714286,2.1784621214503206
101,168422,"Mushrooms, Chanterelle, raw",Vegetables and Vegetable Products,1.5789473684210527,,,,1.1428571428571428,15.2,0.5714285714285714,,19.27777777777778,,,,3.7142857142857144,,22.104978354978353,,,21.5,,10.363636363636363,14.457142857142857,2.564543889845095,13.4375,3.1428571428571432,0.375,1.3392857142857142,,0.4867346938775511,,,,2.5882352941176467,,,3.9659182211018655
102,168423,"Mushrooms, morel, raw",Vegetables and Vegetable Products,4.526315789473684,0.0,,,1.1071428571428572,11.2,2.5714285714285716,,67.66666666666667,,,,5.428571428571429,,12.186147186147185,2.6875,0.0,8.8,,35.27272727272727,11.742857142857142,5.370051635111877,12.8125,3.1428571428571432,0.875,6.160714285714286,,0.5234693877551021,,,0.0,8.000000000000002,,,11.339174632164486
103,168424,"Kohlrabi, raw",Vegetables and Vegetable Products,2.526315789473684,0.24444444444444444,0.0,3.075,0.9642857142857143,14.4,4.571428571428571,2.714285714285714,2.2222222222222223,5.571428571428571,2.454212454212454,2.666666666666667,5.428571428571429,1.2380952380952381,2.1645021645021645,0.25,0.65,3.3,2.228571428571428,8.363636363636363,10.0,2.925989672977625,1.25,1.0,0.8333333333333334,4.4642857142857135,4.666666666666667,0.09183673469387757,3.571428571428571,2.747252747252747,0.26666666666666666,8.823529411764707,56.36363636363637,0.14285714285714285,0.16757400934233233
104,168425,"Kohlrabi, cooked, boiled, drained, without salt",Vegetables and Vegetable Products,2.6315789473684212,0.23333333333333334,0.0,3.3,1.0357142857142858,4.4,3.4285714285714284,2.8571428571428568,2.2222222222222223,5.928571428571429,2.6007326007326004,2.8095238095238093,5.428571428571429,1.3333333333333335,2.1103896103896105,0.27499999999999997,0.7000000000000001,3.2,2.342857142857143,8.181818181818182,9.714285714285714,3.0981067125645443,1.25,1.1428571428571428,0.875,3.571428571428571,4.9523809523809526,0.10102040816326532,3.928571428571428,2.9120879120879115,0.26666666666666666,9.058823529411764,49.09090909090909,0.14285714285714285,1.7315980965374342
105,168426,"Leeks, (bulb and lower leaf-portion), cooked, boiled, drained, without salt",Vegetables and Vegetable Products,3.1578947368421053,5.411111111111111,0.0,,1.1071428571428572,4.0,6.857142857142857,2.0,6.111111111111112,2.0,1.9047619047619044,2.0,4.0,0.9523809523809523,1.0822510822510822,0.5625,1.6500000000000001,1.44,1.714285714285714,3.090909090909091,2.4857142857142858,1.3941480206540449,1.25,0.7142857142857143,0.4166666666666667,2.321428571428571,3.238095238095238,0.18367346938775514,2.142857142857143,1.703296703296703,5.466666666666667,6.647058823529412,3.8181818181818183,36.285714285714285,0.33514801868466465
106,168427,"Lentils, sprouted, raw",Vegetables and Vegetable Products,2.6315789473684212,,0.0,,3.7857142857142856,,28.571428571428573,36.71428571428571,17.833333333333332,23.285714285714285,23.003663003663,33.904761904761905,10.571428571428571,10.0,6.103896103896103,2.2624999999999997,0.95,11.559999999999999,25.257142857142856,31.454545454545453,9.2,15.421686746987955,8.0,0.8571428571428571,0.4583333333333333,20.357142857142854,31.23809523809524,0.5051020408163267,,21.923076923076923,0.26666666666666666,11.176470588235295,15.0,,8.434558470230728
107,168430,"Lotus root, cooked, boiled, drained, without salt",Vegetables and Vegetable Products,2.736842105263158,0.0,0.0,6.35,2.357142857142857,12.4,2.2857142857142856,3.285714285714285,5.0,2.357142857142857,1.5384615384615383,2.7142857142857144,6.285714285714286,1.3333333333333335,1.6233766233766234,0.125,0.1,6.04,1.5999999999999999,14.181818181818182,10.371428571428572,2.7194492254733222,0.625,0.8571428571428571,1.875,11.339285714285712,2.9523809523809526,0.06428571428571431,4.285714285714286,1.868131868131868,0.0,12.823529411764707,24.90909090909091,0.14285714285714285,1.8433141027656557
108,168431,"Lettuce, red leaf, raw",Vegetables and Vegetable Products,3.473684210526316,49.94444444444444,0.0,2.95,0.4642857142857143,3.6,10.285714285714286,2.714285714285714,6.666666666666667,2.714285714285714,2.564102564102564,2.142857142857143,3.4285714285714284,1.5238095238095237,1.7370129870129871,0.42500000000000004,2.025,2.88,3.8285714285714283,5.090909090909091,5.3428571428571425,2.289156626506024,4.8125,2.142857142857143,1.0416666666666667,5.714285714285714,4.571428571428571,0.20204081632653065,7.857142857142856,2.637362637362637,50.0,5.882352941176471,3.3636363636363638,200.42857142857144,1.1171600622822155
109,168432,"Mountain yam, hawaii, raw",Vegetables and Vegetable Products,2.736842105263158,,0.0,,2.392857142857143,10.0,4.0,4.285714285714286,2.4444444444444446,3.214285714285714,3.0769230769230766,2.4761904761904763,3.4285714285714284,1.714285714285714,2.6028138528138527,0.475,0.17500000000000002,8.66,3.5428571428571427,6.181818181818182,11.942857142857143,2.3063683304647165,1.1874999999999998,1.0,0.5416666666666666,9.107142857142856,4.476190476190476,0.09183673469387757,3.928571428571428,2.9670329670329667,,10.529411764705882,2.3636363636363638,2.0,1.508166084080991
110,168433,"Mountain yam, hawaii, cooked, steamed, without salt",Vegetables and Vegetable Products,0.8421052631578947,,0.0,,2.9285714285714284,,3.4285714285714284,5.428571428571428,2.388888888888889,4.2142857142857135,3.9926739926739923,3.1904761904761902,2.857142857142857,2.1904761904761902,0.7034632034632035,0.375,0.15,9.6,4.571428571428571,7.2727272727272725,14.142857142857142,2.9776247848537007,0.875,1.2857142857142858,0.5,7.678571428571428,5.809523809523809,0.07346938775510205,5.0,3.8461538461538463,0.0,12.294117647058822,0.0,,1.787456099651545
111,168434,"Mushrooms, brown, italian, or crimini, raw",Vegetables and Vegetable Products,1.894736842105263,0.0,0.0,5.525,0.7857142857142857,2.4,7.142857142857143,9.571428571428571,2.2222222222222223,7.071428571428571,5.604395604395603,12.0,2.5714285714285716,4.571428571428571,20.562770562770563,0.5,0.0,30.0,5.542857142857143,21.818181818181817,12.8,4.302925989672978,30.625,37.142857142857146,0.25,8.482142857142856,10.761904761904763,0.09183673469387757,20.0,6.3186813186813175,0.0,6.470588235294118,0.0,0.0,6.144380342552187
112,168437,"Mushrooms, shiitake, cooked, without salt",Vegetables and Vegetable Products,0.3157894736842105,0.0,0.0,9.2,2.0,8.4,6.0,3.1428571428571423,2.4444444444444446,3.9285714285714284,3.4065934065934065,2.238095238095238,4.0,2.380952380952381,8.116883116883116,0.3875,0.075,71.88,3.8285714285714283,5.2727272727272725,3.342857142857143,2.6850258175559385,10.625,35.42857142857143,0.16666666666666666,3.303571428571428,6.476190476190476,0.20204081632653065,1.4285714285714286,3.6813186813186807,0.0,9.352941176470589,0.2727272727272727,0.0,7.429114414176734
113,168438,"Mustard spinach, (tendergreen), raw",Vegetables and Vegetable Products,22.105263157894736,,0.0,,0.7857142857142857,11.2,45.42857142857143,,8.333333333333334,,,,3.142857142857143,,3.6688311688311694,0.375,0.675,3.56,,5.090909090909091,12.82857142857143,3.7865748709122213,5.8125,1.1428571428571428,0.875,6.071428571428571,,0.2755102040816327,,,66.0,9.0,118.18181818181819,,0.9495860529398833
114,168439,"Mustard spinach, (tendergreen), cooked, boiled, drained, without salt",Vegetables and Vegetable Products,16.63157894736842,,0.0,,0.5714285714285714,8.0,20.857142857142858,,4.444444444444445,,,,2.0,,2.326839826839827,,,2.38,,3.272727272727273,8.142857142857142,2.925989672977625,3.875,0.8571428571428571,0.5833333333333334,3.660714285714286,,0.18367346938775514,,,54.666666666666664,5.7058823529411775,59.09090909090909,,0.6144380342552186
115,168440,"New Zealand spinach, raw",Vegetables and Vegetable Products,6.105263157894737,,0.0,,0.5,6.0,4.285714285714286,,4.444444444444445,,,,11.142857142857142,,2.7056277056277054,0.1625,1.6500000000000001,6.24,,5.090909090909091,3.7142857142857144,2.581755593803787,8.125,1.0,5.416666666666667,3.571428571428571,,0.18367346938775514,,,,17.88235294117647,27.272727272727273,481.42857142857144,2.1226041183362097
116,168441,"New Zealand spinach, cooked, boiled, drained, without salt",Vegetables and Vegetable Products,5.052631578947368,,0.0,,0.42857142857142855,5.6,2.2857142857142856,,3.6666666666666665,,,,9.142857142857142,,2.1103896103896105,0.13749999999999998,1.4000000000000001,5.12,,4.0,2.914285714285714,2.2375215146299485,6.687499999999999,1.2857142857142858,4.458333333333333,2.6785714285714284,,0.15612244897959185,,,,13.941176470588236,14.545454545454545,417.14285714285717,1.7315980965374342
117,168443,"Potato wedges, frozen (Includes foods for USDA's Food Distribution Program)",Vegetables and Vegetable Products,1.5789473684210527,,0.0,,4.607142857142857,8.0,,,3.888888888888889,,,,5.428571428571429,,8.333333333333334,1.275,,,,15.818181818181818,11.257142857142858,4.647160068846817,2.5,,2.0416666666666665,8.928571428571427,,2.020408163265307,,,0.0,20.58823529411765,10.181818181818182,,2.0667461152220987
118,168446,Potato flour,Vegetables and Vegetable Products,6.842105263157895,0.0,0.0,9.875,12.75,23.6,7.142857142857143,23.714285714285715,7.666666666666667,21.357142857142854,15.567765567765566,19.666666666666664,18.571428571428573,10.19047619047619,18.977272727272727,1.4000000000000001,0.8750000000000001,9.48,18.057142857142857,30.545454545454547,28.6,11.87607573149742,3.1874999999999996,1.5714285714285716,2.2916666666666665,20.357142857142854,26.666666666666668,0.3122448979591837,41.07142857142857,19.56043956043956,0.0,45.235294117647065,3.4545454545454546,0.0,3.016332168161982
119,168447,"Pumpkin leaves, cooked, boiled, drained, without salt",Vegetables and Vegetable Products,4.526315789473684,10.666666666666666,0.0,5.25,0.75,10.8,7.142857142857143,6.285714285714285,17.77777777777778,9.642857142857142,10.036630036630036,8.238095238095237,10.857142857142858,4.476190476190476,4.5995670995671,0.0625,0.15,0.8400000000000001,8.457142857142856,14.363636363636363,12.514285714285714,4.6815834767642,8.5,1.2857142857142858,0.3333333333333333,6.071428571428571,12.857142857142856,0.20204081632653065,12.5,8.626373626373624,10.666666666666666,11.529411764705884,0.9090909090909091,154.28571428571428,1.1171600622822155
120,168448,"Pumpkin, raw",Vegetables and Vegetable Products,2.210526315789474,34.44444444444444,0.0,2.05,0.9285714285714286,2.0,4.571428571428571,2.2857142857142856,4.444444444444445,2.214285714285714,1.6849816849816845,2.5714285714285716,3.4285714285714284,1.0476190476190474,3.2467532467532467,0.025,0.075,5.959999999999999,1.8285714285714285,8.0,9.714285714285714,1.7211703958691913,6.875,0.42857142857142855,0.041666666666666664,4.4642857142857135,2.7619047619047623,0.09183673469387757,4.285714285714286,1.9230769230769231,56.8,3.5882352941176467,8.181818181818182,1.5714285714285716,1.787456099651545
121,168449,"Pumpkin, cooked, boiled, drained, without salt",Vegetables and Vegetable Products,1.5789473684210527,23.288888888888888,0.0,1.55,0.7142857142857143,4.4,2.5714285714285716,1.5714285714285712,3.166666666666666,1.6428571428571426,1.2454212454212454,1.857142857142857,2.5714285714285716,0.7619047619047619,2.234848484848485,0.025,0.05,4.0200000000000005,1.314285714285714,5.454545454545454,6.571428571428571,1.2392426850258176,4.875,0.2857142857142857,0.041666666666666664,2.767857142857143,2.0,0.06428571428571431,3.2142857142857135,1.3736263736263734,38.4,2.5882352941176467,4.2727272727272725,1.1428571428571428,1.284734071624548
122,168451,"Radishes, oriental, raw",Vegetables and Vegetable Products,2.8421052631578947,0.0,0.0,1.825,0.6428571428571429,6.4,8.0,1.5714285714285712,2.2222222222222223,1.857142857142857,1.1355311355311355,1.4285714285714286,4.571428571428571,0.5714285714285714,1.0822510822510822,0.2,0.7250000000000001,2.7600000000000002,1.1428571428571428,4.181818181818182,6.485714285714286,1.0327022375215147,1.25,1.0,0.875,1.7857142857142856,2.380952380952381,0.09183673469387757,1.0714285714285714,1.5384615384615383,0.0,2.705882352941176,20.0,0.42857142857142855,0.8378700467116617
123,168452,"Radishes, oriental, cooked, boiled, drained, without salt",Vegetables and Vegetable Products,1.7894736842105263,0.0,0.0,1.7,0.6071428571428571,6.4,4.857142857142857,1.857142857142857,0.8333333333333334,2.0714285714285716,1.282051282051282,1.5714285714285714,2.5714285714285716,0.5714285714285714,0.8116883116883117,0.4875,1.725,2.2800000000000002,1.257142857142857,4.363636363636363,8.142857142857142,1.1531841652323582,1.4374999999999998,1.0,0.5416666666666666,0.0,2.666666666666667,0.22040816326530616,1.4285714285714286,1.703296703296703,0.0,2.235294117647059,13.727272727272727,0.42857142857142855,0.7261540404834401
124,168454,"Rutabagas, raw",Vegetables and Vegetable Products,4.526315789473684,0.011111111111111112,0.0,3.525,1.3214285714285714,9.2,6.0,,2.4444444444444446,,,,5.714285714285714,,3.7878787878787876,0.43750000000000006,1.325,3.2,,9.636363636363637,8.714285714285714,1.8588640275387265,2.5,1.0,0.5,8.035714285714285,,0.1469387755102041,,,0.0,5.882352941176471,22.727272727272727,0.42857142857142855,1.3405920747386586
125,168455,"Rutabagas, cooked, boiled, drained, without salt",Vegetables and Vegetable Products,1.894736842105263,0.011111111111111112,0.0,3.8,1.0714285714285714,7.2,4.285714285714286,,1.0,,,,2.857142857142857,,3.869047619047619,0.475,1.425,3.1,,7.454545454545454,6.171428571428572,1.6006884681583478,2.5625,1.0,0.20833333333333334,7.321428571428572,,0.16530612244897963,,,0.0,6.0,17.09090909090909,0.2857142857142857,0.6702960373693293
126,168456,"Seaweed, irishmoss, raw",Vegetables and Vegetable Products,7.578947368421052,0.7888888888888889,0.0,3.225,1.75,5.2,52.0,,49.44444444444444,,,,41.142857142857146,,3.2088744588744587,0.025,0.025,3.5199999999999996,,28.545454545454547,1.8,2.5989672977624787,29.125,1.0,2.7916666666666665,1.3392857142857142,,0.1469387755102041,,,0.8,4.058823529411765,2.727272727272727,7.142857142857143,10.892310607251602
127,168457,"Seaweed, kelp, raw",Vegetables and Vegetable Products,17.68421052631579,0.7777777777777778,0.0,3.2,1.5357142857142858,5.2,51.42857142857143,3.428571428571428,15.833333333333334,5.428571428571428,3.04029304029304,3.904761904761905,34.57142857142857,2.380952380952381,2.5432900432900434,0.25,0.1,12.84,2.457142857142857,7.636363636363637,2.5428571428571427,2.8915662650602414,9.375,1.0,9.708333333333334,4.4642857142857135,5.238095238095238,0.5142857142857145,17.142857142857142,3.956043956043955,0.8,0.11764705882352942,2.727272727272727,94.28571428571429,6.870534383035626
128,168458,"Seaweed, laver, raw",Vegetables and Vegetable Products,7.368421052631579,34.67777777777778,0.0,2.6,1.25,1.2,41.714285714285715,20.0,10.0,18.5,18.35164835164835,10.571428571428571,0.5714285714285714,13.809523809523807,7.954545454545454,0.05,0.025,10.42,15.599999999999998,10.545454545454545,10.17142857142857,10.000000000000002,27.875,1.0,2.0,8.75,22.0952380952381,0.25714285714285723,15.357142857142856,22.087912087912088,34.666666666666664,9.352941176470589,35.45454545454545,5.714285714285714,5.8650903269816315
129,168459,"Sesbania flower, raw",Vegetables and Vegetable Products,2.0,,0.0,,0.9642857142857143,,29.142857142857142,3.714285714285714,4.666666666666667,4.857142857142857,3.882783882783882,3.0476190476190474,3.4285714285714284,1.5238095238095237,2.326839826839827,,,,4.0,5.454545454545454,5.257142857142857,2.203098106712565,5.062499999999999,1.2857142857142858,0.625,7.410714285714286,5.428571428571429,0.036734693877551024,6.785714285714285,4.285714285714285,0.0,,66.36363636363636,,
130,168460,"Soybeans, mature seeds, sprouted, cooked, steamed",Vegetables and Vegetable Products,6.2105263157894735,0.13333333333333333,0.0,10.3,2.892857142857143,3.2,22.857142857142858,32.14285714285714,7.277777777777778,26.785714285714285,22.23443223443223,23.142857142857142,17.142857142857142,8.476190476190476,5.909090909090909,27.712500000000002,7.3999999999999995,14.86,23.71428571428571,24.545454545454547,10.142857142857142,14.578313253012052,3.3124999999999996,0.8571428571428571,0.4166666666666667,18.303571428571427,30.952380952380953,4.086734693877552,36.78571428571428,22.03296703296703,0.26666666666666666,6.176470588235294,7.545454545454547,100.85714285714285,5.809232323867521
131,168462,"Spinach, raw",Vegetables and Vegetable Products,10.421052631578947,62.51111111111111,0.0,4.825,0.8214285714285714,8.8,55.42857142857143,9.142857142857142,15.055555555555555,10.499999999999998,8.168498168498168,8.285714285714285,22.571428571428573,5.0476190476190474,3.9177489177489173,0.325,3.45,1.3,7.371428571428571,8.909090909090908,15.942857142857143,4.922547332185887,11.812499999999998,1.4285714285714286,3.2916666666666665,6.9642857142857135,11.619047619047619,0.3581632653061225,13.928571428571427,8.846153846153845,62.53333333333333,11.470588235294118,25.545454545454547,689.8571428571429,2.9604741650478714
132,168463,"Spinach, cooked, boiled, drained, without salt",Vegetables and Vegetable Products,14.31578947368421,69.86666666666666,0.0,4.925,0.8214285714285714,9.6,41.714285714285715,9.428571428571429,19.833333333333332,10.857142857142856,8.46153846153846,8.666666666666666,24.857142857142858,5.238095238095238,2.6515151515151514,0.21250000000000002,2.3,2.8999999999999995,7.657142857142857,10.181818181818182,13.314285714285715,5.111876075731498,14.749999999999998,2.142857142857143,2.9166666666666665,8.482142857142856,12.095238095238095,0.23877551020408166,14.285714285714285,9.23076923076923,69.86666666666666,14.235294117647058,8.90909090909091,705.1428571428571,4.245208236672419
133,168464,"Squash, summer, crookneck and straightneck, raw",Vegetables and Vegetable Products,2.210526315789474,1.0,0.0,1.775,0.6785714285714286,4.0,5.428571428571429,2.8571428571428568,2.4444444444444446,2.4285714285714284,2.014652014652014,2.4761904761904763,5.714285714285714,1.3333333333333335,2.4242424242424243,0.4875,1.075,3.2,1.8857142857142857,5.818181818181818,6.3428571428571425,1.7383820998278832,2.5625,0.2857142857142857,0.08333333333333333,4.553571428571428,2.1904761904761902,0.24795918367346942,2.857142857142857,2.3076923076923075,1.0666666666666667,6.11764705882353,17.545454545454547,4.571428571428571,1.6198820903092124
134,168465,"Squash, summer, crookneck and straightneck, cooked, boiled, drained, without salt",Vegetables and Vegetable Products,2.3157894736842106,7.444444444444445,0.0,1.975,0.6785714285714286,4.4,6.571428571428571,2.8571428571428568,2.0555555555555554,2.357142857142857,1.941391941391941,2.380952380952381,4.571428571428571,1.2380952380952381,2.7435064935064934,0.6125,2.0500000000000003,6.460000000000001,1.8285714285714285,5.2727272727272725,5.057142857142857,1.7900172117039588,1.5625,0.2857142857142857,0.041666666666666664,3.839285714285714,2.095238095238095,0.3581632653061225,2.857142857142857,2.2527472527472527,7.466666666666667,4.588235294117647,10.545454545454545,6.2857142857142865,1.2288760685104372
135,168467,"Squash, summer, crookneck and straightneck, frozen, unprepared",Vegetables and Vegetable Products,1.894736842105263,,0.0,,0.7142857142857143,4.8,3.4285714285714284,2.5714285714285707,2.6666666666666665,2.142857142857143,1.758241758241758,2.1904761904761902,6.571428571428571,1.1428571428571428,2.1645021645021645,0.27499999999999997,0.9249999999999999,1.7599999999999998,1.657142857142857,6.363636363636363,5.9714285714285715,1.4285714285714286,2.9999999999999996,0.2857142857142857,0.20833333333333334,3.571428571428571,1.9047619047619047,0.12857142857142861,2.5,2.0329670329670324,1.8666666666666667,5.1764705882352935,5.818181818181818,,2.0667461152220987
136,168468,"Squash, summer, crookneck and straightneck, frozen, cooked, boiled, drained, without salt",Vegetables and Vegetable Products,2.1052631578947367,1.3333333333333333,0.0,2.425,0.8928571428571429,5.6,3.7142857142857144,4.0,2.888888888888889,3.285714285714285,2.747252747252747,3.3809523809523805,7.714285714285714,1.714285714285714,2.380952380952381,0.3875,1.275,2.04,2.571428571428571,7.454545454545454,7.228571428571429,2.203098106712565,2.9375,0.42857142857142855,0.25,3.2142857142857135,2.9523809523809526,0.18367346938775514,3.928571428571428,3.1868131868131866,1.3333333333333333,5.8235294117647065,6.181818181818182,7.714285714285714,1.8991721058797666
137,168469,"Squash, summer, zucchini, includes skin, frozen, unprepared",Vegetables and Vegetable Products,1.894736842105263,1.3222222222222222,0.0,,0.6071428571428571,5.2,2.857142857142857,3.571428571428571,2.8333333333333335,3.0,2.490842490842491,3.0476190476190474,3.7142857142857144,1.619047619047619,2.343073593073593,0.2625,0.8750000000000001,5.9399999999999995,2.342857142857143,5.090909090909091,6.228571428571429,1.9965576592082617,2.625,0.2857142857142857,0.08333333333333333,4.285714285714286,2.666666666666667,0.11938775510204083,3.571428571428571,2.8571428571428568,1.3333333333333333,2.9411764705882355,4.818181818181818,6.0,1.1730180653963265
138,168470,"Squash, summer, zucchini, includes skin, frozen, cooked, boiled, drained, without salt",Vegetables and Vegetable Products,1.7894736842105263,1.1777777777777778,0.0,2.35,0.6071428571428571,5.2,2.2857142857142856,3.571428571428571,2.6666666666666665,2.928571428571429,2.454212454212454,3.0476190476190474,3.7142857142857144,1.5238095238095237,2.088744588744589,0.2625,0.8500000000000001,5.3,2.2857142857142856,4.545454545454546,5.542857142857143,1.9793459552495696,2.5,0.2857142857142857,0.08333333333333333,3.660714285714286,2.666666666666667,0.11938775510204083,3.571428571428571,2.8571428571428568,1.2,2.6470588235294117,3.3636363636363638,6.0,1.1171600622822155
139,168472,"Squash, winter, acorn, raw",Vegetables and Vegetable Products,3.473684210526316,2.4444444444444446,0.0,,1.4285714285714286,6.0,4.857142857142857,2.142857142857143,3.888888888888889,2.214285714285714,1.648351648351648,1.3809523809523812,9.142857142857142,0.9523809523809523,3.7878787878787876,0.2,0.65,8.0,1.7714285714285714,6.545454545454546,9.914285714285715,1.376936316695353,0.625,0.7142857142857143,0.125,12.5,2.2857142857142856,0.09183673469387757,3.928571428571428,1.868131868131868,2.4,9.058823529411764,10.0,,0.7261540404834401
140,168475,"Squash, winter, hubbard, raw",Vegetables and Vegetable Products,1.4736842105263157,9.11111111111111,0.0,2.95,1.4285714285714286,15.6,4.571428571428571,5.285714285714285,2.2222222222222223,5.571428571428571,4.175824175824175,3.5238095238095233,5.428571428571429,2.380952380952381,2.7056277056277054,0.9875,3.2750000000000004,8.0,4.457142857142856,3.8181818181818183,9.142857142857142,3.4423407917383826,2.5,0.7142857142857143,0.2916666666666667,6.25,5.714285714285714,0.4591836734693878,10.0,4.7252747252747245,9.066666666666666,9.058823529411764,10.0,1.8571428571428572,0.7261540404834401
141,168476,"Squash, winter, hubbard, baked, without salt",Vegetables and Vegetable Products,1.7894736842105263,39.77777777777778,0.0,3.65,1.7857142857142858,19.6,4.571428571428571,4.0,2.611111111111111,4.142857142857143,3.0769230769230766,2.619047619047619,6.285714285714286,1.714285714285714,3.0194805194805197,1.2125000000000001,4.05,8.940000000000001,3.314285714285714,4.181818181818182,10.228571428571428,4.268502581755595,2.9375,0.8571428571428571,0.3333333333333333,6.607142857142856,4.19047619047619,0.5693877551020409,7.5,3.516483516483516,44.666666666666664,10.117647058823529,8.636363636363637,2.2857142857142856,0.8378700467116617
142,168477,"Succotash, (corn and limas), cooked, boiled, drained, without salt",Vegetables and Vegetable Products,1.7894736842105263,,0.0,,4.107142857142857,18.0,9.428571428571429,23.0,8.444444444444445,20.428571428571423,16.336996336996336,14.142857142857142,15.142857142857142,6.476190476190476,7.1807359307359295,4.0125,1.5,11.34,13.999999999999998,21.272727272727273,11.714285714285714,8.7263339070568,5.999999999999999,0.8571428571428571,0.7083333333333334,15.0,20.09523809523809,0.7346938775510206,20.357142857142854,16.92307692307692,2.0,6.8235294117647065,7.454545454545453,,3.519054196188979
143,168480,"Succotash, (corn and limas), frozen, unprepared",Vegetables and Vegetable Products,1.6842105263157894,,0.0,,3.3214285714285716,16.0,12.0,19.57142857142857,5.222222222222222,17.357142857142858,13.88278388278388,12.0,6.857142857142857,5.523809523809525,7.440476190476191,4.5125,1.675,5.16,11.885714285714284,14.181818181818182,8.428571428571429,7.418244406196213,4.499999999999999,0.8571428571428571,1.875,7.7678571428571415,17.047619047619044,0.8173469387755103,17.142857142857142,14.395604395604394,1.7333333333333334,5.882352941176471,7.7272727272727275,,2.6253261463632067
144,168481,"Succotash, (corn and limas), frozen, cooked, boiled, drained, without salt",Vegetables and Vegetable Products,1.5789473684210527,0.9111111111111111,0.0,7.275,3.3214285714285716,16.4,9.428571428571429,19.57142857142857,4.944444444444445,17.357142857142858,13.88278388278388,12.0,6.571428571428571,5.523809523809525,7.067099567099566,4.5125,1.675,4.640000000000001,11.885714285714284,12.727272727272727,7.571428571428571,7.418244406196213,4.25,0.8571428571428571,1.875,6.607142857142856,17.047619047619044,0.8173469387755103,17.142857142857142,14.395604395604394,1.3333333333333333,5.588235294117648,5.363636363636363,3.857142857142857,2.513610140134985
145,168482,"Sweet potato, raw, unprepared (Includes foods for USDA's Food Distribution Program)",Vegetables and Vegetable Products,3.1578947368421053,94.54444444444445,0.0,3.075,3.0714285714285716,12.0,3.142857142857143,4.428571428571428,3.388888888888889,3.9285714285714284,3.369963369963369,3.142857142857143,7.142857142857143,2.7619047619047623,3.0140692640692643,0.1625,0.025,16.0,5.085714285714285,8.545454545454545,9.628571428571428,2.7022375215146304,3.8124999999999996,0.8571428571428571,2.2916666666666665,6.9642857142857135,7.904761904761905,0.045918367346938785,11.071428571428571,4.7252747252747245,94.53333333333333,12.294117647058822,2.1818181818181817,2.5714285714285716,1.6757400934233233
146,168483,"Sweet potato, cooked, baked in skin, flesh, without salt",Vegetables and Vegetable Products,4.0,127.87777777777778,0.0,3.275,3.2142857142857144,13.2,1.7142857142857142,5.571428571428571,3.8333333333333335,5.0,4.322344322344321,4.0,7.714285714285714,3.5238095238095233,8.046536796536797,1.125,0.15,17.68,6.514285714285713,9.818181818181818,13.571428571428571,3.459552495697074,6.624999999999999,0.2857142857142857,1.5,9.553571428571427,10.19047619047619,0.13775510204081634,14.285714285714285,6.043956043956043,128.13333333333333,16.823529411764707,17.81818181818182,3.285714285714285,1.787456099651545
147,168484,"Sweet potato, cooked, boiled, without skin",Vegetables and Vegetable Products,2.8421052631578947,104.93333333333334,0.0,2.7,2.7142857142857144,10.0,1.7142857142857142,3.857142857142857,4.0,3.428571428571428,2.9670329670329663,2.7619047619047623,5.142857142857143,2.380952380952381,2.911255411255411,0.7625,0.0,11.62,4.457142857142856,5.818181818181818,6.571428571428571,2.358003442340792,2.9375,0.2857142857142857,1.125,5.0,6.952380952380952,0.12857142857142861,10.0,4.1208791208791204,104.93333333333334,9.705882352941178,11.636363636363637,3.0,1.1171600622822155
148,168486,"Taro, cooked, without salt",Vegetables and Vegetable Products,1.894736842105263,0.43333333333333335,0.0,5.325,5.071428571428571,20.4,5.428571428571429,1.714285714285714,4.0,1.357142857142857,1.3919413919413917,1.0952380952380951,8.571428571428571,0.6666666666666667,2.75974025974026,0.4,0.35000000000000003,6.720000000000001,1.5999999999999999,13.818181818181818,13.82857142857143,0.8950086058519794,1.75,1.2857142857142858,0.625,9.553571428571427,2.2857142857142856,0.10102040816326532,2.857142857142857,1.5384615384615383,0.5333333333333333,19.47058823529412,4.545454545454546,1.7142857142857142,1.508166084080991
149,168487,"Taro leaves, raw",Vegetables and Vegetable Products,11.263157894736842,32.166666666666664,0.0,3.2,1.5,14.8,36.0,16.285714285714285,12.5,18.57142857142857,14.358974358974358,11.714285714285715,12.857142857142858,7.523809523809524,8.187229437229437,2.675,2.325,1.6800000000000002,11.14285714285714,10.909090909090908,18.514285714285716,8.571428571428573,28.5,1.2857142857142858,0.125,18.66071428571428,15.904761904761903,0.679591836734694,17.142857142857142,14.065934065934064,32.13333333333333,8.588235294117647,47.27272727272727,155.14285714285714,2.290178127678542
150,168488,"Taro leaves, cooked, steamed, without salt",Vegetables and Vegetable Products,9.052631578947368,,0.0,5.25,0.8571428571428571,8.0,13.714285714285714,8.857142857142856,6.555555555555555,10.14285714285714,7.838827838827837,6.3809523809523805,5.714285714285714,4.095238095238095,6.8560606060606055,1.4625000000000001,1.275,0.8799999999999999,6.114285714285713,4.909090909090909,13.142857142857142,4.6815834767642,23.75,1.2857142857142858,0.08333333333333333,12.410714285714286,8.666666666666666,0.37653061224489803,9.285714285714285,7.6923076923076925,28.266666666666666,4.235294117647059,32.27272727272727,,1.1730180653963265
151,168489,"Taro shoots, raw",Vegetables and Vegetable Products,1.263157894736842,,0.0,,0.39285714285714285,,0.8571428571428571,,3.3333333333333335,,,,2.2857142857142856,,4.329004329004329,0.325,0.27499999999999997,1.5,,5.090909090909091,9.485714285714286,1.5834767641996559,3.125,1.2857142857142858,0.041666666666666664,3.571428571428571,,0.08265306122448982,,,0.4,6.529411764705882,19.09090909090909,,2.8487581588196496
152,168490,"Arrowroot, raw",Vegetables and Vegetable Products,0.631578947368421,0.12222222222222222,0.0,,2.3214285714285716,5.2,96.57142857142857,,12.333333333333336,,,,7.142857142857143,,9.161255411255413,0.9249999999999999,0.44999999999999996,5.84,,17.818181818181817,12.971428571428572,7.297762478485371,3.6874999999999996,1.0,1.0833333333333333,12.76785714285714,,0.18367346938775514,,,0.13333333333333333,15.647058823529413,1.7272727272727273,,3.519054196188979
153,168491,"Chrysanthemum leaves, raw",Vegetables and Vegetable Products,12.31578947368421,,0.0,,0.8571428571428571,12.0,50.57142857142857,,12.777777777777777,,,,9.142857142857142,,2.8733766233766236,,,4.42,,9.818181818181818,16.2,5.783132530120483,8.999999999999998,0.42857142857142855,4.916666666666667,11.607142857142856,,0.5142857142857145,,,12.533333333333333,10.352941176470587,1.2727272727272727,,3.9659182211018655
154,168492,"Amaranth leaves, cooked, boiled, drained, with salt",Vegetables and Vegetable Products,22.0,,0.0,,0.75,,16.285714285714285,6.285714285714285,12.555555555555554,7.285714285714285,6.117216117216116,5.190476190476191,15.714285714285714,2.9523809523809526,3.024891774891775,0.9875,0.025,1.24,6.514285714285713,13.090909090909092,18.314285714285713,3.6316695352839936,8.375,1.2857142857142858,10.708333333333334,1.7857142857142856,8.095238095238095,0.16530612244897963,9.642857142857142,6.483516483516482,18.533333333333335,10.411764705882353,37.36363636363637,,4.915504274041749
155,168493,"Arrowhead, cooked, boiled, drained, with salt",Vegetables and Vegetable Products,0.7368421052631579,,0.0,,2.7857142857142856,,2.5714285714285716,,6.722222222222222,,,,14.0,,6.277056277056277,,,8.98,,35.81818181818182,25.17142857142857,7.728055077452669,3.75,0.8571428571428571,10.583333333333334,12.857142857142854,,0.09183673469387757,,,0.0,12.117647058823529,0.2727272727272727,,1.2288760685104372
156,168494,"Asparagus, frozen, cooked, boiled, drained, with salt",Vegetables and Vegetable Products,1.894736842105263,5.366666666666666,0.0,5.225,0.6428571428571429,6.4,38.57142857142857,6.57142857142857,3.1111111111111116,7.785714285714286,4.688644688644688,6.666666666666667,2.857142857142857,2.666666666666667,5.616883116883117,2.1875,0.25,3.16,4.0,8.909090909090908,4.914285714285715,5.077452667814114,6.437499999999999,5.571428571428571,10.0,5.803571428571428,7.80952380952381,0.3857142857142858,10.357142857142858,6.263736263736263,5.333333333333333,1.1764705882352942,22.181818181818183,114.28571428571429,2.290178127678542
157,168495,"Balsam-pear (bitter gourd), leafy tips, cooked, boiled, drained, with salt",Vegetables and Vegetable Products,4.421052631578948,16.11111111111111,0.0,5.25,1.1428571428571428,7.6,25.142857142857142,,5.666666666666667,,,,26.857142857142858,,5.384199134199134,,,1.2,,14.0,17.2,6.196213425129089,17.624999999999996,1.2857142857142858,10.375,13.124999999999998,,0.18367346938775514,,,16.133333333333333,44.70588235294118,50.54545454545455,233.0,1.6757400934233233
158,168496,"Balsam-pear (bitter gourd), pods, cooked, boiled, drained, with salt",Vegetables and Vegetable Products,0.9473684210526315,0.7555555555555555,0.0,2.7,0.6785714285714286,8.0,14.571428571428571,,2.111111111111111,,,,4.571428571428571,,1.5151515151515154,,,3.8600000000000003,,6.545454545454546,9.114285714285714,1.4457831325301207,3.3124999999999996,0.2857142857142857,10.083333333333334,4.553571428571428,,0.16530612244897963,,,0.8,2.4117647058823533,30.0,6.857142857142857,4.30106623978653
159,168497,"Bamboo shoots, cooked, boiled, drained, with salt",Vegetables and Vegetable Products,1.263157894736842,,0.0,,0.39285714285714285,4.0,0.5714285714285714,3.571428571428571,1.3333333333333333,3.6428571428571423,3.0036630036630036,3.761904761904762,0.8571428571428571,1.619047619047619,1.6233766233766234,1.0375,0.375,1.32,3.028571428571428,3.6363636363636362,15.228571428571428,2.6333907056798624,3.125,0.5714285714285714,10.0,1.7857142857142856,4.761904761904762,0.20204081632653065,5.714285714285714,3.406593406593406,0.0,5.764705882352942,0.0,,2.6253261463632067
160,168498,"Lima beans, immature seeds, frozen, fordhook, cooked, boiled, drained, with salt",Vegetables and Vegetable Products,3.1578947368421053,1.2666666666666666,0.0,9.075,3.6785714285714284,21.2,6.0,29.428571428571423,10.11111111111111,27.857142857142854,17.472527472527467,19.095238095238095,12.0,5.714285714285714,5.784632034632034,1.375,1.325,3.2600000000000002,17.085714285714282,17.636363636363637,8.685714285714285,10.44750430292599,3.8124999999999996,0.8571428571428571,12.041666666666666,6.607142857142856,24.476190476190474,0.3122448979591837,28.57142857142857,20.82417582417582,1.3333333333333333,7.1764705882352935,11.636363636363637,,4.1334922304441974
161,168499,"Mung beans, mature seeds, sprouted, cooked, boiled, drained, with salt",Vegetables and Vegetable Products,1.263157894736842,0.044444444444444446,0.0,2.475,0.6785714285714286,3.2,8.285714285714286,7.428571428571428,3.611111111111111,7.0,4.761904761904761,5.857142857142858,4.0,2.380952380952381,4.42099567099567,0.2875,0.22499999999999998,4.86,4.914285714285714,5.090909090909091,2.8857142857142857,3.4939759036144578,6.374999999999999,0.8571428571428571,10.25,4.4642857142857135,5.523809523809525,0.08265306122448982,10.0,5.329670329670329,0.13333333333333333,3.1764705882352944,10.363636363636363,32.42857142857143,2.6253261463632067
162,168500,"Beans, navy, mature seeds, sprouted, cooked, boiled, drained, with salt",Vegetables and Vegetable Products,1.6842105263157894,,0.0,,2.7857142857142856,,30.285714285714285,28.285714285714285,11.722222222222221,22.428571428571427,18.608058608058602,19.190476190476193,31.714285714285715,7.047619047619047,6.834415584415583,2.1125000000000003,7.475,17.08,20.399999999999995,18.727272727272727,9.057142857142857,12.168674698795181,14.6875,0.8571428571428571,10.416666666666666,34.01785714285714,28.285714285714285,0.7438775510204083,26.428571428571423,19.94505494505494,0.0,11.647058823529413,15.727272727272727,,5.418226302068746
163,168501,"Beans, pinto, immature seeds, frozen, cooked, boiled, drained, with salt",Vegetables and Vegetable Products,5.473684210526316,,0.0,,5.785714285714286,21.6,9.714285714285714,,15.055555555555555,,,,15.428571428571429,,3.41991341991342,1.2375,4.425,5.16,,18.181818181818183,18.457142857142856,16.02409638554217,6.75,2.0,13.291666666666666,24.464285714285715,,0.4408163265306123,,,,11.411764705882355,0.6363636363636364,,3.8542022148736437
164,168506,"Beets, cooked, boiled. drained, with salt",Vegetables and Vegetable Products,1.6842105263157894,0.23333333333333334,0.0,1.575,1.5714285714285714,8.0,22.857142857142858,3.1428571428571423,4.388888888888889,3.571428571428571,2.6007326007326004,2.857142857142857,6.571428571428571,1.8095238095238093,1.7911255411255411,0.7250000000000001,0.125,2.8999999999999995,2.7428571428571424,6.909090909090909,8.714285714285714,2.8915662650602414,2.5,1.0,11.875,2.4107142857142856,4.666666666666667,0.16530612244897963,7.142857142857142,3.241758241758241,0.26666666666666666,3.9411764705882355,3.272727272727273,0.2857142857142857,1.9550301089938773
165,168508,"Beet greens, cooked, boiled, drained, with salt",Vegetables and Vegetable Products,12.0,51.0,0.0,10.625,0.9642857142857143,11.6,4.0,5.571428571428571,10.555555555555555,3.785714285714285,4.212454212454212,3.571428571428571,19.428571428571427,2.0,2.70021645021645,0.8125,0.15,6.58,3.8857142857142857,7.454545454545454,25.97142857142857,4.423407917383821,18.062499999999996,1.2857142857142858,19.875,10.446428571428571,7.238095238095237,0.18367346938775514,14.285714285714285,4.175824175824175,51.06666666666667,7.764705882352942,22.636363636363637,691.4285714285714,2.792900155705539
166,168509,"Borage, cooked, boiled, drained, with salt",Vegetables and Vegetable Products,10.736842105263158,,0.0,,0.8928571428571429,,2.857142857142857,,20.22222222222222,,,,16.285714285714285,,5.086580086580087,1.5875,,0.9,,10.0,14.028571428571428,3.5972461273666094,10.3125,1.2857142857142858,13.5,5.2678571428571415,,0.7438775510204083,,,29.2,5.1764705882352935,29.545454545454547,,1.2288760685104372
167,168510,"Broccoli, cooked, boiled, drained, with salt",Vegetables and Vegetable Products,4.2105263157894735,10.322222222222223,0.0,10.025,1.25,13.2,30.857142857142858,8.999999999999998,3.7222222222222223,6.57142857142857,5.384615384615383,7.3809523809523805,6.0,4.095238095238095,2.9924242424242427,0.6375,2.9749999999999996,12.32,6.628571428571428,12.181818181818182,8.371428571428572,4.096385542168675,7.6875,2.2857142857142856,10.916666666666666,5.624999999999999,9.142857142857142,0.37653061224489803,12.142857142857142,7.582417582417581,10.266666666666667,11.764705882352942,59.00000000000001,201.57142857142858,2.513610140134985
168,168511,"Broccoli, frozen, chopped, cooked, boiled, drained, with salt",Vegetables and Vegetable Products,3.473684210526316,6.633333333333334,0.0,4.05,1.0,12.0,16.0,7.857142857142857,3.388888888888889,8.642857142857142,5.31135531135531,7.428571428571428,3.7142857142857144,3.5238095238095233,2.4783549783549783,0.1625,1.05,5.48,5.371428571428571,8.909090909090908,4.057142857142857,5.335628227194492,5.062499999999999,1.0,10.833333333333334,4.910714285714286,9.61904761904762,0.11020408163265308,11.428571428571429,7.8021978021978,6.8,7.647058823529412,36.45454545454545,125.85714285714286,1.564024087195102
169,168512,"Broccoli, frozen, spears, cooked, boiled, drained, with salt",Vegetables and Vegetable Products,5.368421052631579,7.366666666666666,0.0,,1.0,12.0,8.571428571428571,7.857142857142857,3.388888888888889,8.642857142857142,5.31135531135531,7.428571428571428,5.714285714285714,3.5238095238095233,2.4783549783549783,0.1625,1.05,5.48,5.371428571428571,10.0,5.142857142857143,5.335628227194492,5.062499999999999,2.7142857142857144,10.833333333333334,4.910714285714286,9.61904761904762,0.10102040816326532,11.428571428571429,7.8021978021978,7.466666666666667,7.647058823529412,36.45454545454545,142.14285714285714,1.6757400934233233
170,168513,"Brussels sprouts, cooked, boiled, drained, with salt",Vegetables and Vegetable Products,3.789473684210526,5.166666666666667,0.0,10.15,1.2857142857142858,10.4,17.142857142857142,8.142857142857142,6.666666666666667,7.142857142857142,4.175824175824175,5.523809523809525,5.714285714285714,2.2857142857142856,3.2846320346320343,0.9875,4.324999999999999,5.04,4.228571428571428,10.181818181818182,9.057142857142857,4.388984509466437,5.0,2.142857142857143,10.708333333333334,9.553571428571427,8.666666666666666,0.4591836734693878,10.0,6.428571428571428,5.2,10.470588235294118,56.36363636363637,200.42857142857144,1.8433141027656557
171,168514,"Cabbage, common, cooked, boiled, drained, with salt",Vegetables and Vegetable Products,5.052631578947368,0.5333333333333333,0.0,5.075,0.8214285714285714,7.6,8.571428571428571,3.1428571428571423,0.9444444444444444,2.142857142857143,1.5018315018315018,2.0476190476190474,4.285714285714286,1.1428571428571428,1.341991341991342,0.11249999999999999,0.35000000000000003,3.4799999999999995,1.8285714285714285,6.0,5.6,2.185886402753873,2.3749999999999996,0.8571428571428571,10.625,5.44642857142857,3.3333333333333335,0.05510204081632654,3.928571428571428,2.3076923076923075,0.5333333333333333,6.588235294117648,34.09090909090909,155.28571428571428,1.1171600622822155
172,168515,"Cabbage, red, cooked, boiled, drained, with salt",Vegetables and Vegetable Products,4.421052631578948,0.2222222222222222,0.0,,1.0357142857142858,10.4,6.857142857142857,3.714285714285714,3.6666666666666665,2.5714285714285707,1.7948717948717947,2.4285714285714284,4.857142857142857,1.3333333333333335,2.067099567099567,0.2375,0.6,3.08,2.1714285714285713,6.0,7.485714285714286,2.5989672977624787,3.75,3.285714285714285,10.166666666666666,6.3392857142857135,3.904761904761905,0.08265306122448982,4.642857142857142,2.747252747252747,0.26666666666666666,13.23529411764706,9.818181818181818,68.0,1.3964500778527695
173,168516,"Cabbage, savoy, cooked, boiled, drained, with salt",Vegetables and Vegetable Products,3.1578947368421053,,0.0,,0.8571428571428571,11.2,13.142857142857142,5.285714285714285,2.111111111111111,6.499999999999999,3.4065934065934065,4.0476190476190474,6.857142857142857,1.714285714285714,0.12987012987012986,0.22499999999999998,0.575,3.18,3.314285714285714,6.0,5.257142857142857,3.0981067125645443,1.25,1.0,10.833333333333334,4.553571428571428,5.904761904761905,0.08265306122448982,6.428571428571427,4.23076923076923,5.866666666666666,8.941176470588236,15.454545454545455,,1.284734071624548
174,168517,"Cabbage, chinese (pak-choi), cooked, boiled, drained, with salt",Vegetables and Vegetable Products,9.789473684210526,28.322222222222223,0.0,3.025,0.42857142857142855,4.0,11.714285714285714,3.857142857142857,5.777777777777778,6.357142857142857,3.3333333333333326,4.428571428571429,3.142857142857143,0.857142857142857,2.316017316017316,0.3875,1.0250000000000001,1.58,2.628571428571428,5.2727272727272725,10.6,2.6850258175559385,3.9374999999999996,0.5714285714285714,11.25,2.857142857142857,4.857142857142857,0.1469387755102041,5.357142857142857,3.7912087912087906,28.266666666666666,9.764705882352942,23.636363636363637,48.57142857142857,0.9495860529398833
175,168519,"Carrots, frozen, cooked, boiled, drained, with salt",Vegetables and Vegetable Products,3.6842105263157894,91.1,0.0,2.15,1.3214285714285714,13.2,3.142857142857143,3.571428571428571,2.9444444444444446,3.428571428571428,2.3076923076923075,3.0,3.142857142857143,1.2380952380952381,2.2510822510822512,3.975,0.0,3.4799999999999995,2.1714285714285713,5.636363636363637,5.485714285714286,0.9982788296041308,2.3124999999999996,0.8571428571428571,12.291666666666666,2.6785714285714284,11.333333333333332,0.6244897959183674,2.5,2.3626373626373622,112.8,4.9411764705882355,2.090909090909091,19.428571428571427,1.9550301089938773
176,168520,"Cauliflower, cooked, boiled, drained, with salt",Vegetables and Vegetable Products,1.6842105263157894,0.07777777777777778,0.0,9.775,0.8214285714285714,9.2,12.571428571428571,5.285714285714285,1.7777777777777777,5.0,3.9194139194139184,4.714285714285714,2.5714285714285716,2.4761904761904763,2.2186147186147185,0.625,4.175,10.16,3.7714285714285714,5.818181818181818,4.057142857142857,3.1669535283993118,3.25,0.8571428571428571,10.083333333333334,3.75,6.3809523809523805,0.41326530612244905,8.571428571428571,5.054945054945054,0.13333333333333333,10.176470588235293,40.27272727272727,19.714285714285715,0.9495860529398833
177,168521,"Cauliflower, frozen, cooked, boiled, drained, with salt",Vegetables and Vegetable Products,1.7894736842105263,0.06666666666666667,0.0,8.375,0.6071428571428571,10.8,11.714285714285714,4.714285714285714,2.2777777777777777,4.357142857142857,3.443223443223443,4.095238095238095,2.5714285714285716,2.1904761904761902,1.6774891774891774,0.3,2.025,1.9600000000000002,3.314285714285714,4.363636363636363,3.9714285714285715,2.771084337349398,3.3124999999999996,0.8571428571428571,10.583333333333334,3.303571428571428,5.619047619047619,0.20204081632653065,7.5,4.45054945054945,0.0,5.1764705882352935,28.454545454545453,17.0,0.7261540404834401
178,168522,"Chrysanthemum, garland, cooked, boiled, drained, with salt",Vegetables and Vegetable Products,7.2631578947368425,17.144444444444446,0.0,3.2,0.7142857142857143,9.2,14.285714285714286,,20.77777777777778,,,,5.142857142857143,,3.896103896103896,,,0.8400000000000001,,7.818181818181818,16.257142857142856,2.8227194492254735,10.0,0.42857142857142855,12.041666666666666,1.875,,0.08265306122448982,,,17.2,6.941176470588235,21.727272727272727,203.85714285714283,1.1171600622822155
179,168525,"Corn, sweet, yellow, cooked, boiled, drained, with salt",Vegetables and Vegetable Products,0.3157894736842105,0.7333333333333333,0.0,7.275,3.4285714285714284,9.6,6.571428571428571,12.999999999999998,2.5,9.5,13.11355311355311,6.714285714285713,7.428571428571429,6.571428571428571,9.107142857142858,7.324999999999999,0.44999999999999996,15.84,8.857142857142856,14.0,6.228571428571429,5.869191049913942,3.5625,0.2857142857142857,10.541666666666666,8.303571428571429,12.666666666666666,1.3775510204081636,8.214285714285714,10.494505494505495,1.7333333333333334,8.176470588235295,5.0,0.5714285714285714,3.4631961930748685
180,168526,"Cowpeas (blackeyes), immature seeds, cooked, boiled, drained, with salt",Vegetables and Vegetable Products,13.473684210526315,5.277777777777778,0.0,8.225,3.357142857142857,20.0,36.285714285714285,14.714285714285712,6.222222222222223,12.142857142857142,8.278388278388277,9.95238095238095,14.857142857142858,4.285714285714286,7.591991341991342,1.1625,1.7000000000000002,3.08,9.942857142857141,9.272727272727273,11.942857142857143,5.456110154905336,9.249999999999998,3.5714285714285716,10.0,9.017857142857144,11.238095238095237,0.34897959183673477,13.214285714285712,10.109890109890108,5.333333333333333,3.823529411764706,2.0000000000000004,,5.7533743207534105
181,168527,"Cowpeas (blackeyes), immature seeds, frozen, cooked, boiled, drained, with salt",Vegetables and Vegetable Products,2.4210526315789473,0.5,0.0,11.4,4.678571428571429,25.6,40.285714285714285,39.14285714285714,11.777777777777779,32.5,22.197802197802194,26.571428571428573,14.285714285714286,11.523809523809524,3.939393939393939,1.9875,2.9000000000000004,4.26,26.628571428571426,22.181818181818183,10.714285714285714,14.612736660929434,4.0,4.857142857142857,10.041666666666666,23.21428571428571,30.095238095238095,0.6061224489795919,35.0,27.03296703296703,0.5333333333333333,5.588235294117648,2.3636363636363638,52.57142857142856,7.931836442203731
182,168528,"Cowpeas, young pods with seeds, cooked, boiled, drained, with salt",Vegetables and Vegetable Products,5.7894736842105265,,0.0,,1.2142857142857142,,7.428571428571429,,3.888888888888889,,,,11.714285714285714,,4.329004329004329,0.8999999999999999,1.3,12.760000000000002,,8.909090909090908,5.6,4.475043029259897,5.625,1.0,9.958333333333334,8.035714285714285,,0.2755102040816327,,,9.333333333333334,7.23529411764706,15.454545454545455,,1.3405920747386586
183,168529,"Cowpeas, leafy tips, cooked, boiled, drained, with salt",Vegetables and Vegetable Products,7.2631578947368425,,0.0,,0.7857142857142857,,17.142857142857142,,6.055555555555556,,,,17.714285714285715,,5.454545454545454,0.3,0.42500000000000004,0.9199999999999999,,7.636363636363637,10.028571428571428,8.037865748709123,8.874999999999998,1.2857142857142858,10.083333333333334,22.857142857142858,,0.09183673469387757,,,3.8666666666666667,7.9411764705882355,16.727272727272727,,1.3405920747386586
184,168530,"Gourd, dishcloth (towelgourd), cooked, boiled, drained, with salt",Vegetables and Vegetable Products,0.9473684210526315,,0.0,,1.9285714285714286,11.6,3.4285714285714284,,2.0,,,,5.714285714285714,,1.406926406926407,1.8499999999999999,,10.02,,5.636363636363637,12.942857142857143,1.1359724612736661,2.625,0.2857142857142857,10.708333333333334,4.107142857142857,,0.3122448979591837,,,,5.8235294117647065,5.181818181818182,2.4285714285714284,0.9495860529398833
185,168531,"Drumstick leaves, cooked, boiled, drained, with salt",Vegetables and Vegetable Products,15.894736842105264,46.75555555555555,0.0,5.25,2.142857142857143,8.0,6.571428571428571,15.714285714285714,12.888888888888888,18.07142857142857,16.227106227106223,14.333333333333332,9.714285714285714,6.571428571428571,10.795454545454545,,,2.04,15.599999999999998,12.181818181818182,9.82857142857143,9.070567986230637,31.812499999999996,1.2857142857142858,10.208333333333334,19.82142857142857,21.904761904761905,0.8540816326530614,28.928571428571423,18.79120879120879,46.8,54.64705882352941,28.181818181818183,154.28571428571428,2.737042152591428
186,168532,"Drumstick pods, cooked, boiled, drained, with salt",Vegetables and Vegetable Products,2.1052631578947367,,0.0,,1.2857142857142858,16.8,8.571428571428571,,2.5,,,,12.0,,3.1926406926406927,,,14.02,,8.909090909090908,13.057142857142857,3.5972461273666094,4.25,1.0,11.625,4.107142857142857,,0.17448979591836739,,,0.5333333333333333,6.588235294117648,88.18181818181819,,2.346036130792653
187,168533,"Hyacinth-beans, immature seeds, cooked, boiled, drained, with salt",Vegetables and Vegetable Products,4.315789473684211,,0.0,,1.7857142857142858,,13.428571428571429,17.71428571428571,4.222222222222222,14.357142857142858,11.245421245421243,9.666666666666666,12.0,2.4761904761904763,2.5974025974025974,0.025,0.22499999999999998,1.06,3.714285714285714,8.909090909090908,7.485714285714286,5.077452667814114,5.499999999999999,2.2857142857142856,9.916666666666666,5.0,11.80952380952381,0.24795918367346942,,11.978021978021976,0.9333333333333333,1.352941176470588,4.636363636363636,,2.1226041183362097
188,168534,"Lambsquarters, cooked, boiled, drained, with salt",Vegetables and Vegetable Products,27.157894736842106,52.08888888888889,0.0,0.125,1.1428571428571428,8.4,4.0,12.57142857142857,3.888888888888889,13.785714285714285,9.78021978021978,12.857142857142856,6.571428571428571,3.5238095238095233,4.87012987012987,3.4250000000000003,0.8,1.24,7.199999999999999,8.181818181818182,8.228571428571428,5.507745266781412,16.25,1.2857142857142858,11.041666666666666,8.928571428571427,11.80952380952381,0.6428571428571429,10.357142857142858,9.450549450549449,52.13333333333333,10.235294117647058,33.63636363636363,706.0,1.6757400934233233
189,168535,"Leeks, (bulb and lower leaf-portion), cooked, boiled, drained, with salt",Vegetables and Vegetable Products,3.1578947368421053,5.411111111111111,0.0,,1.1071428571428572,4.0,6.857142857142857,2.0,6.111111111111112,2.0,1.9047619047619044,2.0,4.0,0.9523809523809523,1.0822510822510822,0.5625,1.6500000000000001,1.44,1.714285714285714,3.090909090909091,2.4857142857142858,1.3941480206540449,1.25,0.7142857142857143,10.25,2.321428571428571,3.238095238095238,0.18367346938775514,2.142857142857143,1.703296703296703,5.466666666666667,6.647058823529412,3.8181818181818183,36.285714285714285,0.33514801868466465
190,168536,"Lotus root, cooked, boiled, drained, with salt",Vegetables and Vegetable Products,2.736842105263158,,0.0,6.35,2.357142857142857,12.4,2.2857142857142856,3.285714285714285,5.0,2.357142857142857,1.5384615384615383,2.7142857142857144,6.285714285714286,1.3333333333333335,1.6233766233766234,0.125,0.1,6.04,1.5999999999999999,14.181818181818182,10.371428571428572,2.7194492254733222,0.625,0.8571428571428571,11.708333333333334,11.339285714285712,2.9523809523809526,0.06428571428571431,4.285714285714286,1.868131868131868,0.0,12.823529411764707,24.90909090909091,,1.8433141027656557
191,168537,"Mushrooms, white, cooked, boiled, drained, with salt",Vegetables and Vegetable Products,0.631578947368421,0.0,0.0,5.1,1.0,8.8,5.142857142857143,5.7142857142857135,9.666666666666666,3.785714285714285,3.0769230769230766,3.571428571428571,3.4285714285714284,2.095238095238095,24.134199134199132,2.2375,0.025,43.2,3.428571428571428,15.818181818181818,10.17142857142857,3.734939759036145,18.75,19.142857142857142,9.916666666666666,6.517857142857142,7.142857142857142,0.43163265306122456,8.571428571428571,8.956043956043954,0.0,5.588235294117648,3.6363636363636362,0.0,4.859646270927637
192,168538,"Corn, sweet, white, raw",Vegetables and Vegetable Products,0.21052631578947367,0.011111111111111112,0.0,,3.0714285714285716,10.8,13.142857142857142,12.714285714285714,2.888888888888889,9.214285714285714,12.747252747252745,6.523809523809524,10.571428571428571,6.3809523809523805,9.1991341991342,6.775,0.4,15.2,8.571428571428571,16.181818181818183,7.714285714285714,5.542168674698796,3.75,0.8571428571428571,0.625,17.857142857142854,12.285714285714285,1.0836734693877552,8.214285714285714,10.164835164835162,0.0,3.235294117647059,6.181818181818182,0.42857142857142855,2.513610140134985
193,168539,"Corn, sweet, white, cooked, boiled, drained, without salt",Vegetables and Vegetable Products,0.21052631578947367,0.011111111111111112,0.0,7.275,3.4642857142857144,10.8,5.714285714285714,12.999999999999998,3.055555555555556,9.5,13.11355311355311,6.714285714285713,8.857142857142858,6.571428571428571,9.015151515151514,7.324999999999999,0.44999999999999996,14.98,8.857142857142856,16.727272727272727,7.2,5.748709122203099,3.3124999999999996,1.1428571428571428,0.125,8.035714285714285,12.666666666666666,1.2948979591836738,8.214285714285714,10.494505494505495,0.0,7.470588235294118,5.636363636363637,0.5714285714285714,3.016332168161982
194,168540,"Corn, sweet, white, cooked, boiled, drained, with salt",Vegetables and Vegetable Products,0.21052631578947367,0.011111111111111112,0.0,7.275,3.4642857142857144,10.8,5.714285714285714,12.999999999999998,3.055555555555556,9.5,13.11355311355311,6.714285714285713,8.857142857142858,6.571428571428571,9.015151515151514,7.324999999999999,0.44999999999999996,14.98,8.857142857142856,16.727272727272727,7.2,5.748709122203099,3.3124999999999996,1.1428571428571428,10.541666666666666,8.035714285714285,12.666666666666666,1.2948979591836738,8.214285714285714,10.494505494505495,0.0,7.470588235294118,5.636363636363637,0.5714285714285714,3.016332168161982
195,168544,"Corn, sweet, white, frozen, kernels cut off cob, unprepared",Vegetables and Vegetable Products,0.42105263157894735,0.011111111111111112,0.0,,3.142857142857143,11.6,10.285714285714286,11.857142857142858,2.2777777777777777,8.642857142857142,11.94139194139194,6.095238095238095,5.142857142857143,6.0,9.33982683982684,4.1125,0.35000000000000003,5.6000000000000005,8.057142857142855,12.727272727272727,6.085714285714285,5.197934595524957,4.375,1.0,0.125,7.410714285714286,11.523809523809524,0.7071428571428573,7.5,9.505494505494502,0.0,10.470588235294118,5.7272727272727275,0.42857142857142855,2.0667461152220987
196,168545,"Corn, sweet, white, frozen, kernels cut off cob, boiled, drained, without salt",Vegetables and Vegetable Products,0.42105263157894735,0.011111111111111112,0.0,5.5,2.857142857142857,9.6,8.857142857142858,10.285714285714283,1.9444444444444444,10.499999999999998,9.890109890109889,7.857142857142857,5.428571428571429,6.952380952380952,7.029220779220779,2.4625,0.15,3.6,8.057142857142855,10.363636363636363,4.2,4.733218588640276,4.437499999999999,1.0,0.20833333333333334,7.410714285714286,11.80952380952381,0.39489795918367354,11.785714285714285,9.890109890109889,0.0,7.588235294117648,2.8181818181818183,0.42857142857142855,2.234320124564431
197,168547,"Peppers, sweet, red, frozen, chopped, unprepared",Vegetables and Vegetable Products,0.9473684210526315,13.988888888888889,0.0,1.075,0.7142857142857143,6.4,4.0,3.1428571428571423,3.4444444444444446,2.5,2.051282051282051,2.2857142857142856,2.2857142857142856,1.2380952380952381,7.413419913419913,1.275,0.25,0.6,1.8857142857142857,3.090909090909091,2.6,1.8588640275387265,2.3749999999999996,0.2857142857142857,0.20833333333333334,6.160714285714286,3.8095238095238093,0.1928571428571429,5.0,2.472527472527472,16.133333333333333,8.058823529411766,53.36363636363637,5.428571428571429,0.33514801868466465
198,168548,"Peppers, sweet, red, frozen, chopped, boiled, drained, without salt",Vegetables and Vegetable Products,0.8421052631578947,11.044444444444444,0.0,0.95,0.5714285714285714,3.2,2.857142857142857,2.2857142857142856,2.888888888888889,1.4285714285714284,1.2454212454212454,1.619047619047619,2.0,0.47619047619047616,5.854978354978355,1.125,0.22499999999999998,0.45999999999999996,2.7428571428571424,2.3636363636363638,2.057142857142857,1.6351118760757317,1.9375,0.2857142857142857,0.16666666666666666,4.553571428571428,3.714285714285714,0.16530612244897963,3.928571428571428,1.5934065934065933,12.8,6.352941176470589,37.45454545454545,4.857142857142857,0.2792900155705539
199,168549,"Peppers, sweet, red, frozen, chopped, boiled, drained, with salt",Vegetables and Vegetable Products,0.8421052631578947,11.044444444444444,0.0,0.95,0.5714285714285714,3.2,2.857142857142857,2.2857142857142856,2.888888888888889,1.4285714285714284,1.2454212454212454,1.619047619047619,2.0,0.47619047619047616,5.854978354978355,1.125,0.22499999999999998,0.45999999999999996,2.7428571428571424,2.3636363636363638,2.057142857142857,1.6351118760757317,1.9375,0.2857142857142857,10.0,4.553571428571428,3.714285714285714,0.16530612244897963,3.928571428571428,1.5934065934065933,12.8,6.352941176470589,37.45454545454545,4.857142857142857,0.2792900155705539
200,168550,"Peppers, sweet, red, sauteed",Vegetables and Vegetable Products,0.7368421052631579,17.444444444444443,0.0,1.525,4.75,7.2,0.5714285714285714,2.4285714285714284,2.611111111111111,1.5714285714285712,1.355311355311355,1.7619047619047616,3.4285714285714284,0.5714285714285714,5.162337662337662,61.8,19.375,4.88,3.028571428571428,4.181818181818182,5.514285714285714,1.7900172117039588,6.8125,,0.875,5.0,4.0,11.70918367346939,4.285714285714286,1.758241758241758,18.4,21.41176470588235,148.00000000000003,23.428571428571427,0.8378700467116617
201,168552,"Mountain yam, hawaii, cooked, steamed, with salt",Vegetables and Vegetable Products,0.8421052631578947,,0.0,,2.9285714285714284,,3.4285714285714284,5.428571428571428,2.388888888888889,4.2142857142857135,3.9926739926739923,3.1904761904761902,2.857142857142857,2.1904761904761902,0.7034632034632035,0.375,0.15,9.6,4.571428571428571,7.2727272727272725,14.142857142857142,2.9776247848537007,0.875,1.2857142857142858,10.333333333333334,7.678571428571428,5.809523809523809,0.07346938775510205,5.0,3.8461538461538463,0.0,12.294117647058822,0.0,,1.787456099651545
202,168553,"Tree fern, cooked, with salt",Vegetables and Vegetable Products,0.8421052631578947,,0.0,,1.4285714285714286,14.8,4.285714285714286,,0.8888888888888888,,,,1.4285714285714286,,18.939393939393938,,,1.26,,0.7272727272727273,0.14285714285714285,0.4991394148020654,18.75,1.2857142857142858,10.041666666666666,0.0,,0.06428571428571431,,,1.3333333333333333,10.529411764705882,27.272727272727273,,1.7315980965374342
203,168556,Catsup,Vegetables and Vegetable Products,1.5789473684210527,3.511111111111111,0.0,3.125,3.607142857142857,1.2,2.5714285714285716,1.857142857142857,1.9444444444444444,1.0,0.7692307692307692,1.0952380952380951,3.7142857142857144,0.47619047619047616,7.75974025974026,0.4875,0.025,0.9400000000000001,1.2,4.7272727272727275,8.028571428571428,1.7900172117039588,10.375,1.0,37.791666666666664,0.982142857142857,1.8095238095238093,0.09183673469387757,1.7857142857142856,0.7692307692307692,3.466666666666667,9.294117647058824,3.7272727272727266,4.285714285714286,0.9495860529398833
204,168557,"Mushrooms, brown, italian, or crimini, exposed to ultraviolet light, raw",Vegetables and Vegetable Products,1.894736842105263,0.0,0.0,5.525,0.7857142857142857,2.4,8.0,,2.2222222222222223,,,,2.5714285714285716,,20.562770562770563,0.5,0.0,30.0,,21.818181818181817,12.8,4.302925989672978,30.625,37.142857142857146,0.25,8.482142857142856,,0.09183673469387757,,,0.0,6.470588235294118,0.0,0.0,6.144380342552187
205,168558,"Pickles, cucumber, dill or kosher dill",Vegetables and Vegetable Products,6.0,0.5888888888888889,0.0,0.85,0.42857142857142855,4.0,2.2857142857142856,1.2857142857142854,1.4444444444444444,1.357142857142857,0.9523809523809522,1.2380952380952381,2.0,0.47619047619047616,0.5898268398268398,0.65,1.7500000000000002,4.0200000000000005,0.9714285714285714,2.909090909090909,3.342857142857143,0.8605851979345956,3.5625,0.0,33.708333333333336,4.017857142857142,1.619047619047619,0.2755102040816327,1.7857142857142856,1.0989010989010988,0.8,2.058823529411765,2.090909090909091,24.714285714285715,0.5585800311411078
206,168560,"Pickle relish, hot dog",Vegetables and Vegetable Products,0.5263157894736842,,0.0,,3.25,6.0,0.2857142857142857,4.285714285714286,6.944444444444445,3.571428571428571,2.747252747252747,3.2857142857142856,5.428571428571429,1.714285714285714,2.7056277056277054,0.7000000000000001,1.35,0.14,2.628571428571428,7.2727272727272725,2.2285714285714286,2.581755593803787,2.5,0.0,45.458333333333336,3.571428571428571,4.476190476190476,0.4224489795918368,6.785714285714285,3.0769230769230766,1.0666666666666667,0.8823529411764706,0.9090909090909091,,1.1730180653963265
207,168561,"Pickle relish, sweet",Vegetables and Vegetable Products,0.3157894736842105,5.766666666666667,0.0,1.225,4.642857142857143,4.4,0.2857142857142857,0.857142857142857,4.833333333333333,0.857142857142857,0.6227106227106227,0.7619047619047619,1.4285714285714286,0.38095238095238093,1.2608225108225108,0.7374999999999999,1.575,0.14,0.6285714285714284,2.5454545454545454,0.7142857142857143,0.6368330464716008,2.0625,0.0,33.791666666666664,0.0,1.0476190476190474,0.43163265306122456,1.4285714285714286,0.7142857142857142,8.133333333333333,0.8823529411764706,0.9090909090909091,119.71428571428571,0.782012043597551
208,168562,"Pickles, cucumber, sour, low sodium",Vegetables and Vegetable Products,0.0,0.9,0.0,0.9,0.39285714285714285,4.8,0.2857142857142857,0.7142857142857142,2.2222222222222223,0.7142857142857142,0.5128205128205128,0.6666666666666667,1.1428571428571428,0.2857142857142857,0.0,0.42500000000000004,1.15,0.76,0.5142857142857141,2.5454545454545454,0.6571428571428571,0.5679862306368331,0.625,0.0,0.75,0.0,0.857142857142857,0.18367346938775514,1.0714285714285714,0.6043956043956042,1.3333333333333333,0.5294117647058824,0.9090909090909091,67.14285714285714,0.11171600622822156
209,168563,"Pickles, cucumber, dill, reduced sodium",Vegetables and Vegetable Products,6.0,0.5888888888888889,0.0,0.85,0.42857142857142855,4.0,2.2857142857142856,1.2857142857142854,1.4444444444444444,1.357142857142857,0.9523809523809522,1.2380952380952381,2.0,0.47619047619047616,0.5898268398268398,0.65,1.7500000000000002,4.0200000000000005,0.9714285714285714,2.909090909090909,3.342857142857143,0.8605851979345956,3.5625,0.0,0.75,4.017857142857142,1.619047619047619,0.2755102040816327,1.7857142857142856,1.0989010989010988,0.8,2.058823529411765,2.090909090909091,24.714285714285715,0.5585800311411078
210,168564,"Radicchio, raw",Vegetables and Vegetable Products,2.0,0.17777777777777778,0.0,2.725,0.8214285714285714,3.6,17.142857142857142,3.428571428571428,3.166666666666666,6.071428571428571,2.271062271062271,2.666666666666667,3.7142857142857144,0.7619047619047619,1.37987012987013,1.1625,0.4,5.380000000000001,1.9428571428571428,7.2727272727272725,8.628571428571428,2.4612736660929433,1.75,1.2857142857142858,0.9166666666666666,1.4285714285714286,3.8095238095238093,0.2295918367346939,9.285714285714285,3.5714285714285707,0.13333333333333333,3.3529411764705883,7.2727272727272725,364.57142857142856,3.4631961930748685
211,168565,"Squash, zucchini, baby, raw",Vegetables and Vegetable Products,2.210526315789474,,0.0,,0.75,4.4,5.714285714285714,8.428571428571427,4.388888888888889,7.0,5.824175824175823,7.19047619047619,9.428571428571429,3.714285714285714,3.814935064935065,0.7875,2.65,7.340000000000001,5.485714285714285,16.90909090909091,13.114285714285714,4.6643717728055085,2.2499999999999996,0.42857142857142855,0.125,3.75,6.285714285714286,0.3673469387755103,8.571428571428571,6.758241758241757,3.3333333333333335,8.352941176470589,31.0,,4.6362142584711945
212,168566,"Tomatillos, raw",Vegetables and Vegetable Products,0.7368421052631579,0.7,0.0,1.9,1.1428571428571428,7.6,2.0,,3.4444444444444446,,,,5.714285714285714,,10.01082251082251,5.025,0.4,3.0,,7.090909090909091,7.6571428571428575,1.6523235800344236,2.1875,0.7142857142857143,0.041666666666666664,3.928571428571428,,0.9367346938775512,,,0.8,3.294117647058824,10.636363636363637,14.428571428571429,1.2288760685104372
213,168568,"Carrots, baby, raw",Vegetables and Vegetable Products,3.3684210526315788,71.0111111111111,0.0,1.875,1.25,11.6,7.714285714285714,1.857142857142857,4.944444444444445,2.4285714285714284,1.282051282051282,1.5714285714285714,2.857142857142857,0.5714285714285714,3.008658008658009,0.7125,0.2,8.02,1.4857142857142855,5.090909090909091,6.771428571428571,1.1015490533562824,2.2499999999999996,1.2857142857142858,3.25,2.6785714285714284,2.9523809523809526,0.11938775510204083,3.2142857142857135,1.9780219780219774,92.0,6.176470588235294,2.3636363636363638,13.428571428571429,0.9495860529398833
214,168571,"Nopales, raw",Vegetables and Vegetable Products,17.263157894736842,2.7777777777777777,0.0,1.825,0.5714285714285714,8.8,0.8571428571428571,3.571428571428571,3.2777777777777777,3.5,2.8205128205128203,2.8095238095238093,14.857142857142858,1.4285714285714286,2.2186147186147185,0.5499999999999999,0.125,3.34,2.8,2.909090909090909,7.3428571428571425,2.2719449225473323,2.5625,1.0,0.875,1.0714285714285714,3.8095238095238093,0.08265306122448982,5.0,3.241758241758241,3.066666666666667,4.11764705882353,8.454545454545455,7.571428571428571,1.3964500778527695
215,168572,"Cabbage, napa, cooked",Vegetables and Vegetable Products,3.0526315789473686,1.4777777777777779,0.0,,0.42857142857142855,,12.285714285714286,,4.111111111111111,,,,2.2857142857142856,,2.5216450216450217,,,0.7000000000000001,,3.4545454545454546,2.4857142857142858,1.8932874354561107,1.5625,0.5714285714285714,0.4583333333333333,0.4464285714285714,,0.15612244897959185,,,1.7333333333333334,2.176470588235294,2.909090909090909,,0.782012043597551
216,168573,"Lemon grass (citronella), raw",Vegetables and Vegetable Products,6.842105263157895,0.03333333333333333,0.0,,3.5357142857142856,,21.428571428571427,,45.388888888888886,,,,17.142857142857142,,5.957792207792207,1.725,0.775,1.0,,18.363636363636363,20.65714285714286,3.132530120481928,8.4375,1.0,0.25,5.803571428571428,,0.45000000000000007,,,0.0,4.705882352941177,2.3636363636363638,,12.456334694446705
217,168574,"Beans, fava, in pod, raw",Vegetables and Vegetable Products,3.8947368421052633,2.1777777777777776,0.0,,3.142857142857143,30.0,42.285714285714285,,8.61111111111111,,,,9.428571428571429,,12.16991341991342,3.9,0.75,4.5,,23.454545454545453,9.485714285714286,13.631669535283994,18.124999999999996,1.1428571428571428,1.0416666666666667,11.875,,0.6704081632653063,,,2.2666666666666666,6.11764705882353,3.3636363636363638,58.42857142857143,5.585800311411078
218,168575,"Grape leaves, raw",Vegetables and Vegetable Products,38.21052631578947,179.93333333333334,0.0,3.2,3.3214285714285716,44.0,23.714285714285715,,14.61111111111111,,,,27.142857142857142,,12.781385281385282,1.8499999999999999,21.4,4.62,,16.545454545454547,7.771428571428571,9.63855421686747,22.124999999999996,1.2857142857142858,0.375,3.571428571428571,,1.9469387755102043,,,183.46666666666667,23.529411764705884,10.090909090909092,155.14285714285714,3.7424862086454223
219,168576,"Peppers, jalapeno, raw",Vegetables and Vegetable Products,1.263157894736842,6.233333333333333,0.0,1.875,1.0357142857142858,11.2,7.714285714285714,,1.3888888888888888,,,,4.285714285714286,,6.926406926406926,0.775,1.25,6.3,,4.7272727272727275,7.085714285714285,1.566265060240964,4.375,0.5714285714285714,0.125,3.571428571428571,,0.339795918367347,,,7.2,24.647058823529413,107.81818181818181,26.428571428571427,0.782012043597551
220,168578,"Peppers, hungarian, raw",Vegetables and Vegetable Products,1.263157894736842,5.166666666666667,0.0,1.925,1.0357142857142858,4.0,15.142857142857142,2.2857142857142856,2.5555555555555554,1.857142857142857,1.5384615384615383,1.714285714285714,4.571428571428571,0.9523809523809523,5.909090909090909,2.8625000000000003,0.27499999999999997,4.1,1.4285714285714284,5.2727272727272725,5.771428571428571,1.376936316695353,3.4375,0.42857142857142855,0.041666666666666664,7.053571428571428,2.857142857142857,0.37653061224489803,3.571428571428571,1.868131868131868,5.466666666666667,30.411764705882355,84.45454545454545,14.142857142857142,1.6757400934233233
221,168580,"Mushrooms, oyster, raw",Vegetables and Vegetable Products,0.3157894736842105,0.32222222222222224,0.0,12.175,1.1785714285714286,9.2,10.857142857142858,10.0,7.388888888888889,8.0,6.153846153846153,6.0,5.142857142857143,4.0,26.81818181818182,1.5375,0.0,25.880000000000003,6.3999999999999995,21.818181818181817,12.0,5.6970740103270225,21.812499999999996,3.7142857142857144,0.75,11.160714285714285,13.333333333333334,0.37653061224489803,15.0,10.824175824175821,0.26666666666666666,6.470588235294118,0.0,0.0,4.30106623978653
222,168583,"Wasabi, root, raw",Vegetables and Vegetable Products,13.473684210526315,0.23333333333333334,0.0,,3.892857142857143,31.2,5.142857142857143,,5.722222222222222,,,,19.714285714285715,,4.02056277056277,,,4.0600000000000005,,14.545454545454545,16.228571428571428,8.261617900172118,7.125,,0.7083333333333334,11.696428571428571,,0.5785714285714286,,,0.26666666666666666,16.117647058823533,38.09090909090909,,9.048996504485947
223,168584,"Fiddlehead ferns, frozen, unprepared",Vegetables and Vegetable Products,2.526315789473684,20.77777777777778,0.0,,1.2142857142857142,,,,4.055555555555555,,,,5.428571428571429,,17.64069264069264,,,,,10.545454545454545,3.6857142857142855,7.418244406196213,8.125,,0.0,1.25,,0.32142857142857145,,,22.4,,16.181818181818183,,3.9659182211018655
224,168585,"Nuts, coconut meat, dried (desiccated), creamed",Nut and Seed Products,2.736842105263158,,0.0,,24.428571428571427,,2.5714285714285716,17.428571428571427,18.666666666666668,14.857142857142856,14.395604395604394,11.142857142857144,26.285714285714285,9.428571428571429,3.3062770562770565,9.45,,16.220000000000002,15.37142857142857,38.0,15.742857142857142,9.122203098106713,6.312500000000001,,1.5416666666666667,5.44642857142857,18.38095238095238,63.44081632653062,22.142857142857142,17.637362637362635,0.0,17.88235294117647,1.3636363636363635,,11.395032635278598
225,168586,"Nuts, coconut meat, dried (desiccated), sweetened, shredded",Nut and Seed Products,1.5789473684210527,0.0,0.0,4.825,17.892857142857142,18.0,2.2857142857142856,9.428571428571429,10.666666666666666,8.071428571428571,7.838827838827837,6.0476190476190474,14.285714285714286,5.142857142857143,2.5649350649350646,4.8500000000000005,0.0,14.440000000000001,8.342857142857142,19.454545454545453,9.628571428571428,4.95697074010327,1.25,23.857142857142858,10.916666666666666,2.767857142857143,10.0,32.59285714285715,12.142857142857142,9.615384615384613,0.0,15.941176470588237,0.6363636363636364,0.42857142857142855,10.166156566768162
226,168587,"Seeds, sisymbrium sp. seeds, whole, dried",Nut and Seed Products,171.89473684210526,,0.0,,11.357142857142858,,27.142857142857142,46.42857142857142,0.6111111111111112,46.42857142857142,45.2014652014652,38.38095238095239,89.71428571428571,29.61904761904762,91.0443722943723,7.1499999999999995,36.275,19.94,33.37142857142857,1.0909090909090908,60.857142857142854,20.89500860585198,26.437499999999996,,3.8333333333333335,17.053571428571427,65.6190476190476,4.224489795918368,95.0,38.73626373626373,0.4,45.76470588235294,27.90909090909091,,1.6757400934233233
227,168588,"Nuts, almond butter, plain, without salt added",Nut and Seed Products,36.526315789473685,0.011111111111111112,0.0,13.025,21.928571428571427,41.2,15.142857142857142,78.57142857142857,19.38888888888889,58.07142857142856,54.32234432234432,29.14285714285714,79.71428571428571,11.619047619047619,17.07251082251082,170.0625,0.17500000000000002,6.36,65.65714285714286,92.36363636363636,21.37142857142857,36.075731497418246,58.68749999999999,3.4285714285714284,0.2916666666666667,3.660714285714286,52.85714285714286,50.96938775510205,56.785714285714285,51.483516483516475,0.0,6.0588235294117645,0.0,0.0,18.377283024542447
228,168589,"Nuts, chestnuts, japanese, boiled and steamed",Nut and Seed Products,1.1578947368421053,,0.0,,2.0,,4.857142857142857,2.8571428571428568,2.9444444444444446,2.8571428571428568,1.8681318681318677,2.5238095238095237,5.142857142857143,1.9047619047619047,2.9383116883116887,0.5625,0.125,1.5,1.8285714285714285,4.7272727272727275,3.4,1.4113597246127367,3.6874999999999996,,0.20833333333333334,11.160714285714285,3.142857142857143,0.17448979591836739,4.285714285714286,2.692307692307692,0.13333333333333333,6.0,8.636363636363637,,2.234320124564431
229,168590,"Nuts, chestnuts, japanese, roasted",Nut and Seed Products,3.6842105263157894,,0.0,,7.178571428571429,,16.857142857142858,10.57142857142857,11.666666666666666,10.428571428571427,6.739926739926738,9.19047619047619,18.285714285714285,6.761904761904761,3.7878787878787876,2.325,0.5,9.32,6.628571428571428,16.90909090909091,12.2,5.111876075731498,,,0.7916666666666666,40.17857142857142,11.333333333333332,0.7346938775510206,15.357142857142856,9.670329670329668,0.5333333333333333,24.588235294117645,25.454545454545453,,7.987694445317842
230,168591,"Seeds, lotus seeds, raw",Nut and Seed Products,4.631578947368421,,0.0,,3.1785714285714284,,8.0,16.428571428571427,5.277777777777778,14.642857142857142,11.94139194139194,12.571428571428571,16.0,6.857142857142856,2.321428571428571,3.5624999999999996,0.675,4.5600000000000005,11.771428571428569,30.545454545454547,10.485714285714286,7.1084337349397595,2.5,,0.041666666666666664,15.267857142857142,19.047619047619047,0.4867346938775511,21.071428571428566,14.615384615384613,0.13333333333333333,9.882352941176471,0.0,,1.564024087195102
231,168592,"Nuts, almonds, honey roasted, unblanched",Nut and Seed Products,27.68421052631579,,0.0,,21.214285714285715,54.8,9.142857142857142,62.14285714285714,15.722222222222221,48.357142857142854,44.322344322344314,24.71428571428571,68.57142857142857,17.047619047619044,15.254329004329003,126.4,9.0,5.16,49.71428571428571,72.72727272727273,16.0,31.27366609294321,59.56249999999999,,5.416666666666667,10.178571428571427,54.76190476190475,45.8265306122449,100.35714285714285,44.12087912087912,0.0,5.0,0.6363636363636364,,14.523080809668803
232,168593,"Seeds, sunflower seed kernels, oil roasted, with salt added",Nut and Seed Products,9.157894736842104,0.05555555555555555,0.0,13.775,21.142857142857142,42.4,66.85714285714286,79.42857142857143,23.77777777777778,71.64285714285712,53.516483516483504,39.285714285714285,36.285714285714285,41.42857142857142,22.348484848484848,427.59999999999997,2.025,138.84,58.79999999999999,207.0909090909091,13.8,34.526678141135974,17.5,111.71428571428571,12.625,28.57142857142857,77.8095238095238,47.112244897959194,109.28571428571426,63.62637362637361,0.0,46.58823529411765,1.0000000000000002,4.428571428571429,29.102019622451717
233,168594,"Seeds, sunflower seed kernels, toasted, with salt added",Nut and Seed Products,6.0,,0.0,,22.107142857142858,46.0,68.0,68.14285714285712,37.833333333333336,61.49999999999999,45.93406593406593,33.71428571428571,36.857142857142854,35.61904761904761,22.71645021645022,467.375,1.975,141.12,50.45714285714285,210.54545454545453,14.028571428571428,29.621342512908782,17.812499999999996,88.85714285714286,25.541666666666668,29.01785714285714,66.85714285714285,52.163265306122454,93.92857142857142,54.61538461538461,0.0,47.35294117647059,1.2727272727272727,,29.60474165047871
234,168595,"Seeds, sunflower seed butter, with salt added (Includes foods for USDA's Food Distribution Program)",Nut and Seed Products,6.7368421052631575,,0.0,,22.035714285714285,22.8,67.71428571428571,70.28571428571428,22.88888888888889,60.14285714285714,48.16849816849816,25.333333333333332,88.85714285714286,41.42857142857142,36.50974025974026,121.7,1.25,23.34,53.828571428571415,121.0909090909091,16.457142857142856,29.741824440619624,10.1875,149.14285714285714,13.791666666666666,4.732142857142857,68.85714285714285,50.693877551020414,101.78571428571426,55.05494505494505,,32.352941176470594,2.4545454545454546,,27.314563522800167
235,168596,"Nuts, almonds, dry roasted, with salt added",Nut and Seed Products,28.210526315789473,0.011111111111111112,0.0,13.025,21.357142857142858,43.6,15.714285714285714,76.28571428571429,20.72222222222222,53.21428571428571,53.516483516483504,26.809523809523807,79.71428571428571,14.761904761904761,19.68073593073593,161.8125,0.25,6.42,64.11428571428571,85.63636363636364,20.37142857142857,36.075731497418246,74.8125,2.857142857142857,9.75,6.874999999999999,56.666666666666664,48.25102040816327,74.64285714285712,46.593406593406584,0.0,8.000000000000002,0.0,0.0,18.488999030770668
236,168597,"Nuts, cashew butter, plain, with salt added",Nut and Seed Products,6.421052631578948,0.0,0.0,12.075,21.75,12.0,15.714285714285714,36.71428571428571,27.27777777777778,31.78571428571428,30.439560439560434,24.904761904761905,58.857142857142854,19.428571428571427,5.995670995670996,165.0,3.975,,30.685714285714283,70.54545454545455,12.771428571428572,20.860585197934597,9.9375,13.285714285714286,12.291666666666666,14.107142857142856,36.952380952380956,48.701020408163274,57.85714285714285,33.9010989010989,0.0,11.941176470588236,0.0,43.285714285714285,24.745095379551074
237,168598,"Nuts, macadamia nuts, dry roasted, with salt added",Nut and Seed Products,7.368421052631579,0.0,0.0,11.15,25.571428571428573,32.0,2.857142857142857,,14.722222222222221,,,,33.714285714285715,,12.305194805194805,16.287499999999998,4.9,12.059999999999999,,36.0,10.371428571428572,13.407917383821,5.437499999999999,16.714285714285715,14.708333333333334,63.39285714285714,,69.86938775510205,,,0.0,21.11764705882353,0.6363636363636364,0.0,7.20568240172029
238,168599,"Nuts, mixed nuts, dry roasted, with peanuts, with salt added",Nut and Seed Products,7.368421052631579,0.03333333333333333,0.0,13.575,21.214285714285715,36.0,14.285714285714286,68.57142857142857,20.555555555555557,53.14285714285714,50.21978021978021,33.904761904761905,64.28571428571429,21.714285714285715,25.432900432900432,131.6875,4.75,24.1,54.45714285714285,79.0909090909091,19.8,29.776247848537007,12.5,10.714285714285714,14.375,17.857142857142854,56.857142857142854,47.25000000000001,94.28571428571428,51.318681318681314,0.0,17.41176470588235,0.36363636363636365,18.428571428571427,21.226041183362096
239,168600,"Nuts, mixed nuts, oil roasted, with peanuts, with salt added",Nut and Seed Products,12.31578947368421,0.022222222222222223,0.0,13.0,21.678571428571427,28.0,23.714285714285715,81.7142857142857,14.5,58.99999999999999,60.65934065934065,37.23809523809524,65.42857142857143,26.95238095238095,41.71536796536796,181.1875,2.0500000000000003,22.799999999999997,67.54285714285713,82.9090909090909,18.057142857142857,34.492254733218594,12.25,48.42857142857143,11.375,16.874999999999996,66.95238095238095,49.54591836734695,78.57142857142857,54.999999999999986,0.0,20.705882352941174,0.45454545454545453,8.142857142857142,18.768289046341224
240,168601,"Seeds, pumpkin and squash seeds, whole, roasted, with salt added",Nut and Seed Products,5.7894736842105265,,0.0,9.775,15.928571428571429,73.6,2.5714285714285716,73.57142857142857,18.38888888888889,68.28571428571428,57.58241758241758,66.0,74.85714285714286,39.71428571428571,1.5476190476190474,109.48750000000001,1.925,1.12,52.8,16.727272727272727,26.257142857142856,31.927710843373497,3.25,,105.875,3.0357142857142856,65.04761904761905,17.816326530612244,116.42857142857142,81.92307692307692,0.4,2.176470588235294,0.2727272727272727,,57.5337432075341
241,168602,"Nuts, almonds, oil roasted, lightly salted",Nut and Seed Products,30.63157894736842,0.011111111111111112,0.0,13.025,21.678571428571427,42.0,7.714285714285714,84.57142857142856,20.444444444444443,49.35714285714285,53.73626373626374,28.57142857142857,78.28571428571429,17.904761904761905,19.83225108225108,168.9875,0.0,4.58,65.48571428571428,84.72727272727273,19.97142857142857,36.54044750430293,48.8125,5.857142857142857,5.958333333333333,8.214285714285714,64.47619047619048,50.66632653061225,68.57142857142857,43.84615384615385,,6.941176470588235,0.0,0.0,17.14840695603201
242,168603,"Nuts, almond butter, plain, with salt added",Nut and Seed Products,36.526315789473685,0.011111111111111112,0.0,13.025,21.928571428571427,41.2,15.142857142857142,78.57142857142857,19.38888888888889,58.07142857142856,54.32234432234432,29.14285714285714,79.71428571428571,11.619047619047619,17.07251082251082,170.0625,0.17500000000000002,6.36,65.65714285714286,92.36363636363636,21.37142857142857,36.075731497418246,58.68749999999999,3.4285714285714284,9.458333333333334,3.660714285714286,52.85714285714286,50.96938775510205,56.785714285714285,51.483516483516475,0.0,6.0588235294117645,0.0,0.0,18.377283024542447
243,168604,"Seeds, sesame butter, tahini, type of kernels unspecified",Nut and Seed Products,14.842105263157896,,0.0,,21.142857142857142,18.8,28.0,,24.555555555555557,,,,27.142857142857142,,30.51948051948052,285.0875,10.025,,,143.63636363636363,13.114285714285714,29.948364888123923,7.5,49.142857142857146,1.4583333333333333,141.9642857142857,,48.6826530612245,,,0.4,8.823529411764707,3.8181818181818183,,25.80639743871918
244,168871,"Millet, cooked",Cereal Grains and Pasta,0.3157894736842105,0.022222222222222223,0.0,2.8,4.25,5.2,5.428571428571429,10.714285714285714,3.5,10.57142857142857,16.336996336996336,3.1904761904761902,12.571428571428571,6.666666666666667,7.196969696969697,6.0,0.7000000000000001,3.4200000000000004,10.57142857142857,18.181818181818183,1.7714285714285714,6.041308089500861,5.125,1.2857142857142858,0.08333333333333333,9.464285714285714,10.761904761904763,0.9183673469387756,13.57142857142857,10.109890109890108,0.0,6.352941176470589,0.0,0.42857142857142855,5.083078283384081
245,168875,"Rice, brown, medium-grain, cooked (Includes foods for USDA's Food Distribution Program)",Cereal Grains and Pasta,1.0526315789473684,,0.0,,4.0,7.2,1.1428571428571428,8.428571428571427,2.9444444444444446,7.0,6.9963369963369955,4.19047619047619,12.571428571428571,4.9523809523809526,7.196969696969697,3.5374999999999996,0.325,7.840000000000001,6.799999999999998,14.0,2.257142857142857,3.9931153184165233,0.7499999999999999,,0.041666666666666664,9.107142857142856,8.095238095238095,0.7622448979591838,10.714285714285714,7.472527472527472,0.0,8.76470588235294,0.0,,3.4631961930748685
246,168884,Rye grain,Cereal Grains and Pasta,2.526315789473684,0.07777777777777778,0.0,7.6,12.071428571428571,60.4,10.857142857142858,26.999999999999996,14.61111111111111,14.857142857142856,20.622710622710617,13.619047619047617,31.428571428571427,14.57142857142857,23.106060606060602,8.2375,2.7,29.119999999999997,24.857142857142854,60.36363636363637,14.571428571428571,17.796901893287437,15.6875,19.857142857142858,0.08333333333333333,28.21428571428571,27.523809523809522,1.4969387755102044,38.57142857142857,17.417582417582416,0.13333333333333333,17.294117647058822,0.0,8.428571428571429,14.802370825239356
247,168885,"Rye flour, dark",Cereal Grains and Pasta,3.8947368421052633,0.07777777777777778,0.0,7.6,11.607142857142858,95.2,9.428571428571429,33.285714285714285,27.61111111111111,25.214285714285708,31.391941391941387,16.095238095238095,45.714285714285715,18.952380952380953,23.106060606060602,11.2375,3.675,29.119999999999997,36.91428571428571,90.72727272727273,20.485714285714284,27.383820998278832,15.6875,25.714285714285715,0.08333333333333333,28.21428571428571,46.666666666666664,2.0387755102040823,64.28571428571428,27.362637362637358,0.13333333333333333,26.058823529411764,0.0,8.428571428571429,28.15243356951183
248,168886,"Rye flour, medium",Cereal Grains and Pasta,2.526315789473684,0.0,0.0,5.15,12.464285714285714,47.2,9.714285714285714,22.71428571428571,14.11111111111111,18.07142857142857,22.38095238095238,10.095238095238095,18.0,12.952380952380953,9.345238095238097,7.475,2.45,9.84,27.88571428571428,40.90909090909091,10.685714285714285,18.7263339070568,7.125,20.571428571428573,0.08333333333333333,25.624999999999996,32.476190476190474,1.395918367346939,43.92857142857142,19.120879120879117,0.0,15.764705882352942,0.0,8.428571428571429,12.12118667576204
249,168887,"Rye flour, light",Cereal Grains and Pasta,1.368421052631579,0.0,0.0,2.7,12.75,32.0,6.571428571428571,20.999999999999996,5.055555555555555,16.785714285714285,20.366300366300365,10.0,9.142857142857142,10.761904761904763,4.329004329004329,6.2625,2.075,13.3,25.428571428571427,23.636363636363637,6.4,16.901893287435456,5.625,25.142857142857146,0.08333333333333333,29.553571428571427,26.476190476190478,1.2214285714285715,39.64285714285714,17.747252747252748,0.0,13.764705882352942,0.0,8.428571428571429,7.429114414176734
250,168888,"Triticale flour, whole-grain",Cereal Grains and Pasta,3.6842105263157894,,0.0,,12.071428571428571,58.4,21.142857142857142,44.857142857142854,14.38888888888889,34.57142857142857,33.699633699633694,17.57142857142857,43.714285714285715,19.619047619047617,15.476190476190476,9.2625,1.325,43.339999999999996,36.8,58.36363636363637,13.314285714285715,22.68502581755594,8.25,,0.08333333333333333,33.74999999999999,38.95238095238095,1.662244897959184,56.42857142857142,33.79120879120879,0.0,23.70588235294118,0.0,,14.858228828353468
251,168889,"Wheat, hard red spring",Cereal Grains and Pasta,2.6315789473684212,0.05555555555555555,0.0,7.8,11.75,48.8,12.285714285714286,47.14285714285714,20.0,38.64285714285714,38.021978021978015,19.23809523809524,35.42857142857143,21.904761904761905,30.898268398268396,9.0875,0.8999999999999999,18.7,41.37142857142856,60.36363636363637,9.714285714285714,26.506024096385545,6.875,101.0,0.08333333333333333,44.99999999999999,41.238095238095234,1.7632653061224492,69.64285714285714,37.30769230769231,0.0,19.764705882352942,0.0,2.7142857142857144,15.528524865722797
252,168890,"Wheat, hard red winter",Cereal Grains and Pasta,3.0526315789473686,0.05555555555555555,0.0,7.8,11.678571428571429,48.8,10.857142857142858,40.71428571428571,17.72222222222222,32.714285714285715,31.282051282051274,15.952380952380953,36.0,19.142857142857142,29.56709956709957,7.5,0.675,19.08,33.82857142857142,52.36363636363637,10.371428571428572,21.7039586919105,7.1875,101.0,0.08333333333333333,34.19642857142856,34.76190476190476,1.4142857142857146,57.14285714285714,30.54945054945055,0.0,17.647058823529413,0.0,2.7142857142857144,14.802370825239356
253,168891,"Wheat, soft red winter",Cereal Grains and Pasta,2.8421052631578947,,0.0,,11.821428571428571,50.0,11.714285714285714,36.57142857142857,17.833333333333332,28.285714285714285,27.948717948717942,15.0,36.0,16.57142857142857,25.974025974025974,7.85,0.7000000000000001,17.0,29.028571428571425,89.63636363636364,11.342857142857143,17.81411359724613,5.999999999999999,,0.08333333333333333,35.17857142857142,32.57142857142857,1.43265306122449,,27.362637362637358,0.0,16.000000000000004,0.0,,14.690654819011135
254,168893,"Wheat flour, whole-grain (Includes foods for USDA's Food Distribution Program)",Cereal Grains and Pasta,3.5789473684210527,0.05555555555555555,0.0,7.8,12.142857142857142,42.8,12.571428571428571,50.999999999999986,20.0,31.64285714285714,32.89377289377289,17.095238095238095,39.142857142857146,21.714285714285715,26.823593073593074,13.6625,1.825,12.059999999999999,38.97142857142857,64.9090909090909,10.371428571428572,22.736660929432016,10.3125,88.28571428571429,0.08333333333333333,44.82142857142857,34.952380952380956,2.295918367346939,62.14285714285713,30.98901098901098,0.0,23.941176470588232,0.0,2.7142857142857144,14.523080809668803
255,168897,"Wild rice, cooked",Cereal Grains and Pasta,0.3157894736842105,0.022222222222222223,0.0,2.55,3.607142857142857,7.2,7.428571428571429,14.857142857142856,3.3333333333333335,11.928571428571427,10.10989010989011,8.095238095238095,9.142857142857142,11.333333333333332,6.9642857142857135,1.4874999999999998,2.375,3.08,11.14285714285714,14.909090909090908,2.8857142857142857,6.867469879518073,5.437499999999999,1.1428571428571428,0.125,4.642857142857142,12.095238095238095,0.3122448979591837,17.5,12.747252747252746,0.0,7.9411764705882355,0.0,0.7142857142857143,7.4849724172908445
256,168898,"Rice flour, brown",Cereal Grains and Pasta,1.1578947368421053,,0.0,,12.964285714285714,18.4,4.571428571428571,26.28571428571428,11.0,21.857142857142854,21.9047619047619,13.142857142857142,32.0,15.523809523809524,34.307359307359306,11.924999999999999,1.05,31.82,21.31428571428571,61.27272727272727,8.257142857142858,12.444061962134253,5.0,,0.3333333333333333,39.55357142857142,25.238095238095237,2.553061224489796,32.857142857142854,23.296703296703292,,43.29411764705882,0.0,,13.685210762957142
257,168900,"Pasta, gluten-free, corn, cooked",Cereal Grains and Pasta,0.10526315789473684,,0.0,,4.5,19.2,1.7142857142857142,11.428571428571427,1.3888888888888888,6.7142857142857135,11.794871794871794,3.5238095238095233,10.285714285714286,5.238095238095238,3.008658008658009,3.95,0.25,2.56,7.371428571428571,13.818181818181818,0.8857142857142857,4.526678141135973,1.4374999999999998,4.0,0.0,4.732142857142857,9.428571428571429,0.6704081632653063,6.785714285714285,7.307692307692307,0.4,3.4117647058823533,0.0,,3.519054196188979
258,168910,"Pasta, whole-wheat, cooked (Includes foods for USDA's Food Distribution Program)",Cereal Grains and Pasta,1.368421052631579,0.022222222222222223,0.0,1.625,5.321428571428571,15.6,6.0,20.0,9.555555555555555,16.571428571428573,14.981684981684978,6.333333333333333,15.428571428571429,9.238095238095239,16.915584415584412,6.7250000000000005,0.8999999999999999,5.36,17.028571428571425,23.09090909090909,2.742857142857143,10.309810671256455,6.1875,51.857142857142854,0.16666666666666666,13.928571428571427,15.333333333333334,1.5704081632653064,27.499999999999996,14.23076923076923,0.0,5.470588235294119,0.0,0.8571428571428571,7.4849724172908445
259,168912,"Spaghetti, spinach, cooked",Cereal Grains and Pasta,3.1578947368421053,,0.0,,4.642857142857143,,3.4285714285714284,13.285714285714285,5.777777777777778,12.64285714285714,11.428571428571427,4.476190476190476,17.714285714285715,6.761904761904761,8.279220779220779,2.8375,0.75,3.66,12.57142857142857,19.636363636363637,1.6571428571428573,7.8829604130808955,6.437499999999999,31.571428571428573,0.5833333333333334,8.660714285714286,11.714285714285715,0.5785714285714286,20.714285714285715,10.769230769230768,1.0666666666666667,5.647058823529412,0.0,,6.032664336323964
260,168917,"Quinoa, cooked",Cereal Grains and Pasta,1.7894736842105263,0.03333333333333333,0.0,5.75,4.285714285714286,11.2,12.0,18.14285714285714,8.277777777777779,11.214285714285714,9.56043956043956,11.38095238095238,18.285714285714285,9.142857142857142,2.229437229437229,12.174999999999999,2.125,,10.57142857142857,27.636363636363637,4.914285714285715,7.573149741824443,6.875,4.0,0.2916666666666667,9.553571428571427,12.476190476190476,1.7632653061224492,18.57142857142857,10.164835164835162,0.0,7.23529411764706,0.0,0.0,6.088522339438076
261,168918,"Teff, cooked",Cereal Grains and Pasta,5.157894736842105,,0.0,,3.607142857142857,11.2,5.142857142857143,12.57142857142857,11.388888888888888,10.428571428571427,11.39194139194139,5.190476190476191,14.285714285714286,11.904761904761905,4.918831168831169,,,,11.6,21.818181818181817,3.057142857142857,6.66092943201377,2.0625,,0.3333333333333333,16.33928571428571,14.190476190476188,0.5969387755102041,14.642857142857144,10.989010989010987,0.0,5.7058823529411775,,,6.200238345666297
262,168920,"Corn grain, white",Cereal Grains and Pasta,0.7368421052631579,,0.0,,13.035714285714286,,,40.99999999999999,15.055555555555555,24.07142857142857,42.3076923076923,12.619047619047619,36.285714285714285,18.76190476190476,19.626623376623375,26.2125,1.625,8.48,26.457142857142856,38.18181818181818,8.2,16.21342512908778,12.5625,22.142857142857142,1.4583333333333333,34.375,33.71428571428571,4.353061224489797,23.928571428571427,26.2087912087912,0.0,36.58823529411765,0.0,,12.344618688218482
263,168921,"Corn flour, whole-grain, blue (harina de maiz morado)",Cereal Grains and Pasta,0.5263157894736842,,,,13.0,33.6,,,9.666666666666666,,,,31.428571428571427,,14.069264069264069,,,11.000000000000002,,47.81818181818182,10.885714285714286,15.060240963855422,14.375,3.1428571428571432,0.20833333333333334,14.285714285714285,,4.674489795918368,,,,27.647058823529413,,,12.512192697560817
264,168943,"Sorghum flour, whole-grain",Cereal Grains and Pasta,1.263157894736842,,,,12.821428571428571,26.4,7.142857142857143,23.857142857142854,17.444444444444443,22.07142857142857,39.74358974358974,8.285714285714285,35.142857142857146,13.809523809523807,24.32900432900433,16.7,1.525,10.780000000000001,25.2,50.54545454545455,9.257142857142858,14.509466437177283,3.8124999999999996,17.428571428571427,0.125,29.374999999999996,29.71428571428571,3.067346938775511,37.857142857142854,21.263736263736263,0.0,19.11764705882353,0.7272727272727273,9.142857142857142,9.104854507600058
265,168944,"Wheat flour, whole-grain, soft wheat",Cereal Grains and Pasta,3.473684210526316,0.05555555555555555,0.0,7.8,11.857142857142858,52.4,8.0,,20.61111111111111,,,,33.42857142857143,,28.933982683982684,,,20.22,,58.72727272727273,11.257142857142858,16.54044750430293,11.75,18.142857142857142,0.125,26.51785714285714,,1.7908163265306125,,,0.0,11.23529411764706,0.0,2.7142857142857144,16.53396892177679
266,169065,"Beans, chili, barbecue, ranch style, cooked",Legumes and Legume Products,3.263157894736842,0.07777777777777778,0.0,9.075,3.4642857142857144,16.8,7.428571428571429,,10.333333333333334,,,,12.857142857142858,,1.948051948051948,2.7,8.475000000000001,,,28.0,12.857142857142858,8.605851979345957,9.375,1.8571428571428572,30.208333333333332,3.571428571428571,,0.9183673469387756,,,0.13333333333333333,15.882352941176471,1.5454545454545454,0.5714285714285714,11.171600622822156
267,169083,"Soybean, curd cheese",Legumes and Legume Products,19.789473684210527,0.2777777777777778,0.0,15.625,5.392857142857143,0.0,6.285714285714286,,31.11111111111111,,,,65.14285714285714,,2.7056277056277054,50.4,13.5,2.3200000000000003,,40.36363636363637,5.685714285714286,21.51462994836489,8.75,24.0,0.8333333333333334,0.0,,7.438775510204083,,,0.26666666666666666,4.11764705882353,0.0,6.57142857142857,9.607576535627054
268,169086,"Litchis, raw",Fruits and Fruit Juices,0.5263157894736842,0.0,0.0,1.775,2.357142857142857,5.2,4.0,,1.7222222222222223,,,1.9523809523809526,2.857142857142857,0.857142857142857,3.2629870129870127,0.8375,1.625,,,5.636363636363637,4.885714285714286,1.4285714285714286,4.0625,0.8571428571428571,0.041666666666666664,0.982142857142857,,0.4040816326530613,2.5,,0.0,5.882352941176471,65.0,0.5714285714285714,0.3910060217987755
269,169088,"Loganberries, frozen",Fruits and Fruit Juices,2.736842105263158,0.23333333333333334,0.0,2.125,1.9642857142857142,21.2,7.428571428571429,,3.5555555555555554,,,,6.0,,4.545454545454545,1.4625000000000001,1.4749999999999999,4.88,,4.7272727272727275,4.142857142857143,2.6161790017211706,2.125,0.2857142857142857,0.041666666666666664,4.4642857142857135,,0.28469387755102044,,,0.26666666666666666,3.823529411764706,13.909090909090908,11.142857142857142,1.8991721058797666
270,169089,"Longans, raw",Fruits and Fruit Juices,0.10526315789473684,,0.0,,2.142857142857143,4.4,,1.714285714285714,0.7222222222222222,1.857142857142857,1.9780219780219779,2.1904761904761902,2.857142857142857,1.2380952380952381,1.6233766233766234,,,,1.714285714285714,3.8181818181818183,7.6,2.2547332185886404,8.75,,0.0,2.767857142857143,3.238095238095238,0.09183673469387757,,3.1868131868131866,,,76.36363636363636,,0.2792900155705539
271,169092,"Melons, cantaloupe, raw",Fruits and Fruit Juices,0.9473684210526315,22.444444444444443,0.0,1.9,1.2142857142857142,3.6,6.0,2.142857142857143,1.1666666666666667,1.5,1.0622710622710623,1.4285714285714286,3.4285714285714284,1.1428571428571428,3.971861471861472,0.43750000000000006,1.15,2.1,1.314285714285714,2.727272727272727,7.628571428571429,1.4457831325301207,1.1874999999999998,0.5714285714285714,0.6666666666666666,3.660714285714286,1.619047619047619,0.17448979591836739,0.7142857142857143,1.813186813186813,22.533333333333335,4.235294117647059,33.36363636363637,3.5714285714285716,1.0054440560539941
272,169093,"Melons, casaba, raw",Fruits and Fruit Juices,1.1578947368421053,0.0,0.0,1.9,1.0,3.6,2.2857142857142856,,1.8888888888888888,,,,3.142857142857143,,1.2554112554112555,0.21250000000000002,0.5499999999999999,1.6800000000000002,,0.9090909090909091,5.2,1.9104991394148025,1.9375,0.5714285714285714,0.375,1.3392857142857142,,0.09183673469387757,,,0.0,9.588235294117649,19.818181818181817,3.5714285714285716,0.3910060217987755
273,169097,"Oranges, raw, all commercial varieties",Fruits and Fruit Juices,4.2105263157894735,0.7888888888888889,0.0,2.1,1.6785714285714286,9.6,8.571428571428571,2.5714285714285707,0.5555555555555556,1.7857142857142856,0.8424908424908423,2.238095238095238,2.857142857142857,1.9047619047619047,1.5259740259740258,0.22499999999999998,0.17500000000000002,5.0,1.7714285714285714,2.5454545454545454,5.171428571428572,1.6179001721170398,2.5,0.7142857142857143,0.0,7.7678571428571415,1.4285714285714286,0.11020408163265308,3.2142857142857135,2.1978021978021975,1.4666666666666666,3.5294117647058822,48.36363636363637,0.0,0.3910060217987755
274,169103,"Orange peel, raw",Fruits and Fruit Juices,16.94736842105263,,0.0,,3.4642857142857144,42.4,8.571428571428571,,4.444444444444445,,,,6.285714285714286,,4.87012987012987,0.36250000000000004,0.27499999999999997,9.8,,3.8181818181818183,6.057142857142857,2.581755593803787,5.625,1.4285714285714286,0.125,10.714285714285714,,0.18367346938775514,,,2.8,10.352941176470587,123.63636363636364,,1.3964500778527695
275,169105,"Tangerines, (mandarin oranges), raw",Fruits and Fruit Juices,3.8947368421052633,1.7222222222222223,0.0,2.55,1.8928571428571428,7.2,4.571428571428571,1.5714285714285712,0.8333333333333334,1.2142857142857142,1.0256410256410255,1.5238095238095237,3.4285714285714284,0.19047619047619047,2.034632034632035,0.6,0.44999999999999996,4.32,1.0285714285714282,3.6363636363636362,4.742857142857143,1.3941480206540449,2.2499999999999996,0.14285714285714285,0.08333333333333333,5.178571428571429,1.5238095238095237,0.28469387755102044,0.7142857142857143,1.1538461538461537,4.533333333333333,4.588235294117647,24.272727272727273,0.0,0.3910060217987755
276,169108,"Passion-fruit, (granadilla), purple, raw",Fruits and Fruit Juices,1.263157894736842,8.255555555555556,0.0,1.9,3.4642857142857144,41.6,4.0,,8.88888888888889,,,,8.285714285714286,,8.116883116883116,5.125,0.025,,,12.363636363636363,9.942857142857143,3.7865748709122213,8.125,0.8571428571428571,1.1666666666666667,0.0,,0.6428571428571429,,,8.533333333333333,5.882352941176471,27.272727272727273,1.0,0.5585800311411078
277,169116,"Peaches, frozen, sliced, sweetened",Fruits and Fruit Juices,0.3157894736842105,1.5666666666666667,0.0,1.275,3.357142857142857,7.2,0.8571428571428571,1.714285714285714,2.0555555555555554,1.2857142857142854,1.282051282051282,0.9523809523809523,1.4285714285714286,1.4285714285714286,3.533549783549783,0.7875,0.05,2.64,1.1428571428571428,2.0,3.7142857142857144,1.0843373493975905,2.1875,0.5714285714285714,0.25,1.1607142857142856,2.2857142857142856,0.11938775510204083,0.7142857142857143,1.868131868131868,1.8666666666666667,1.0588235294117647,85.63636363636364,3.1428571428571432,0.2792900155705539
278,169118,"Pears, raw",Fruits and Fruit Juices,0.9473684210526315,0.15555555555555556,0.0,1.275,2.0357142857142856,12.4,2.0,0.2857142857142857,1.0,0.7857142857142856,0.6959706959706958,0.8095238095238095,2.0,0.19047619047619047,0.8712121212121212,1.1625,0.025,0.9800000000000001,0.6285714285714284,2.1818181818181817,3.3142857142857145,0.6196213425129088,1.625,0.14285714285714285,0.041666666666666664,1.0714285714285714,1.0476190476190474,0.12857142857142861,0.7142857142857143,0.934065934065934,0.13333333333333333,1.7058823529411766,3.909090909090909,6.2857142857142865,0.5585800311411078
279,169124,"Pineapple, raw, all varieties",Fruits and Fruit Juices,1.368421052631579,0.3888888888888889,0.0,1.375,1.7857142857142858,5.6,5.142857142857143,1.4285714285714284,1.611111111111111,1.357142857142857,0.879120879120879,1.2380952380952381,3.4285714285714284,1.1428571428571428,2.7056277056277054,0.2875,0.42500000000000004,4.26,1.2,1.4545454545454546,3.1142857142857143,0.9294320137693632,2.0,0.14285714285714285,0.041666666666666664,7.053571428571428,1.8095238095238093,0.11020408163265308,1.7857142857142856,1.3186813186813184,0.4,6.588235294117648,43.45454545454545,1.0,0.6702960373693293
280,169129,"Pitanga, (surinam-cherry), raw",Fruits and Fruit Juices,0.9473684210526315,,0.0,,1.1785714285714286,,,,1.1111111111111112,,,,3.4285714285714284,,1.6233766233766234,,,,,2.0,2.942857142857143,1.376936316695353,2.5,,0.125,2.6785714285714284,,0.3673469387755103,,,10.0,,23.90909090909091,,
281,169130,"Plantains, yellow, raw",Fruits and Fruit Juices,0.3157894736842105,5.0777777777777775,0.0,3.375,4.357142857142857,6.8,6.285714285714286,,3.055555555555556,,,,10.285714285714286,,3.6363636363636362,0.0,0.0,6.0,,5.818181818181818,13.914285714285715,2.2375215146299485,4.749999999999999,2.142857142857143,0.16666666666666666,5.535714285714286,,0.32142857142857145,,,7.466666666666667,14.235294117647058,16.727272727272727,41.142857142857146,1.0613020591681048
282,169131,"Plantains, yellow, baked",Fruits and Fruit Juices,0.3157894736842105,4.1,0.0,3.175,5.535714285714286,8.8,15.142857142857142,17.999999999999996,1.5555555555555558,3.0,3.0769230769230766,3.5238095238095233,11.714285714285714,0.9523809523809523,3.7067099567099566,0.0,0.0,10.6,3.028571428571428,6.7272727272727275,13.628571428571428,2.6161790017211706,8.125,0.0,0.08333333333333333,8.035714285714285,5.0476190476190474,0.1469387755102041,7.5,2.3076923076923075,6.0,12.352941176470589,14.909090909090907,18.428571428571427,1.1730180653963265
283,169134,"Pomegranates, raw",Fruits and Fruit Juices,1.0526315789473684,0.0,0.0,1.9,2.9642857142857144,16.0,10.857142857142858,,1.6666666666666667,,,,3.4285714285714284,,1.5854978354978353,0.9875,0.0,7.540000000000001,,6.545454545454546,6.742857142857143,2.8743545611015495,3.3124999999999996,0.7142857142857143,0.125,5.982142857142857,,1.0744897959183675,,,0.0,4.411764705882353,9.272727272727272,23.428571428571427,1.9550301089938773
284,169135,"Lima beans, immature seeds, cooked, boiled, drained, without salt",Vegetables and Vegetable Products,3.3684210526315788,2.022222222222222,0.0,11.025,4.392857142857143,21.6,7.428571428571429,33.0,13.611111111111112,31.28571428571428,19.597069597069595,21.428571428571427,21.142857142857142,6.476190476190476,5.627705627705628,1.3,1.25,5.14,19.2,23.636363636363637,16.285714285714285,11.721170395869192,5.999999999999999,2.857142857142857,0.7083333333333334,12.5,27.523809523809522,0.2938775510204082,31.785714285714285,23.351648351648347,2.0,11.352941176470589,9.181818181818182,8.857142857142858,4.412782246014752
285,169137,"Mung beans, mature seeds, sprouted, cooked, boiled, drained, without salt",Vegetables and Vegetable Products,1.263157894736842,0.044444444444444446,0.0,2.475,0.75,3.2,8.285714285714286,7.428571428571428,3.611111111111111,7.0,4.761904761904761,5.857142857142858,4.0,2.380952380952381,4.42099567099567,0.2875,0.22499999999999998,4.86,4.914285714285714,5.090909090909091,2.8857142857142857,3.4939759036144578,6.374999999999999,0.8571428571428571,0.4166666666666667,4.4642857142857135,5.523809523809525,0.08265306122448982,10.0,5.329670329670329,0.13333333333333333,3.1764705882352944,10.363636363636363,32.42857142857143,2.6253261463632067
286,169139,"Beans, navy, mature seeds, sprouted, raw",Vegetables and Vegetable Products,1.5789473684210527,,0.0,,2.392857142857143,,37.714285714285715,24.57142857142857,10.722222222222221,19.5,16.19047619047619,16.666666666666664,28.857142857142858,6.095238095238095,6.6017316017316015,1.8375,6.5,16.5,17.71428571428571,18.181818181818183,8.771428571428572,10.585197934595525,13.4375,0.8571428571428571,0.5416666666666666,34.82142857142857,24.57142857142857,0.6428571428571429,22.857142857142858,17.36263736263736,0.0,11.23529411764706,17.09090909090909,,4.971362277155859
287,169140,"Beans, navy, mature seeds, sprouted, cooked, boiled, drained, without salt",Vegetables and Vegetable Products,1.6842105263157894,,0.0,,2.7857142857142856,,30.285714285714285,28.285714285714285,11.722222222222221,22.428571428571427,18.608058608058602,19.190476190476193,31.714285714285715,7.047619047619047,6.834415584415583,2.1125000000000003,7.475,17.08,20.399999999999995,18.727272727272727,9.057142857142857,12.168674698795181,14.6875,0.8571428571428571,0.5833333333333334,34.01785714285714,28.285714285714285,0.7438775510204083,26.428571428571423,19.94505494505494,0.0,11.647058823529413,15.727272727272727,,5.418226302068746
288,169141,"Beans, snap, green, cooked, boiled, drained, without salt",Vegetables and Vegetable Products,4.631578947368421,4.222222222222222,0.0,4.225,1.25,12.8,9.428571428571429,5.0,3.611111111111111,4.928571428571428,4.249084249084249,4.333333333333333,5.142857142857143,2.1904761904761902,3.3225108225108224,0.7000000000000001,2.225,1.48,3.9428571428571426,5.2727272727272725,4.171428571428572,3.2530120481927716,6.0625,0.2857142857142857,0.041666666666666664,6.607142857142856,7.80952380952381,0.25714285714285723,7.142857142857142,5.1098901098901095,4.266666666666667,3.294117647058824,8.818181818181817,68.42857142857143,1.3964500778527695
289,169145,"Beets, raw",Vegetables and Vegetable Products,1.6842105263157894,0.2222222222222222,0.0,1.5,1.5357142857142858,11.2,31.142857142857142,3.0,4.444444444444445,3.428571428571428,2.490842490842491,2.7619047619047623,6.571428571428571,1.714285714285714,1.8073593073593073,0.6875,0.125,3.1,2.628571428571428,7.2727272727272725,9.285714285714286,2.771084337349398,2.5,1.0,3.25,2.767857142857143,4.476190476190476,0.15612244897959185,6.785714285714285,3.0769230769230766,0.26666666666666666,3.9411764705882355,4.454545454545455,0.2857142857142857,1.9550301089938773
290,169146,"Beets, cooked, boiled, drained",Vegetables and Vegetable Products,1.6842105263157894,0.23333333333333334,0.0,1.575,1.5714285714285714,8.0,22.857142857142858,3.1428571428571423,4.388888888888889,3.571428571428571,2.6007326007326004,2.857142857142857,6.571428571428571,1.8095238095238093,1.7911255411255411,0.7250000000000001,0.125,2.8999999999999995,2.7428571428571424,6.909090909090909,8.714285714285714,2.8915662650602414,2.5,1.0,3.2083333333333335,2.4107142857142856,4.666666666666667,0.16530612244897963,7.142857142857142,3.241758241758241,0.26666666666666666,3.9411764705882355,3.272727272727273,0.2857142857142857,1.9550301089938773
291,169202,"Amaranth leaves, cooked, boiled, drained, without salt",Vegetables and Vegetable Products,22.0,,0.0,,0.75,,16.285714285714285,6.285714285714285,12.555555555555554,7.285714285714285,6.117216117216116,5.190476190476191,15.714285714285714,2.9523809523809526,3.024891774891775,0.9875,0.025,1.24,6.514285714285713,13.090909090909092,18.314285714285713,3.6316695352839936,8.375,1.2857142857142858,0.875,1.7857142857142856,8.095238095238095,0.16530612244897963,9.642857142857142,6.483516483516482,18.533333333333335,10.411764705882353,37.36363636363637,,4.915504274041749
292,169203,"Arrowhead, raw",Vegetables and Vegetable Products,1.0526315789473684,,0.0,,3.5357142857142856,,4.0,,14.277777777777779,,,,14.571428571428571,,8.928571428571429,,,11.98,,31.636363636363637,26.34285714285714,9.173838209982788,4.5625,1.0,0.9166666666666666,15.178571428571427,,0.2663265306122449,,,0.0,15.294117647058824,1.0000000000000002,,1.564024087195102
293,169204,"Arrowhead, cooked, boiled, drained, without salt",Vegetables and Vegetable Products,0.7368421052631579,,0.0,,2.7857142857142856,,2.5714285714285716,,6.722222222222222,,,,14.0,,6.277056277056277,,,8.98,,35.81818181818182,25.17142857142857,7.728055077452669,3.75,0.8571428571428571,0.75,12.857142857142854,,0.09183673469387757,,,0.0,12.117647058823529,0.2727272727272727,,1.2288760685104372
294,169205,"Artichokes, (globe or french), raw",Vegetables and Vegetable Products,4.631578947368421,0.08888888888888889,0.0,8.6,1.6785714285714286,21.6,19.428571428571427,,7.111111111111111,,,,17.142857142857142,,5.66017316017316,0.575,0.42500000000000004,6.760000000000001,,16.363636363636363,10.571428571428571,5.628227194492255,4.125,0.2857142857142857,3.9166666666666665,6.428571428571427,,0.13775510204081634,,,0.13333333333333333,6.8235294117647065,10.636363636363637,21.142857142857142,2.737042152591428
295,169208,"Asparagus, frozen, unprepared",Vegetables and Vegetable Products,2.6315789473684212,,0.0,,0.8571428571428571,7.6,54.57142857142857,7.142857142857142,4.055555555555555,8.499999999999998,5.128205128205128,7.285714285714285,4.0,2.9523809523809526,6.504329004329003,1.2,0.125,3.6799999999999997,4.3428571428571425,11.636363636363637,7.228571428571429,5.559380378657488,8.1875,2.4285714285714284,0.3333333333333333,10.803571428571427,8.571428571428571,0.2112244897959184,11.071428571428571,6.813186813186812,6.266666666666667,6.529411764705882,28.90909090909091,,3.295622183732536
296,169209,"Asparagus, frozen, cooked, boiled, drained, without salt",Vegetables and Vegetable Products,1.894736842105263,5.366666666666666,0.0,5.225,0.6428571428571429,6.4,38.57142857142857,6.57142857142857,3.1111111111111116,7.785714285714286,4.688644688644688,6.666666666666667,2.857142857142857,2.666666666666667,5.616883116883117,2.1875,0.25,3.16,4.0,8.909090909090908,4.914285714285715,5.077452667814114,6.437499999999999,5.571428571428571,0.125,5.803571428571428,7.80952380952381,0.3857142857142858,10.357142857142858,6.263736263736263,5.333333333333333,1.1764705882352942,22.181818181818183,114.28571428571429,2.290178127678542
297,169210,"Bamboo shoots, raw",Vegetables and Vegetable Products,1.368421052631579,0.13333333333333333,0.0,0.0,0.9642857142857143,8.8,2.0,6.0,2.7777777777777777,6.285714285714285,5.128205128205128,6.3809523809523805,0.8571428571428571,2.857142857142857,3.2467532467532467,1.425,0.5,3.22,5.142857142857142,10.727272727272727,15.228571428571428,4.475043029259897,4.375,1.1428571428571428,0.16666666666666666,13.392857142857142,8.19047619047619,0.2755102040816327,9.642857142857142,5.824175824175823,0.13333333333333333,14.117647058823529,3.6363636363636362,0.0,6.144380342552187
298,169211,"Bamboo shoots, cooked, boiled, drained, without salt",Vegetables and Vegetable Products,1.263157894736842,,0.0,,0.42857142857142855,4.0,0.5714285714285714,3.571428571428571,1.3333333333333333,3.6428571428571423,3.0036630036630036,3.761904761904762,0.8571428571428571,1.619047619047619,1.6233766233766234,1.0375,0.375,1.32,3.028571428571428,3.6363636363636362,15.228571428571428,2.6333907056798624,3.125,0.5714285714285714,0.16666666666666666,1.7857142857142856,4.761904761904762,0.20204081632653065,5.714285714285714,3.406593406593406,0.0,5.764705882352942,0.0,,2.6253261463632067
299,169213,"Beans, kidney, mature seeds, sprouted, raw",Vegetables and Vegetable Products,1.7894736842105263,,0.0,,1.0357142857142858,,16.857142857142858,16.857142857142854,4.5,13.285714285714285,11.06227106227106,11.38095238095238,6.0,4.19047619047619,15.8008658008658,1.3375,4.2250000000000005,7.359999999999999,12.114285714285712,6.7272727272727275,5.3428571428571425,7.2289156626506035,15.625,0.8571428571428571,0.25,33.035714285714285,16.76190476190476,0.4591836734693878,15.714285714285712,11.868131868131867,0.0,5.0,35.18181818181819,,2.234320124564431
300,169217,"Corn, yellow, whole kernel, frozen, microwaved",Vegetables and Vegetable Products,0.5263157894736842,0.6555555555555556,0.0,7.575,4.035714285714286,10.4,10.857142857142858,14.0,2.1666666666666665,8.214285714285714,16.556776556776555,16.238095238095237,7.142857142857143,8.0,11.201298701298699,5.6125,0.35000000000000003,12.74,9.6,17.272727272727273,7.885714285714286,6.230636833046472,3.125,,0.16666666666666666,7.410714285714286,10.380952380952381,1.3040816326530615,11.785714285714285,9.395604395604394,1.6,7.0588235294117645,,0.5714285714285714,2.9604741650478714
301,169219,"Cornsalad, raw",Vegetables and Vegetable Products,4.0,,0.0,,0.75,,4.0,5.1428571428571415,12.111111111111112,7.071428571428571,4.871794871794871,4.80952380952381,3.7142857142857144,2.380952380952381,2.2456709956709955,,,0.8400000000000001,5.199999999999999,9.636363636363637,13.114285714285714,3.4423407917383826,5.437499999999999,1.2857142857142858,0.16666666666666666,6.3392857142857135,7.142857142857142,0.3673469387755103,9.285714285714285,5.439560439560439,47.333333333333336,16.058823529411764,34.727272727272734,,3.295622183732536
302,169220,"Cowpeas (blackeyes), immature seeds, raw",Vegetables and Vegetable Products,13.263157894736842,,0.0,,3.2142857142857144,20.0,48.0,13.57142857142857,6.111111111111112,11.285714285714285,7.728937728937727,9.238095238095239,14.571428571428571,4.0,7.846320346320346,1.0875,1.575,3.02,9.257142857142856,9.636363636363637,12.314285714285715,5.077452667814114,9.062499999999998,3.285714285714285,0.16666666666666666,9.821428571428571,10.476190476190476,0.32142857142857145,12.142857142857142,9.395604395604394,5.466666666666667,3.9411764705882355,2.272727272727273,,5.641658314525189
303,169221,"Cowpeas, young pods with seeds, cooked, boiled, drained, without salt",Vegetables and Vegetable Products,5.7894736842105265,,0.0,,1.2142857142857142,,7.428571428571429,,3.888888888888889,,,,11.714285714285714,,4.329004329004329,0.8999999999999999,1.3,12.760000000000002,,8.909090909090908,5.6,4.475043029259897,5.625,1.0,0.125,8.035714285714285,,0.2755102040816327,,,9.333333333333334,7.23529411764706,15.454545454545455,,1.3405920747386586
304,169222,"Yardlong bean, raw",Vegetables and Vegetable Products,5.2631578947368425,,0.0,,1.6785714285714286,,17.714285714285715,12.857142857142856,2.611111111111111,10.714285714285714,7.326007326007325,8.761904761904761,12.571428571428571,3.8095238095238093,2.2186147186147185,1.2,1.7500000000000002,1.1,8.799999999999999,10.727272727272727,6.857142857142857,4.819277108433735,6.875,2.142857142857143,0.16666666666666666,9.553571428571427,9.904761904761905,0.3673469387755103,11.428571428571429,8.9010989010989,5.733333333333333,1.411764705882353,17.09090909090909,,2.0667461152220987
305,169223,"Yardlong bean, cooked, boiled, drained, without salt",Vegetables and Vegetable Products,4.631578947368421,,0.0,,1.6785714285714286,,12.857142857142858,11.714285714285715,5.444444444444445,9.642857142857142,6.593406593406592,7.904761904761905,12.0,3.428571428571428,3.409090909090909,0.3,0.42500000000000004,1.02,7.942857142857143,10.363636363636363,8.285714285714286,4.354561101549053,6.1875,2.142857142857143,0.16666666666666666,7.5892857142857135,8.952380952380953,0.09183673469387757,10.357142857142858,8.02197802197802,3.066666666666667,1.411764705882353,14.727272727272727,,2.0108881121079882
306,169224,"Cowpeas, leafy tips, raw",Vegetables and Vegetable Products,6.631578947368421,,0.0,,1.0357142857142858,,28.857142857142858,,10.666666666666666,,,,12.285714285714286,,6.060606060606061,0.75,1.0999999999999999,1.2,,1.6363636363636365,13.0,7.056798623063683,10.9375,1.2857142857142858,0.2916666666666667,31.607142857142854,,0.2295918367346939,,,4.8,10.411764705882353,32.72727272727273,,1.6198820903092124
307,169225,"Cucumber, peeled, raw",Vegetables and Vegetable Products,1.4736842105263157,0.34444444444444444,0.0,1.425,0.35714285714285715,2.8,4.0,0.2857142857142857,1.2222222222222223,0.857142857142857,0.9157509157509156,1.1904761904761905,3.4285714285714284,1.1428571428571428,0.2002164502164502,0.125,0.25,4.8,1.7714285714285714,3.8181818181818183,3.8857142857142857,1.0154905335628228,1.5625,0.14285714285714285,0.08333333333333333,2.767857142857143,1.1428571428571428,0.1469387755102041,2.5,0.6593406593406592,0.5333333333333333,3.0,2.909090909090909,10.285714285714286,0.9495860529398833
308,169226,"Dandelion greens, raw",Vegetables and Vegetable Products,19.68421052631579,65.04444444444445,0.0,8.825,1.6071428571428572,14.0,7.714285714285714,,17.22222222222222,,,,10.285714285714286,,4.361471861471862,3.2625,1.0999999999999999,1.6800000000000002,,12.0,11.342857142857143,4.647160068846817,16.25,0.7142857142857143,3.1666666666666665,16.96428571428571,,0.6428571428571429,,,67.73333333333333,14.764705882352942,31.818181818181817,1112.0,2.290178127678542
309,169227,"Dandelion greens, cooked, boiled, drained, without salt",Vegetables and Vegetable Products,14.736842105263158,43.77777777777778,0.0,6.25,1.1785714285714286,11.6,3.7142857142857144,,10.0,,,,6.857142857142857,,2.781385281385281,2.8000000000000003,0.95,1.1400000000000001,,7.636363636363637,6.628571428571429,3.4423407917383826,10.9375,0.42857142857142855,1.8333333333333333,11.607142857142856,,0.5510204081632654,,,45.6,9.411764705882353,16.363636363636363,787.7142857142857,1.564024087195102
310,169230,"Garlic, raw",Vegetables and Vegetable Products,19.05263157894737,0.05555555555555555,0.0,5.8,5.321428571428571,8.4,0.8571428571428571,16.142857142857142,9.444444444444445,15.499999999999998,11.282051282051281,13.0,7.142857142857143,7.238095238095237,3.7878787878787876,2.8625000000000003,0.5,11.919999999999998,10.457142857142856,27.818181818181817,11.457142857142857,10.946643717728056,6.875,20.285714285714285,0.7083333333333334,17.857142857142854,14.95238095238095,0.4591836734693878,23.57142857142857,15.989010989010985,0.0,72.64705882352942,28.363636363636363,2.4285714285714284,6.4795283612368495
311,169231,"Ginger root, raw",Vegetables and Vegetable Products,1.6842105263157894,0.0,0.0,7.2,2.857142857142857,8.0,3.142857142857143,4.285714285714286,3.3333333333333335,3.6428571428571423,2.71062271062271,2.7142857142857144,12.285714285714286,1.2380952380952381,4.058441558441558,1.5,0.8500000000000001,4.0600000000000005,2.571428571428571,6.181818181818182,11.857142857142858,3.132530120481928,2.125,1.0,0.5416666666666666,2.2321428571428568,3.428571428571428,0.6887755102040818,4.285714285714286,4.01098901098901,0.0,9.411764705882353,4.545454545454546,0.14285714285714285,1.8991721058797666
312,169232,"Gourd, white-flowered (calabash), raw",Vegetables and Vegetable Products,2.736842105263158,,0.0,,0.5,2.0,1.7142857142857142,0.5714285714285714,1.1111111111111112,2.357142857142857,1.3186813186813184,1.0,3.142857142857143,0.38095238095238093,1.7316017316017316,0.11249999999999999,,3.04,0.857142857142857,2.3636363636363638,4.285714285714286,1.0671256454388987,1.3749999999999998,0.2857142857142857,0.08333333333333333,2.5892857142857144,1.714285714285714,0.018367346938775512,1.0714285714285714,1.4835164835164834,,2.3529411764705883,9.181818181818182,,3.9100602179877546
313,169233,"Gourd, white-flowered (calabash), cooked, boiled, drained, without salt",Vegetables and Vegetable Products,2.526315789473684,,0.0,,0.5357142857142857,4.8,1.1428571428571428,0.5714285714285714,1.3888888888888888,2.2857142857142856,1.282051282051282,0.9523809523809523,3.142857142857143,0.38095238095238093,2.1103896103896105,0.11249999999999999,,2.88,0.7999999999999999,2.3636363636363638,4.857142857142857,1.0327022375215147,1.3749999999999998,0.2857142857142857,0.08333333333333333,2.5892857142857144,1.619047619047619,0.018367346938775512,1.0714285714285714,1.4285714285714284,,2.235294117647059,7.7272727272727275,,3.9100602179877546
314,169234,"Hyacinth-beans, immature seeds, raw",Vegetables and Vegetable Products,5.2631578947368425,5.277777777777778,0.0,4.775,1.6428571428571428,13.2,17.714285714285715,12.57142857142857,4.111111111111111,10.214285714285712,7.9853479853479845,6.904761904761903,11.428571428571429,1.8095238095238093,2.813852813852814,0.0125,0.17500000000000002,1.1,2.628571428571428,8.909090909090908,7.2,3.6144578313253017,5.749999999999999,2.142857142857143,0.08333333333333333,6.874999999999999,8.38095238095238,0.18367346938775514,,8.516483516483515,5.733333333333333,1.411764705882353,11.727272727272727,25.85714285714286,2.0667461152220987
315,169235,"Hyacinth-beans, immature seeds, cooked, boiled, drained, without salt",Vegetables and Vegetable Products,4.315789473684211,,0.0,,1.7857142857142858,,13.428571428571429,17.71428571428571,4.222222222222222,14.357142857142858,11.245421245421243,9.666666666666666,12.0,2.4761904761904763,2.5974025974025974,0.025,0.22499999999999998,1.06,3.714285714285714,8.909090909090908,7.485714285714286,5.077452667814114,5.499999999999999,2.2857142857142856,0.08333333333333333,5.0,11.80952380952381,0.24795918367346942,,11.978021978021976,0.9333333333333333,1.352941176470588,4.636363636363636,,2.1226041183362097
316,169236,"Jerusalem-artichokes, raw",Vegetables and Vegetable Products,1.4736842105263157,0.13333333333333333,0.0,7.5,2.607142857142857,6.4,3.7142857142857144,,18.88888888888889,,,,4.857142857142857,,7.034632034632034,0.0125,0.0,7.94,,14.181818181818182,12.257142857142858,3.4423407917383826,3.75,1.0,0.16666666666666666,17.857142857142854,,0.009183673469387756,,,0.13333333333333333,4.529411764705882,3.6363636363636362,0.14285714285714285,0.6702960373693293
317,169237,"Jew's ear, (pepeao), raw",Vegetables and Vegetable Products,1.6842105263157894,,0.0,,0.8928571428571429,,5.428571428571429,,3.1111111111111116,,,,7.142857142857143,,0.37878787878787884,,,39.8,,2.5454545454545454,1.2285714285714286,0.8261617900172118,12.749999999999998,15.857142857142858,0.375,7.232142857142856,,0.036734693877551024,,,0.0,5.1764705882352935,0.5454545454545454,,3.6866282055313113
318,169238,"Kale, cooked, boiled, drained, without salt",Vegetables and Vegetable Products,15.789473684210526,19.233333333333334,0.0,0.1,1.2857142857142858,16.0,18.571428571428573,24.57142857142857,4.666666666666667,12.57142857142857,7.509157509157508,8.38095238095238,7.142857142857143,2.7619047619047623,2.472943722943723,3.5749999999999997,9.275,3.4,8.571428571428571,7.636363636363637,4.114285714285714,5.060240963855422,8.75,1.2857142857142858,0.6666666666666666,5.624999999999999,12.476190476190476,1.1112244897959185,12.5,8.79120879120879,19.466666666666665,3.7058823529411766,16.181818181818183,597.8571428571429,1.508166084080991
319,169239,"Kale, frozen, unprepared",Vegetables and Vegetable Products,14.31578947368421,27.333333333333332,0.0,0.1,1.0,8.0,4.857142857142857,8.0,5.166666666666667,11.357142857142856,6.813186813186813,7.571428571428571,5.142857142857143,2.4761904761904763,3.777056277056277,1.125,2.9250000000000003,1.04,7.771428571428571,5.2727272727272725,9.514285714285714,4.578313253012048,7.0,1.2857142857142858,0.625,5.0,11.333333333333332,0.4224489795918368,11.428571428571429,7.9670329670329645,27.466666666666665,5.294117647058823,35.72727272727273,476.57142857142856,1.0054440560539941
320,169240,"Kale, frozen, cooked, boiled, drained, without salt",Vegetables and Vegetable Products,15.789473684210526,19.233333333333334,0.0,0.125,1.2857142857142858,9.2,18.571428571428573,24.57142857142857,4.666666666666667,12.57142857142857,7.509157509157508,8.38095238095238,7.142857142857143,2.7619047619047623,2.472943722943723,3.225,8.4,3.4,8.571428571428571,7.636363636363637,4.114285714285714,5.060240963855422,8.75,1.4285714285714286,0.6666666666666666,5.624999999999999,12.476190476190476,1.1112244897959185,12.5,8.79120879120879,19.466666666666665,3.7058823529411766,16.181818181818183,597.8571428571429,1.508166084080991
321,169242,"Mushrooms, shiitake, raw",Vegetables and Vegetable Products,0.21052631578947367,,,,1.2142857142857142,10.0,3.7142857142857144,8.0,2.2777777777777777,7.928571428571428,6.923076923076922,6.3809523809523805,5.714285714285714,3.142857142857143,20.979437229437227,,,30.0,6.342857142857142,20.363636363636363,8.685714285714285,3.855421686746989,13.562499999999998,8.142857142857142,0.375,1.3392857142857142,12.761904761904761,0.45000000000000007,3.928571428571428,7.9670329670329645,,17.235294117647058,,,5.7533743207534105
322,169243,"Mushrooms, portabella, grilled",Vegetables and Vegetable Products,0.3157894736842105,0.0,0.0,8.2,1.0357142857142858,8.8,5.428571428571429,9.285714285714285,2.2222222222222223,6.428571428571428,5.494505494505494,5.238095238095238,3.7142857142857144,3.3333333333333335,33.8474025974026,2.9000000000000004,0.0,25.240000000000002,5.7142857142857135,24.545454545454547,12.485714285714286,5.645438898450947,25.1875,31.285714285714285,0.4583333333333333,6.428571428571427,11.904761904761905,0.5326530612244899,16.07142857142857,22.527472527472526,0.0,7.1764705882352935,0.0,0.0,3.630770202417201
323,169244,"Lambsquarters, raw",Vegetables and Vegetable Products,32.526315789473685,,0.0,,1.5357142857142858,16.0,8.571428571428571,16.571428571428573,6.666666666666667,18.07142857142857,12.82051282051282,16.857142857142854,9.714285714285714,4.666666666666667,6.4935064935064934,3.9125,0.8999999999999999,1.8399999999999999,9.485714285714286,13.090909090909092,12.914285714285715,7.2289156626506035,27.5,1.2857142857142858,1.7916666666666667,14.285714285714285,15.523809523809524,0.7346938775510206,13.57142857142857,12.417582417582416,77.33333333333333,16.117647058823533,72.72727272727273,,2.4577521370208744
324,169245,"Lambsquarters, cooked, boiled, drained, without salt",Vegetables and Vegetable Products,27.157894736842106,52.08888888888889,0.0,0.125,1.1428571428571428,8.4,4.0,12.57142857142857,3.888888888888889,13.785714285714285,9.78021978021978,12.857142857142856,6.571428571428571,3.5238095238095233,4.87012987012987,3.4250000000000003,0.8,1.24,7.199999999999999,8.181818181818182,8.228571428571428,5.507745266781412,16.25,1.2857142857142858,1.2083333333333333,8.928571428571427,11.80952380952381,0.6428571428571429,10.357142857142858,9.450549450549449,52.13333333333333,10.235294117647058,33.63636363636363,706.0,1.6757400934233233
325,169246,"Leeks, (bulb and lower leaf-portion), raw",Vegetables and Vegetable Products,6.2105263157894735,11.11111111111111,0.0,2.375,2.1785714285714284,7.2,18.285714285714285,3.571428571428571,11.666666666666666,3.714285714285714,3.516483516483516,3.714285714285714,8.0,1.714285714285714,2.1645021645021645,0.8375,2.475,2.8000000000000003,3.1428571428571423,6.363636363636363,5.142857142857143,2.581755593803787,1.875,1.4285714285714286,0.8333333333333334,5.357142857142857,6.0,0.2755102040816327,4.285714285714286,3.0769230769230766,11.066666666666666,13.705882352941178,10.909090909090908,67.14285714285714,0.6702960373693293
326,169247,"Lettuce, cos or romaine, raw",Vegetables and Vegetable Products,3.473684210526316,58.06666666666667,0.0,2.475,0.6071428571428571,8.4,38.857142857142854,3.0,5.388888888888889,3.214285714285714,2.7838827838827833,3.0476190476190474,4.0,1.4285714285714286,1.6937229437229437,0.5875,2.825,2.84,3.714285714285714,5.454545454545454,7.057142857142857,2.117039586919105,4.1875,0.5714285714285714,0.3333333333333333,6.428571428571427,4.095238095238095,0.2755102040816327,3.571428571428571,3.0219780219780215,58.13333333333333,4.352941176470588,3.6363636363636362,146.42857142857142,1.284734071624548
327,169248,"Lettuce, iceberg (includes crisphead types), raw",Vegetables and Vegetable Products,1.894736842105263,3.3222222222222224,0.0,1.675,0.5,4.8,8.285714285714286,1.2857142857142854,2.2777777777777777,1.2857142857142854,0.9157509157509156,1.1428571428571428,2.0,0.47619047619047616,0.6655844155844156,0.2625,1.3,1.8199999999999998,1.314285714285714,3.6363636363636362,4.0285714285714285,1.5490533562822721,1.5625,0.14285714285714285,0.4166666666666667,3.660714285714286,2.380952380952381,0.12857142857142861,3.2142857142857135,1.3186813186813184,3.3333333333333335,2.4705882352941178,2.5454545454545454,34.42857142857143,0.8378700467116617
328,169249,"Lettuce, green leaf, raw",Vegetables and Vegetable Products,3.789473684210526,49.36666666666667,0.0,3.4,0.5357142857142857,5.2,10.857142857142858,3.1428571428571423,4.777777777777778,6.0,2.8937728937728933,4.0,3.7142857142857144,1.5238095238095237,2.029220779220779,0.3,1.4500000000000002,2.68,3.1428571428571423,5.2727272727272725,5.542857142857143,2.3407917383821,5.0,0.8571428571428571,1.1666666666666667,6.25,5.619047619047619,0.13775510204081634,3.2142857142857135,3.8461538461538463,49.333333333333336,5.294117647058823,8.363636363636363,180.42857142857142,1.0054440560539941
329,169250,"Lotus root, raw",Vegetables and Vegetable Products,4.7368421052631575,0.0,0.0,,2.642857142857143,19.6,3.7142857142857144,5.428571428571428,6.444444444444444,3.857142857142857,2.5274725274725274,4.476190476190476,6.571428571428571,2.095238095238095,2.1645021645021645,0.17500000000000002,0.15,7.540000000000001,2.6857142857142855,18.181818181818183,15.885714285714286,4.475043029259897,13.75,1.0,1.6666666666666667,14.285714285714285,4.857142857142857,0.09183673469387757,7.142857142857142,3.0219780219780215,0.0,15.176470588235295,40.0,,2.1784621214503206
330,169251,"Mushrooms, white, raw",Vegetables and Vegetable Products,0.3157894736842105,0.0,0.0,4.325,0.7857142857142857,4.0,4.857142857142857,8.142857142857142,2.7777777777777777,5.428571428571428,4.395604395604395,5.095238095238095,2.5714285714285716,2.9523809523809526,19.518398268398272,2.0,0.0,29.940000000000005,4.857142857142857,15.636363636363637,9.085714285714285,5.3184165232358005,25.125,13.285714285714286,0.20833333333333334,7.232142857142856,10.19047619047619,0.3122448979591837,12.5,12.747252747252746,0.0,6.11764705882353,1.9090909090909092,0.0,2.9046161619337605
331,169252,"Mushrooms, white, cooked, boiled, drained, without salt",Vegetables and Vegetable Products,0.631578947368421,0.0,0.0,5.1,1.0,8.8,5.142857142857143,5.7142857142857135,9.666666666666666,3.785714285714285,3.0769230769230766,3.571428571428571,3.4285714285714284,2.095238095238095,24.134199134199132,2.2375,0.025,43.2,3.428571428571428,15.818181818181818,10.17142857142857,3.734939759036145,18.75,17.0,0.08333333333333333,6.517857142857142,7.142857142857142,0.43163265306122456,8.571428571428571,8.956043956043954,0.0,5.588235294117648,3.6363636363636362,0.0,4.859646270927637
332,169255,"Mushrooms, portabella, raw",Vegetables and Vegetable Products,0.3157894736842105,0.0,0.0,5.3,0.7857142857142857,5.2,8.0,8.285714285714286,1.7222222222222223,5.857142857142858,4.761904761904761,5.809523809523809,,2.7619047619047623,24.318181818181817,1.8499999999999999,0.0,22.799999999999997,4.3428571428571425,19.636363636363637,10.4,3.6316695352839936,8.125,26.571428571428573,0.375,5.2678571428571415,9.61904761904762,0.32142857142857145,12.5,4.175824175824175,0.0,8.705882352941176,0.0,0.0,2.9604741650478714
333,169256,"Mustard greens, raw",Vegetables and Vegetable Products,12.105263157894736,19.88888888888889,0.0,0.125,0.9642857142857143,12.8,3.4285714285714284,,9.11111111111111,,,,9.142857142857142,,4.329004329004329,0.25,0.44999999999999996,4.2,,10.545454545454545,10.971428571428572,4.922547332185887,6.875,1.2857142857142858,0.8333333333333334,7.142857142857142,,0.3857142857142858,,,20.133333333333333,10.588235294117647,63.63636363636363,367.85714285714283,1.3964500778527695
334,169257,"Mustard greens, cooked, boiled, drained, without salt",Vegetables and Vegetable Products,12.421052631578947,82.22222222222223,0.0,0.1,0.9285714285714286,8.0,2.5714285714285716,,4.833333333333333,,,,3.7142857142857144,,2.343073593073593,0.3,0.5499999999999999,2.4,,7.636363636363637,4.628571428571429,4.40619621342513,3.9374999999999996,0.8571428571428571,0.375,3.660714285714286,,0.43163265306122456,,,82.4,5.764705882352942,23.0,846.7142857142858,1.2288760685104372
335,169258,"Mustard greens, frozen, unprepared",Vegetables and Vegetable Products,12.210526315789474,,0.0,,0.7142857142857143,13.2,39.42857142857143,6.428571428571428,7.166666666666667,6.499999999999999,2.7838827838827833,5.380952380952381,4.285714285714286,2.1904761904761902,1.699134199134199,0.3375,0.6,0.38,3.7714285714285714,5.454545454545454,4.857142857142857,4.2857142857142865,3.8124999999999996,1.0,1.2083333333333333,4.285714285714286,6.285714285714286,0.24795918367346942,9.642857142857142,5.329670329670329,34.4,7.7058823529411775,23.0,,1.284734071624548
336,169259,"Mustard greens, frozen, cooked, boiled, drained, without salt",Vegetables and Vegetable Products,10.631578947368421,47.17777777777778,0.0,0.075,0.6785714285714286,11.2,20.0,5.857142857142858,6.222222222222223,5.928571428571429,2.564102564102564,4.904761904761904,3.7142857142857144,2.0,1.396103896103896,0.3,0.5499999999999999,0.32,3.428571428571428,4.363636363636363,3.9714285714285715,3.907056798623064,3.3124999999999996,0.8571428571428571,1.0416666666666667,3.571428571428571,5.714285714285714,0.2295918367346939,8.928571428571427,4.835164835164834,47.2,6.352941176470589,12.545454545454545,478.7142857142857,1.1171600622822155
337,169260,"Okra, raw",Vegetables and Vegetable Products,8.631578947368421,4.622222222222222,0.0,3.075,1.1785714285714286,12.8,17.142857142857142,4.428571428571428,3.4444444444444446,4.928571428571428,3.8461538461538454,3.8571428571428568,16.285714285714285,2.0,5.411255411255411,0.325,0.025,4.9,3.714285714285714,11.090909090909092,8.542857142857143,3.321858864027539,3.75,1.0,0.2916666666666667,17.857142857142854,6.19047619047619,0.17448979591836739,6.071428571428571,4.999999999999999,4.8,12.647058823529411,20.90909090909091,44.714285714285715,3.2397641806184247
338,169261,"Okra, cooked, boiled, drained, without salt",Vegetables and Vegetable Products,8.105263157894736,1.8888888888888888,0.0,2.175,0.7857142857142857,10.0,13.142857142857142,4.142857142857143,1.5555555555555558,4.642857142857142,3.5897435897435894,3.571428571428571,10.285714285714286,1.9047619047619047,4.713203463203463,0.5625,0.025,4.26,3.485714285714285,5.818181818181818,3.857142857142857,3.2185886402753874,3.4375,0.5714285714285714,0.25,11.785714285714285,5.809523809523809,0.1928571428571429,5.714285714285714,4.67032967032967,1.8666666666666667,11.0,14.818181818181818,57.142857142857146,2.4018941339067634
339,169262,"Okra, frozen, unprepared",Vegetables and Vegetable Products,8.526315789473685,2.3333333333333335,0.0,2.85,1.0714285714285714,8.8,42.285714285714285,3.714285714285714,3.166666666666666,4.142857142857143,3.2600732600732596,3.238095238095238,12.285714285714286,1.714285714285714,3.831168831168831,0.8125,0.025,4.32,3.1428571428571423,7.636363636363637,6.0285714285714285,2.9087779690189333,6.5625,0.8571428571428571,0.125,7.946428571428571,5.238095238095238,0.2295918367346939,5.0,4.23076923076923,2.4,2.4705882352941178,11.272727272727273,70.57142857142857,2.9604741650478714
340,169263,"Okra, frozen, cooked, boiled, drained, without salt",Vegetables and Vegetable Products,7.7894736842105265,2.033333333333333,0.0,2.775,1.0357142857142858,8.4,28.571428571428573,3.571428571428571,2.888888888888889,4.0,3.1501831501831496,3.142857142857143,11.428571428571429,1.619047619047619,3.3333333333333335,0.7875,0.025,4.18,3.028571428571428,6.7272727272727275,5.257142857142857,2.8055077452667816,5.999999999999999,0.8571428571428571,0.125,6.517857142857142,5.0476190476190474,0.22040816326530616,5.0,4.065934065934065,2.0,2.176470588235294,8.727272727272727,68.28571428571429,2.737042152591428
341,169269,"Potato salad, home-prepared",Vegetables and Vegetable Products,2.0,0.4,22.666666666666668,,5.107142857142857,5.2,2.0,8.857142857142856,3.611111111111111,10.07142857142857,7.399267399267399,8.142857142857142,4.285714285714286,6.285714285714286,4.816017316017316,41.8125,9.25,10.680000000000001,7.7142857142857135,9.454545454545455,7.257142857142857,4.612736660929433,3.75,5.857142857142857,22.041666666666668,6.874999999999999,11.04761904761905,7.530612244897959,15.0,9.450549450549449,4.266666666666667,8.294117647058822,9.090909090909092,,1.7315980965374342
342,169270,"Pumpkin flowers, raw",Vegetables and Vegetable Products,4.105263157894737,,0.0,,0.5357142857142857,,16.857142857142858,,3.888888888888889,,,,6.857142857142857,,3.7337662337662336,0.025,0.05,,,8.909090909090908,4.942857142857143,1.772805507745267,4.6875,1.0,0.20833333333333334,3.75,,0.06428571428571431,,,12.933333333333334,,25.454545454545453,,
343,169271,"Pumpkin flowers, cooked, boiled, drained, without salt",Vegetables and Vegetable Products,3.8947368421052633,11.555555555555555,0.0,3.35,0.5357142857142857,3.6,11.714285714285714,,4.888888888888889,,,,7.142857142857143,,1.6774891774891774,0.025,0.05,,,6.181818181818182,3.0285714285714285,1.8760757314974186,2.0,1.0,0.25,1.6071428571428568,,0.07346938775510205,,,11.6,2.9411764705882355,4.545454545454546,0.0,0.5585800311411078
344,169272,"Pumpkin leaves, raw",Vegetables and Vegetable Products,4.105263157894737,,0.0,,0.6785714285714286,,10.285714285714286,7.142857142857142,12.333333333333336,11.142857142857142,11.648351648351646,9.523809523809524,10.857142857142858,5.142857142857143,4.978354978354978,0.125,0.3,0.8400000000000001,9.77142857142857,18.90909090909091,12.457142857142857,5.421686746987953,8.0,1.2857142857142858,0.4583333333333333,8.392857142857142,14.857142857142856,0.3673469387755103,14.642857142857144,9.945054945054942,12.933333333333334,12.176470588235293,10.0,,1.1171600622822155
345,169274,"Purslane, raw",Vegetables and Vegetable Products,6.842105263157895,,0.0,3.2,0.7142857142857143,,3.4285714285714284,,11.055555555555555,,,,19.428571428571427,,2.5974025974025974,,,0.72,,8.0,14.114285714285714,3.4939759036144578,7.0,1.2857142857142858,1.875,4.196428571428571,,0.33061224489795926,,,,4.294117647058823,19.09090909090909,,0.9495860529398833
346,169275,"Purslane, cooked, boiled, drained, without salt",Vegetables and Vegetable Products,8.210526315789474,,0.0,,0.6428571428571429,,2.5714285714285716,3.285714285714285,4.277777777777778,3.785714285714285,3.3333333333333326,3.095238095238095,19.142857142857142,1.3333333333333335,2.489177489177489,,,0.72,3.314285714285714,6.7272727272727275,13.942857142857143,2.564543889845095,5.625,1.2857142857142858,1.8333333333333333,2.767857142857143,4.761904761904762,0.17448979591836739,5.714285714285714,3.956043956043955,12.4,4.11764705882353,9.545454545454545,,0.9495860529398833
347,169276,"Radishes, raw",Vegetables and Vegetable Products,2.6315789473684212,0.044444444444444446,0.0,1.625,0.5714285714285714,6.4,7.142857142857143,1.857142857142857,1.8888888888888888,1.4285714285714284,1.1355311355311355,1.5714285714285714,2.857142857142857,0.9523809523809523,1.3744588744588744,0.21250000000000002,0.775,3.3,2.0571428571428565,3.6363636363636362,6.6571428571428575,1.17039586919105,2.4375,0.8571428571428571,1.625,1.0714285714285714,2.1904761904761902,0.09183673469387757,3.2142857142857135,1.9230769230769231,0.0,4.176470588235294,13.454545454545455,1.8571428571428572,1.564024087195102
348,169277,"Salsify, (vegetable oyster), raw",Vegetables and Vegetable Products,6.315789473684211,,0.0,,2.9285714285714284,13.2,7.428571428571429,,3.888888888888889,,,,6.571428571428571,,2.7056277056277054,,,7.42,,13.636363636363637,10.857142857142858,5.679862306368331,13.75,1.1428571428571428,0.8333333333333334,7.142857142857142,,0.18367346938775514,,,0.0,16.294117647058826,7.2727272727272725,,2.1226041183362097
349,169278,"Salsify, cooked, boiled, drained, without salt",Vegetables and Vegetable Products,4.947368421052632,0.0,0.0,6.475,2.4285714285714284,12.4,4.285714285714286,,3.055555555555556,,,,5.142857142857143,,2.121212121212121,0.8,0.27499999999999997,5.5200000000000005,,10.181818181818182,8.085714285714285,4.698795180722892,10.812499999999998,0.8571428571428571,0.6666666666666666,5.0,,0.15612244897959185,,,0.0,12.823529411764707,4.181818181818182,0.42857142857142855,1.6757400934233233
350,169280,"Seaweed, agar, raw",Vegetables and Vegetable Products,5.684210526315789,0.0,0.0,1.5,0.9285714285714286,2.0,24.285714285714285,,10.333333333333334,,,,19.142857142857142,,0.2976190476190476,0.0,0.0,6.04,,0.9090909090909091,6.457142857142857,0.9294320137693632,1.3749999999999998,1.0,0.375,0.4464285714285714,,0.02755102040816327,,,0.0,1.8823529411764708,0.0,3.285714285714285,3.2397641806184247
351,169281,"Sesbania flower, cooked, steamed, without salt",Vegetables and Vegetable Products,2.3157894736842106,,0.0,,0.7857142857142857,,16.285714285714285,3.285714285714285,3.1111111111111116,4.357142857142857,3.4798534798534795,2.7142857142857144,3.4285714285714284,1.3333333333333335,1.3528138528138527,,,,3.5428571428571427,3.8181818181818183,3.057142857142857,1.9621342512908777,2.6874999999999996,1.0,0.4583333333333333,4.285714285714286,4.857142857142857,0.045918367346938785,6.071428571428571,3.7912087912087906,0.0,,33.63636363636363,,
352,169282,"Soybeans, green, raw",Vegetables and Vegetable Products,20.736842105263158,,0.0,,5.25,16.8,47.142857142857146,49.71428571428571,19.72222222222222,40.71428571428571,33.91941391941392,36.904761904761905,18.571428571428573,14.95238095238095,8.928571428571429,35.2875,9.4,2.94,33.48571428571428,35.27272727272727,17.714285714285715,22.289156626506028,10.9375,2.142857142857143,0.625,38.83928571428571,49.14285714285714,6.244897959183675,56.07142857142856,31.64835164835164,1.2,3.823529411764706,26.363636363636363,,5.529942308296967
353,169283,"Soybeans, green, cooked, boiled, drained, without salt",Vegetables and Vegetable Products,15.263157894736842,,0.0,,5.035714285714286,16.8,31.714285714285715,47.42857142857143,13.88888888888889,38.785714285714285,32.344322344322336,35.19047619047619,17.142857142857142,14.285714285714285,6.764069264069264,33.2125,8.85,2.56,31.942857142857143,28.727272727272727,15.4,21.256454388984512,9.6875,2.0,0.5833333333333334,23.21428571428571,46.85714285714286,5.8775510204081645,53.57142857142857,30.164835164835164,1.0666666666666667,3.5294117647058822,15.454545454545455,,5.083078283384081
354,169284,"Soybeans, mature seeds, sprouted, raw",Vegetables and Vegetable Products,7.052631578947368,,0.0,,4.357142857142857,4.4,49.142857142857146,49.71428571428571,11.666666666666666,41.428571428571416,34.35897435897435,35.80952380952381,20.571428571428573,13.142857142857142,6.212121212121212,41.725,11.125,18.580000000000002,36.62857142857142,29.818181818181817,13.82857142857143,22.530120481927714,7.374999999999999,0.8571428571428571,0.5833333333333334,30.357142857142854,47.9047619047619,6.153061224489797,56.785714285714285,34.06593406593406,0.13333333333333333,10.352941176470587,13.909090909090908,,6.535386364350961
355,169287,"Spinach, frozen, chopped or leaf, unprepared (Includes foods for USDA's Food Distribution Program)",Vegetables and Vegetable Products,13.578947368421053,78.16666666666667,0.0,5.525,1.0357142857142858,11.6,41.42857142857143,7.0,10.5,8.999999999999998,7.399267399267399,11.952380952380953,21.428571428571427,4.9523809523809526,2.7435064935064934,0.0,2.0500000000000003,1.8800000000000001,11.828571428571427,8.909090909090908,9.885714285714286,6.247848537005164,14.0,8.571428571428571,3.0833333333333335,8.392857142857142,20.666666666666664,0.5234693877551021,35.71428571428571,9.78021978021978,78.13333333333334,10.117647058823529,5.0,531.4285714285714,3.128048174390204
356,169288,"Spinach, frozen, chopped or leaf, cooked, boiled, drained, without salt",Vegetables and Vegetable Products,16.105263157894736,80.41111111111111,0.0,6.2,1.2142857142857142,14.8,34.57142857142857,7.0,10.88888888888889,9.142857142857142,7.509157509157508,12.19047619047619,23.428571428571427,5.0476190476190474,2.3755411255411256,0.0,9.275,1.5,12.057142857142855,9.090909090909092,8.628571428571428,6.901893287435457,10.999999999999998,7.857142857142857,4.041666666666667,6.9642857142857135,20.952380952380953,0.7989795918367348,36.07142857142858,9.945054945054942,80.4,8.000000000000002,2.0000000000000004,772.4285714285716,2.737042152591428
357,169289,"Squash, summer, scallop, raw",Vegetables and Vegetable Products,2.0,1.4444444444444444,0.0,1.825,0.6428571428571429,4.8,8.571428571428571,3.714285714285714,2.2222222222222223,3.071428571428571,2.564102564102564,3.1904761904761902,6.571428571428571,1.619047619047619,3.2467532467532467,0.3875,1.3,2.04,2.4,6.545454545454546,5.2,2.0654044750430294,1.875,0.2857142857142857,0.041666666666666664,6.25,2.7619047619047623,0.18367346938775514,3.928571428571428,2.9670329670329667,1.4666666666666666,6.411764705882353,16.363636363636363,4.714285714285714,1.6198820903092124
358,169290,"Squash, summer, scallop, cooked, boiled, drained, without salt",Vegetables and Vegetable Products,1.5789473684210527,0.5666666666666667,0.0,1.55,0.5714285714285714,7.6,6.0,3.1428571428571423,1.8333333333333333,2.6428571428571423,2.234432234432234,2.7142857142857144,5.428571428571429,1.4285714285714286,2.510822510822511,0.3375,1.125,1.58,2.0571428571428565,5.090909090909091,4.0,1.772805507745267,1.5625,0.2857142857142857,0.041666666666666664,4.553571428571428,2.380952380952381,0.15612244897959185,3.2142857142857135,2.582417582417582,0.5333333333333333,5.0,9.818181818181818,5.0,1.3405920747386586
359,169291,"Squash, summer, zucchini, includes skin, raw",Vegetables and Vegetable Products,1.6842105263157894,1.3333333333333333,0.0,2.375,0.6071428571428571,4.0,6.857142857142857,3.714285714285714,2.0555555555555554,3.1428571428571423,2.6007326007326004,3.1904761904761902,5.142857142857143,1.714285714285714,2.4404761904761907,0.375,1.525,4.08,2.457142857142857,6.909090909090909,7.457142857142857,2.0826161790017212,5.875,0.2857142857142857,0.3333333333333333,4.017857142857142,2.7619047619047623,0.2938775510204082,3.571428571428571,2.9670329670329667,1.3333333333333333,9.588235294117649,16.27272727272727,6.142857142857143,1.787456099651545
360,169292,"Squash, summer, zucchini, includes skin, cooked, boiled, drained, without salt",Vegetables and Vegetable Products,1.894736842105263,7.444444444444445,0.0,2.35,0.5357142857142857,4.0,8.0,2.0,2.0555555555555554,1.6428571428571426,1.355311355311355,1.6666666666666667,5.428571428571429,0.857142857142857,2.75974025974026,0.7250000000000001,2.35,5.76,1.257142857142857,6.7272727272727275,7.542857142857143,1.9621342512908777,1.4999999999999998,0.2857142857142857,0.125,3.125,1.4285714285714286,0.33061224489795926,2.142857142857143,1.5934065934065933,7.466666666666667,4.705882352941177,11.727272727272727,6.0,1.8433141027656557
361,169293,"Squash, winter, acorn, cooked, baked, without salt",Vegetables and Vegetable Products,4.631578947368421,,0.0,,2.0,17.6,5.428571428571429,3.0,5.166666666666667,3.1428571428571423,2.344322344322344,1.9523809523809526,12.285714285714286,1.3333333333333335,4.767316017316017,0.27499999999999997,0.9249999999999999,10.08,2.514285714285714,8.181818181818182,12.485714285714286,1.9277108433734944,0.8125,1.0,0.16666666666666666,14.910714285714283,3.142857142857143,0.12857142857142861,5.714285714285714,2.637362637362637,2.8,11.411764705882355,9.818181818181818,,0.9495860529398833
362,169294,"Squash, winter, acorn, cooked, boiled, mashed, without salt",Vegetables and Vegetable Products,2.736842105263158,5.444444444444445,0.0,,1.2142857142857142,10.4,3.142857142857143,1.857142857142857,3.1111111111111116,1.857142857142857,1.3919413919413917,1.1904761904761905,7.428571428571429,0.7619047619047619,2.8733766233766236,0.1625,0.5499999999999999,6.0600000000000005,1.4857142857142855,4.909090909090909,7.514285714285714,1.1531841652323582,0.5,0.5714285714285714,0.125,8.928571428571427,1.9047619047619047,0.07346938775510205,3.571428571428571,1.5934065934065933,5.466666666666667,6.882352941176471,5.909090909090909,,0.6144380342552186
363,169297,"Squash, winter, hubbard, cooked, boiled, mashed, without salt",Vegetables and Vegetable Products,1.0526315789473684,18.233333333333334,0.0,2.175,1.0714285714285714,11.6,2.857142857142857,4.0,1.5555555555555558,4.142857142857143,3.0769230769230766,2.619047619047619,3.7142857142857144,1.714285714285714,1.8073593073593073,0.7250000000000001,2.4250000000000003,5.9399999999999995,3.314285714285714,2.5454545454545454,6.114285714285714,2.547332185886403,1.75,0.42857142857142855,0.20833333333333334,3.75,4.19047619047619,0.339795918367347,7.5,3.516483516483516,26.666666666666668,6.0588235294117645,5.909090909090909,1.4285714285714286,0.5585800311411078
364,169298,"Squash, winter, spaghetti, raw",Vegetables and Vegetable Products,2.4210526315789473,0.7111111111111111,0.0,2.05,1.1071428571428572,6.0,3.4285714285714284,1.5714285714285712,1.7222222222222223,1.714285714285714,1.2454212454212454,1.0476190476190474,3.4285714285714284,0.6666666666666667,5.140692640692641,1.125,3.7249999999999996,7.2,1.3714285714285712,2.1818181818181817,3.085714285714286,1.1015490533562824,1.1249999999999998,0.42857142857142855,0.7083333333333334,3.303571428571428,1.714285714285714,0.5234693877551021,3.2142857142857135,1.4285714285714284,0.8,5.941176470588236,1.9090909090909092,1.2857142857142858,1.0613020591681048
365,169299,"Squash, winter, spaghetti, cooked, boiled, drained, or baked, without salt",Vegetables and Vegetable Products,2.210526315789474,0.6555555555555556,0.0,1.875,0.9642857142857143,5.6,2.2857142857142856,1.5714285714285712,1.8888888888888888,1.714285714285714,1.2454212454212454,1.0476190476190474,3.142857142857143,0.6666666666666667,4.383116883116883,0.5875,1.95,7.1,1.3714285714285712,2.5454545454545454,3.342857142857143,1.1359724612736661,1.3749999999999998,0.42857142857142855,0.75,3.3928571428571423,1.714285714285714,0.23877551020408166,3.2142857142857135,1.4285714285714284,0.8,5.8235294117647065,3.1818181818181817,1.1428571428571428,1.1171600622822155
366,169300,"Succotash, (corn and limas), raw",Vegetables and Vegetable Products,1.894736842105263,,0.0,,3.5357142857142856,15.2,11.428571428571429,22.857142857142854,10.166666666666666,20.28571428571428,16.227106227106223,14.047619047619047,13.714285714285714,6.476190476190476,8.587662337662337,5.1499999999999995,1.9,2.56,13.885714285714284,20.545454545454547,10.542857142857143,8.657487091222032,5.125,0.8571428571428571,0.16666666666666666,18.57142857142857,19.9047619047619,0.9367346938775512,20.0,16.81318681318681,2.0,7.647058823529412,13.727272727272727,,3.4073381899607575
367,169301,"Water convolvulus,raw",Vegetables and Vegetable Products,8.105263157894736,,0.0,,0.6785714285714286,8.4,16.285714285714285,6.7142857142857135,9.277777777777779,7.428571428571428,5.347985347985347,5.190476190476191,20.285714285714285,4.19047619047619,4.87012987012987,,,2.8199999999999994,7.257142857142856,7.090909090909091,8.914285714285715,4.475043029259897,6.25,1.2857142857142858,4.708333333333333,2.6785714285714284,13.333333333333334,0.18367346938775514,,7.417582417582416,42.0,5.647058823529412,50.0,,1.0054440560539941
368,169302,"Water convolvulus, cooked, boiled, drained, without salt",Vegetables and Vegetable Products,5.684210526315789,,0.0,,0.7142857142857143,7.6,10.0,5.285714285714285,7.333333333333333,5.928571428571429,4.249084249084249,4.142857142857142,8.571428571428571,3.3333333333333335,2.7056277056277054,0.1875,1.975,2.52,5.828571428571427,7.636363636363637,8.114285714285714,3.5800344234079176,5.0,1.2857142857142858,5.083333333333333,4.4642857142857135,10.666666666666668,0.22040816326530616,,5.934065934065933,34.666666666666664,4.764705882352941,14.545454545454545,,0.8937280498257725
369,169303,"Sweet potato leaves, raw",Vegetables and Vegetable Products,8.210526315789474,24.633333333333333,0.0,,1.5,21.2,,,5.388888888888889,,,10.857142857142858,20.0,8.19047619047619,6.114718614718614,2.4,0.8999999999999999,4.5,,14.727272727272727,14.514285714285714,4.2857142857142865,21.5625,1.2857142857142858,0.25,13.928571428571427,,0.4683673469387756,12.5,,25.2,11.176470588235295,10.0,431.7142857142857,
370,169304,"Sweet potato leaves, cooked, steamed, without salt",Vegetables and Vegetable Products,3.473684210526316,19.166666666666668,0.0,5.25,1.25,7.6,14.0,,3.5,,,6.285714285714286,13.714285714285714,4.761904761904762,5.427489177489177,1.4125,0.525,4.0,,7.2727272727272725,8.914285714285715,3.752151462994837,16.6875,1.2857142857142858,0.2916666666666667,10.0,,0.3122448979591837,7.142857142857142,,19.6,9.411764705882353,1.3636363636363635,155.14285714285714,1.4523080809668802
371,169306,"Sweet potato, frozen, unprepared (Includes foods for USDA's Food Distribution Program)",Vegetables and Vegetable Products,3.8947368421052633,69.11111111111111,0.0,,3.4285714285714284,6.8,6.0,4.571428571428571,2.9444444444444446,6.071428571428571,4.5787545787545785,4.0,6.285714285714286,4.0,3.2305194805194803,0.8375,0.325,10.3,5.828571428571427,8.181818181818182,10.428571428571429,2.943201376936317,3.1874999999999996,0.8571428571428571,0.25,5.982142857142857,8.095238095238095,0.16530612244897963,7.5,6.153846153846153,69.06666666666666,10.411764705882353,12.090909090909092,,1.7315980965374342
372,169307,"Sweet potato, frozen, cooked, baked, without salt",Vegetables and Vegetable Products,3.6842105263157894,138.86666666666667,0.0,,3.5714285714285716,7.2,6.285714285714286,4.571428571428571,3.0,6.142857142857142,4.615384615384615,4.0,6.0,4.0,3.0032467532467537,0.525,0.17500000000000002,11.200000000000001,5.885714285714284,8.0,10.771428571428572,2.943201376936317,3.5,0.8571428571428571,0.3333333333333333,5.892857142857142,8.095238095238095,0.11020408163265308,7.5,6.153846153846153,139.06666666666666,10.941176470588237,8.272727272727273,3.5714285714285716,1.6757400934233233
373,169308,"Taro, raw",Vegetables and Vegetable Products,4.526315789473684,0.3888888888888889,0.0,4.325,4.0,16.4,6.285714285714286,4.857142857142857,3.055555555555556,3.857142857142857,4.065934065934065,3.1904761904761902,9.428571428571429,1.9047619047619047,3.2467532467532467,0.7250000000000001,0.625,6.0600000000000005,4.685714285714286,15.272727272727273,16.885714285714286,2.581755593803787,1.5625,1.0,0.4583333333333333,8.482142857142856,6.571428571428571,0.18367346938775514,8.214285714285714,4.5054945054945055,0.5333333333333333,16.64705882352941,4.090909090909091,1.4285714285714286,1.284734071624548
374,169309,"Taro shoots, cooked, without salt",Vegetables and Vegetable Products,1.4736842105263157,,0.0,,0.5,,0.8571428571428571,,2.2777777777777777,,,,2.2857142857142856,,4.383116883116883,0.2875,0.25,1.52,,4.7272727272727275,9.82857142857143,1.2564543889845097,3.3124999999999996,1.4285714285714286,0.08333333333333333,3.3928571428571423,,0.07346938775510205,,,0.4,6.588235294117648,17.18181818181818,,3.016332168161982
375,169310,"Taro, tahitian, raw",Vegetables and Vegetable Products,13.578947368421053,,0.0,,1.5714285714285714,,2.5714285714285716,,7.222222222222222,,,,13.428571428571429,,5.384199134199134,3.4875000000000003,3.025,2.48,,8.181818181818182,17.314285714285713,4.8020654044750435,15.249999999999998,1.0,2.0833333333333335,5.535714285714286,,0.8908163265306124,,,13.6,6.8235294117647065,87.27272727272727,,0.5027220280269971
376,169311,"Artichokes, (globe or french), cooked, boiled, drained, with salt",Vegetables and Vegetable Products,2.210526315789474,0.08888888888888889,0.0,8.6,1.8214285714285714,22.8,25.428571428571427,,3.388888888888889,,,,12.0,,6.006493506493507,1.3125,0.95,4.8,,13.272727272727273,8.17142857142857,4.974182444061962,5.5625,0.2857142857142857,12.333333333333334,4.4642857142857135,,0.3122448979591837,,,0.13333333333333333,4.764705882352941,6.7272727272727275,21.142857142857142,2.234320124564431
377,169312,"Artichokes, (globe or french), frozen, cooked, boiled, drained, with salt",Vegetables and Vegetable Products,2.210526315789474,0.07777777777777778,0.0,7.3,1.6071428571428572,18.4,34.0,,3.1111111111111116,,,,8.857142857142858,,4.951298701298701,1.9625,1.4749999999999999,4.0,,11.090909090909092,7.542857142857143,5.352839931153185,9.875,0.2857142857142857,12.041666666666666,5.535714285714286,,0.4591836734693878,,,0.13333333333333333,5.117647058823529,4.545454545454546,18.0,2.0108881121079882
378,169313,"Asparagus, cooked, boiled, drained, with salt",Vegetables and Vegetable Products,2.4210526315789473,6.711111111111111,0.0,6.525,0.7857142857142857,8.0,42.57142857142857,7.57142857142857,5.055555555555555,5.857142857142858,5.128205128205128,5.380952380952381,4.0,3.238095238095238,5.865800865800866,0.95,0.7250000000000001,4.5,4.685714285714286,9.818181818181818,6.4,4.130808950086059,8.6875,8.714285714285714,10.0,14.464285714285712,8.761904761904761,0.20204081632653065,10.357142857142858,6.868131868131867,6.666666666666667,4.647058823529412,7.0,72.28571428571429,3.3514801868466466
379,169315,"Beans, kidney, mature seeds, sprouted, cooked, boiled, drained, with salt",Vegetables and Vegetable Products,2.0,,0.0,,1.1785714285714286,,13.428571428571429,19.285714285714285,4.944444444444445,15.285714285714283,12.710622710622706,13.095238095238097,6.571428571428571,4.761904761904762,16.363636363636363,1.5375,4.8500000000000005,7.62,13.885714285714284,6.909090909090909,5.542857142857143,8.313253012048193,17.0625,0.8571428571428571,10.125,32.32142857142856,19.333333333333332,0.5326530612244899,17.857142857142854,13.626373626373624,0.0,5.470588235294119,32.36363636363637,,2.4577521370208744
380,169316,"Lima beans, immature seeds, cooked, boiled, drained, with salt",Vegetables and Vegetable Products,3.3684210526315788,2.466666666666667,0.0,11.025,4.392857142857143,21.2,7.428571428571429,33.0,13.611111111111112,31.28571428571428,19.597069597069595,21.428571428571427,21.142857142857142,6.476190476190476,5.627705627705628,1.3,1.25,5.14,19.2,23.636363636363637,16.285714285714285,11.721170395869192,5.999999999999999,2.857142857142857,10.541666666666666,12.5,27.523809523809522,0.2938775510204082,31.785714285714285,23.351648351648347,2.533333333333333,11.352941176470589,9.181818181818182,8.857142857142858,4.412782246014752
381,169318,"Lima beans, immature seeds, frozen, baby, cooked, boiled, drained, with salt",Vegetables and Vegetable Products,2.9473684210526314,1.1111111111111112,0.0,9.3,3.75,19.2,4.571428571428571,32.285714285714285,10.88888888888889,30.571428571428566,19.12087912087912,20.9047619047619,16.0,6.285714285714286,4.166666666666667,1.225,1.175,3.54,18.742857142857144,20.363636363636363,11.742857142857142,11.445783132530122,3.4375,2.4285714285714284,11.041666666666666,6.25,26.85714285714285,0.2755102040816327,31.071428571428566,22.8021978021978,1.0666666666666667,6.764705882352941,5.2727272727272725,7.428571428571429,3.0721901712760933
382,169319,"Beans, pinto, mature seeds, sprouted, cooked, boiled, drained, with salt",Vegetables and Vegetable Products,1.5789473684210527,,0.0,,0.7142857142857143,,8.285714285714286,7.428571428571428,3.6666666666666665,5.857142857142858,4.871794871794871,5.0476190476190474,5.142857142857143,1.8095238095238093,3.923160173160173,0.8375,2.9499999999999997,4.7,5.371428571428571,5.454545454545454,2.8,3.2013769363166955,3.6874999999999996,0.8571428571428571,11.958333333333334,5.982142857142857,7.428571428571428,0.2938775510204082,6.785714285714285,5.219780219780219,0.0,3.1764705882352944,5.545454545454546,,0.9495860529398833
383,169320,"Beans, snap, yellow, raw",Vegetables and Vegetable Products,3.8947368421052633,,0.0,3.825,1.1071428571428572,13.6,10.571428571428571,4.857142857142857,5.777777777777778,4.714285714285714,4.102564102564102,4.19047619047619,7.142857142857143,2.095238095238095,4.06926406926407,0.2875,0.8999999999999999,1.8800000000000001,3.8285714285714283,6.909090909090909,5.9714285714285715,3.132530120481928,6.5625,0.8571428571428571,0.25,7.5,7.523809523809524,0.11020408163265308,6.785714285714285,4.945054945054944,,4.352941176470588,14.818181818181818,61.714285714285715,1.3405920747386586
384,169321,"Beans, snap, green, cooked, boiled, drained, with salt",Vegetables and Vegetable Products,4.631578947368421,4.222222222222222,0.0,4.225,1.25,12.8,9.428571428571429,5.0,3.611111111111111,4.928571428571428,4.249084249084249,4.333333333333333,5.142857142857143,2.1904761904761902,3.3225108225108224,0.7000000000000001,2.225,1.48,3.9428571428571426,5.2727272727272725,4.171428571428572,3.2530120481927716,6.0625,0.2857142857142857,9.958333333333334,6.607142857142856,7.80952380952381,0.25714285714285723,7.142857142857142,5.1098901098901095,4.666666666666667,3.294117647058824,8.818181818181817,68.42857142857143,1.3964500778527695
385,169322,"Beans, snap, yellow, cooked, boiled, drained, without salt",Vegetables and Vegetable Products,4.842105263157895,0.5444444444444444,0.0,4.225,1.25,13.2,9.428571428571429,5.0,7.111111111111111,4.928571428571428,4.249084249084249,4.333333333333333,7.142857142857143,2.1904761904761902,3.3225108225108224,0.7000000000000001,2.225,1.48,3.9428571428571426,7.090909090909091,8.542857142857143,3.2530120481927716,6.0625,0.5714285714285714,0.125,6.607142857142856,7.80952380952381,0.25714285714285723,7.142857142857142,5.1098901098901095,0.5333333333333333,3.294117647058824,8.818181818181817,68.42857142857143,2.0108881121079882
386,169323,"Beans, snap, yellow, cooked, boiled, drained, with salt",Vegetables and Vegetable Products,4.842105263157895,0.5444444444444444,0.0,4.225,1.25,13.2,9.428571428571429,5.0,7.111111111111111,4.928571428571428,4.249084249084249,4.333333333333333,7.142857142857143,2.1904761904761902,3.3225108225108224,0.7000000000000001,2.225,1.48,3.9428571428571426,7.090909090909091,8.542857142857143,3.2530120481927716,6.0625,0.5714285714285714,9.958333333333334,6.607142857142856,7.80952380952381,0.25714285714285723,7.142857142857142,5.1098901098901095,0.5333333333333333,3.294117647058824,8.818181818181817,68.42857142857143,2.0108881121079882
387,169324,"Beans, snap, yellow, frozen, all styles, unprepared",Vegetables and Vegetable Products,4.421052631578948,0.7888888888888889,0.0,3.975,1.1785714285714286,11.2,4.285714285714286,4.857142857142857,4.777777777777778,4.714285714285714,4.065934065934065,4.142857142857142,6.285714285714286,2.095238095238095,2.70021645021645,0.5125000000000001,1.6500000000000001,1.7,3.7714285714285714,5.818181818181818,5.314285714285714,3.0981067125645443,5.749999999999999,0.5714285714285714,0.125,8.839285714285714,7.523809523809524,0.1928571428571429,6.785714285714285,4.89010989010989,0.9333333333333333,2.4705882352941178,11.727272727272727,64.28571428571429,1.4523080809668802
388,169325,"Beans, snap, green, frozen, cooked, boiled, drained, with salt",Vegetables and Vegetable Products,4.421052631578948,2.7666666666666666,0.0,3.375,1.0,12.0,6.571428571428571,4.0,3.6666666666666665,3.857142857142857,3.3333333333333326,3.428571428571428,5.428571428571429,1.714285714285714,2.0725108225108224,0.44999999999999996,1.175,0.9800000000000001,3.0857142857142854,5.2727272727272725,4.542857142857143,2.564543889845095,5.625,0.5714285714285714,10.208333333333334,3.125,6.19047619047619,0.15612244897959185,5.714285714285714,4.01098901098901,3.066666666666667,3.5294117647058822,3.7272727272727266,54.42857142857143,1.3405920747386586
389,169326,"Beans, snap, yellow, frozen, cooked, boiled, drained, without salt",Vegetables and Vegetable Products,5.157894736842105,0.6666666666666666,0.0,3.375,1.0,12.0,6.571428571428571,4.0,4.888888888888889,3.857142857142857,3.3333333333333326,3.428571428571428,6.857142857142857,1.714285714285714,2.0725108225108224,0.44999999999999996,1.175,0.9800000000000001,3.0857142857142854,5.636363636363637,3.6,2.564543889845095,5.625,0.5714285714285714,0.375,3.125,6.19047619047619,0.15612244897959185,5.714285714285714,4.01098901098901,0.8,3.5294117647058822,3.7272727272727266,54.42857142857143,2.681184149477317
390,169327,"Beans, snap, yellow, frozen, cooked, boiled, drained, with salt",Vegetables and Vegetable Products,5.157894736842105,0.6666666666666666,0.0,3.375,1.0,12.0,6.571428571428571,4.0,4.888888888888889,3.857142857142857,3.3333333333333326,3.428571428571428,6.857142857142857,1.714285714285714,2.0725108225108224,0.44999999999999996,1.175,0.9800000000000001,3.0857142857142854,5.636363636363637,3.6,2.564543889845095,5.625,0.5714285714285714,10.208333333333334,3.125,6.19047619047619,0.15612244897959185,5.714285714285714,4.01098901098901,0.8,3.5294117647058822,3.7272727272727266,54.42857142857143,2.681184149477317
391,169328,"Broadbeans, immature seeds, cooked, boiled, drained, with salt",Vegetables and Vegetable Products,1.894736842105263,,0.0,,2.2142857142857144,,16.571428571428573,16.428571428571427,8.333333333333334,15.357142857142856,13.553113553113551,14.904761904761905,8.857142857142858,3.5238095238095233,6.4935064935064934,1.5125,4.55,1.32,11.14285714285714,13.272727272727273,5.514285714285714,8.261617900172118,5.625,1.4285714285714286,11.541666666666666,11.428571428571429,16.952380952380953,0.4591836734693878,17.142857142857142,12.91208791208791,1.8666666666666667,1.7058823529411766,18.0,,2.6253261463632067
392,169329,"Broccoli, leaves, raw",Vegetables and Vegetable Products,5.052631578947368,,0.0,,1.0,9.2,20.285714285714285,7.142857142857142,4.888888888888889,7.785714285714286,4.798534798534798,6.714285714285713,7.142857142857143,3.238095238095238,3.4523809523809526,0.475,3.225,10.7,4.8,12.0,9.285714285714286,5.12908777969019,7.437499999999999,4.285714285714286,1.125,5.803571428571428,8.666666666666666,0.32142857142857145,10.357142857142858,7.032967032967032,,9.352941176470589,84.72727272727273,,2.234320124564431
393,169330,"Broccoli, flower clusters, raw",Vegetables and Vegetable Products,5.052631578947368,,0.0,,1.0,9.2,20.285714285714285,7.142857142857142,4.888888888888889,7.785714285714286,4.798534798534798,6.714285714285713,7.142857142857143,3.238095238095238,3.4523809523809526,0.475,3.225,10.7,4.8,12.0,9.285714285714286,5.12908777969019,7.437499999999999,4.285714285714286,1.125,5.803571428571428,8.666666666666666,0.32142857142857145,10.357142857142858,7.032967032967032,,9.352941176470589,84.72727272727273,,2.234320124564431
394,169331,"Broccoli, stalks, raw",Vegetables and Vegetable Products,5.052631578947368,,0.0,,1.0,,20.285714285714285,7.142857142857142,4.888888888888889,7.785714285714286,4.798534798534798,6.714285714285713,7.142857142857143,3.238095238095238,3.4523809523809526,0.475,3.225,10.7,4.8,12.0,9.285714285714286,5.12908777969019,7.437499999999999,4.285714285714286,1.125,5.803571428571428,8.666666666666666,0.32142857142857145,10.357142857142858,7.032967032967032,2.6666666666666665,9.352941176470589,84.72727272727273,,2.234320124564431
395,169332,"Brussels sprouts, frozen, cooked, boiled, drained, with salt",Vegetables and Vegetable Products,2.736842105263158,6.166666666666667,0.0,4.525,1.5,16.4,28.857142857142858,11.714285714285715,2.6666666666666665,10.214285714285712,6.007326007326007,7.904761904761905,5.142857142857143,3.3333333333333335,2.905844155844156,0.7374999999999999,3.225,6.840000000000001,6.057142857142856,10.181818181818182,8.285714285714286,6.265060240963856,7.0625,0.8571428571428571,10.791666666666666,9.19642857142857,12.38095238095238,0.3581632653061225,14.285714285714285,9.175824175824173,6.133333333333334,17.0,41.54545454545455,276.42857142857144,1.3405920747386586
396,169333,"Burdock root, cooked, boiled, drained, with salt",Vegetables and Vegetable Products,5.157894736842105,0.0,0.0,,3.142857142857143,7.2,5.714285714285714,6.0,4.277777777777778,2.928571428571429,1.6117216117216113,4.3809523809523805,11.142857142857142,1.1428571428571428,1.7316017316017316,,,7.06,2.571428571428571,16.90909090909091,10.285714285714286,3.5972461273666094,3.6250000000000004,1.2857142857142858,10.0,3.4821428571428568,3.3333333333333335,0.12857142857142861,2.857142857142857,2.527472527472527,0.0,16.411764705882355,2.3636363636363638,2.857142857142857,2.1226041183362097
397,169335,"Cabbage, common (danish, domestic, and pointed types), freshly harvest, raw",Vegetables and Vegetable Products,4.947368421052632,,0.0,,0.8571428571428571,9.2,16.285714285714285,3.571428571428571,3.1111111111111116,4.357142857142857,2.3076923076923075,2.7142857142857144,4.285714285714286,1.1428571428571428,1.6233766233766234,0.43750000000000006,1.15,2.8000000000000003,2.228571428571428,4.181818181818182,7.0285714285714285,2.0826161790017212,1.875,1.2857142857142858,0.75,4.4642857142857135,4.0,0.16530612244897963,4.285714285714286,2.8571428571428568,0.8,5.588235294117648,46.36363636363637,,1.0054440560539941
398,169336,"Cabbage, common (danish, domestic, and pointed types), stored, raw",Vegetables and Vegetable Products,4.947368421052632,,0.0,,0.8571428571428571,9.2,16.285714285714285,3.571428571428571,3.1111111111111116,4.357142857142857,2.3076923076923075,2.7142857142857144,4.285714285714286,1.1428571428571428,1.6233766233766234,0.43750000000000006,1.15,2.8000000000000003,2.228571428571428,4.181818181818182,7.0285714285714285,2.0826161790017212,1.875,1.2857142857142858,0.75,4.4642857142857135,4.0,0.16530612244897963,4.285714285714286,2.8571428571428568,0.8,5.588235294117648,38.18181818181818,,1.0054440560539941
399,169337,"Cabbage, chinese (pe-tsai), cooked, boiled, drained, with salt",Vegetables and Vegetable Products,3.3684210526315788,,0.0,,0.5,6.8,15.142857142857142,3.714285714285714,1.6666666666666667,6.071428571428571,3.2234432234432226,4.238095238095238,2.857142857142857,0.857142857142857,2.7056277056277054,0.1625,1.2,1.6,2.514285714285714,7.090909090909091,6.428571428571429,2.581755593803787,2.7499999999999996,0.5714285714285714,10.208333333333334,3.928571428571428,4.666666666666667,0.15612244897959185,5.357142857142857,3.626373626373626,6.4,10.411764705882353,14.363636363636363,,1.0054440560539941
400,169338,"Cardoon, cooked, boiled, drained, with salt",Vegetables and Vegetable Products,7.578947368421052,,0.0,,0.7142857142857143,6.8,6.285714285714286,,4.055555555555555,,,,12.285714285714286,,1.5909090909090908,0.5499999999999999,,1.9400000000000002,,4.181818181818182,11.2,1.3080895008605853,1.9375,1.4285714285714286,17.166666666666668,1.6071428571428568,,0.10102040816326532,,,0.0,2.4705882352941178,1.5454545454545454,,1.0054440560539941
401,169339,"Carrots, cooked, boiled, drained, with salt",Vegetables and Vegetable Products,3.1578947368421053,92.57777777777778,0.0,2.2,1.25,12.0,0.5714285714285714,4.714285714285714,1.8888888888888888,4.499999999999999,3.0769230769230766,3.9523809523809526,2.857142857142857,1.619047619047619,3.49025974025974,1.3125,0.05,4.640000000000001,2.8571428571428568,5.454545454545454,6.714285714285714,1.3080895008605853,2.7499999999999996,1.0,12.583333333333334,5.892857142857142,14.95238095238095,0.16530612244897963,3.571428571428571,3.0769230769230766,113.6,9.0,3.272727272727273,19.571428571428573,1.1171600622822155
402,169341,"Celeriac, cooked, boiled, drained, with salt",Vegetables and Vegetable Products,2.736842105263158,,0.0,,0.9642857142857143,,0.8571428571428571,,2.388888888888889,,,,3.4285714285714284,,2.31060606060606,,,4.0600000000000005,,12.0,4.942857142857143,1.6523235800344236,2.3124999999999996,0.5714285714285714,12.375,2.4107142857142856,,0.17448979591836739,,,0.0,5.941176470588236,3.272727272727273,,1.1171600622822155
403,169342,"Celery, cooked, boiled, drained, with salt",Vegetables and Vegetable Products,4.421052631578948,3.477777777777778,0.0,1.975,0.6428571428571429,6.4,6.285714285714286,2.0,2.3333333333333335,1.7857142857142856,1.4285714285714284,1.5238095238095237,3.4285714285714284,0.6666666666666667,1.7261904761904763,0.9375,,3.9,1.3714285714285712,4.545454545454546,8.114285714285714,1.4285714285714286,2.9375,1.4285714285714286,13.625,3.839285714285714,2.2857142857142856,0.1469387755102041,3.928571428571428,1.813186813186813,3.466666666666667,5.0588235294117645,5.545454545454546,53.99999999999999,0.782012043597551
404,169343,"Chard, swiss, cooked, boiled, drained, with salt",Vegetables and Vegetable Products,6.105263157894737,40.577777777777776,0.0,7.175,0.7142857142857143,8.4,2.5714285714285716,5.428571428571428,12.555555555555554,11.0,4.945054945054944,4.904761904761904,24.571428571428573,1.9047619047619047,1.948051948051948,,,3.2600000000000002,6.514285714285713,6.0,15.685714285714285,3.2358003442340797,5.374999999999999,1.2857142857142858,17.291666666666668,3.0357142857142856,8.19047619047619,0.07346938775510205,6.428571428571427,6.263736263736263,40.8,5.0,16.363636363636363,467.57142857142856,1.8433141027656557
405,169344,"Chayote, fruit, cooked, boiled, drained, with salt",Vegetables and Vegetable Products,1.368421052631579,0.0,0.0,2.625,0.7857142857142857,11.2,5.142857142857143,1.5714285714285712,1.2222222222222223,2.357142857142857,2.1245421245421245,1.4285714285714286,3.4285714285714284,0.09523809523809523,2.2727272727272725,0.3,1.0250000000000001,8.16,2.0571428571428565,5.2727272727272725,4.942857142857143,1.0671256454388987,2.5,0.42857142857142855,9.875,2.321428571428571,2.9523809523809526,0.4408163265306123,2.857142857142857,2.582417582417582,0.0,6.941176470588235,7.2727272727272725,6.714285714285714,1.7315980965374342
406,169348,"Corn, sweet, yellow, frozen, kernels, cut off cob, boiled, drained, with salt",Vegetables and Vegetable Products,0.3157894736842105,0.5555555555555556,0.0,,2.8214285714285716,9.6,10.0,9.571428571428571,2.611111111111111,9.785714285714285,9.194139194139193,7.285714285714285,8.0,6.476190476190476,7.094155844155844,2.4625,0.15,3.02,7.485714285714286,14.363636363636363,6.6571428571428575,4.388984509466437,3.875,1.0,10.208333333333334,2.6785714285714284,10.952380952380953,0.6153061224489796,11.071428571428571,9.175824175824173,1.3333333333333333,5.8235294117647065,3.1818181818181817,0.42857142857142855,3.519054196188979
407,169349,"Corn, sweet, yellow, frozen, kernels on cob, cooked, boiled, drained, with salt",Vegetables and Vegetable Products,0.3157894736842105,0.6444444444444445,0.0,,3.357142857142857,11.2,8.857142857142858,12.285714285714285,3.388888888888889,8.928571428571427,12.307692307692307,6.285714285714286,8.285714285714286,6.19047619047619,8.208874458874458,4.2250000000000005,0.25,5.0,8.285714285714283,13.636363636363637,7.171428571428572,5.352839931153185,4.3125,1.0,10.0,15.535714285714283,11.904761904761905,0.679591836734694,7.857142857142856,9.835164835164832,1.6,13.176470588235295,4.363636363636363,0.5714285714285714,3.519054196188979
408,169350,"Cress, garden, cooked, boiled, drained, with salt",Vegetables and Vegetable Products,6.421052631578948,31.0,0.0,3.45,0.8214285714285714,2.8,10.571428571428571,,4.444444444444445,,,,7.428571428571429,,4.329004329004329,1.625,1.625,3.2600000000000002,,8.727272727272727,10.085714285714285,3.2702237521514634,10.0,1.2857142857142858,10.166666666666666,5.357142857142857,,0.5510204081632654,,,30.933333333333334,9.235294117647058,20.90909090909091,547.7142857142857,0.8378700467116617
409,169351,"Dandelion greens, cooked, boiled, drained, with salt",Vegetables and Vegetable Products,14.736842105263158,96.96666666666667,0.0,6.9,1.1785714285714286,11.6,3.7142857142857144,,10.0,,,,6.857142857142857,,2.781385281385281,,,1.1400000000000001,,7.636363636363637,6.628571428571429,3.4423407917383826,10.9375,0.42857142857142855,11.666666666666666,11.607142857142856,,0.5510204081632654,,,96.93333333333334,9.411764705882353,16.363636363636363,512.7142857142857,1.564024087195102
410,169353,"Gourd, white-flowered (calabash), cooked, boiled, drained, with salt",Vegetables and Vegetable Products,2.526315789473684,,0.0,,0.4642857142857143,4.8,1.1428571428571428,0.5714285714285714,1.3888888888888888,2.2857142857142856,1.282051282051282,0.9523809523809523,3.142857142857143,0.38095238095238093,2.1103896103896105,0.11249999999999999,,2.88,0.7999999999999999,2.3636363636363638,4.857142857142857,1.0327022375215147,1.3749999999999998,0.2857142857142857,9.916666666666666,2.5892857142857144,1.619047619047619,0.018367346938775512,1.0714285714285714,1.4285714285714284,,2.235294117647059,7.7272727272727275,,3.9100602179877546
411,169354,"Jute, potherb, cooked, boiled, drained, with salt",Vegetables and Vegetable Products,22.210526315789473,34.56666666666667,0.0,3.2,1.3214285714285714,8.0,29.714285714285715,12.428571428571427,17.444444444444443,12.499999999999998,11.208791208791206,8.238095238095237,17.714285714285715,4.857142857142857,4.816017316017316,1.175,0.05,1.44,9.6,13.090909090909092,15.714285714285714,6.3339070567986235,11.999999999999998,1.2857142857142858,10.291666666666666,8.124999999999998,12.38095238095238,0.18367346938775514,8.571428571428571,10.769230769230768,34.53333333333333,33.52941176470588,30.0,154.28571428571428,4.412782246014752
412,169355,"Kale, cooked, boiled, drained, with salt",Vegetables and Vegetable Products,15.789473684210526,19.233333333333334,0.0,0.1,1.5714285714285714,9.2,18.571428571428573,24.57142857142857,4.666666666666667,12.57142857142857,7.509157509157508,8.38095238095238,7.142857142857143,2.7619047619047623,2.472943722943723,3.1875,8.275,3.4,8.571428571428571,7.636363636363637,4.114285714285714,5.060240963855422,8.75,1.4285714285714286,10.5,5.624999999999999,12.476190476190476,1.1112244897959185,12.5,8.79120879120879,19.466666666666665,3.7058823529411766,16.181818181818183,597.8571428571429,1.508166084080991
413,169356,"Kale, frozen, cooked, boiled, drained, with salt",Vegetables and Vegetable Products,15.789473684210526,19.233333333333334,0.0,0.125,1.2857142857142858,9.2,18.571428571428573,24.57142857142857,4.666666666666667,12.57142857142857,7.509157509157508,8.38095238095238,7.142857142857143,2.7619047619047623,2.472943722943723,3.225,8.4,3.4,8.571428571428571,7.636363636363637,4.114285714285714,5.060240963855422,8.75,1.4285714285714286,10.5,5.624999999999999,12.476190476190476,1.1112244897959185,12.5,8.79120879120879,19.466666666666665,3.7058823529411766,16.181818181818183,597.8571428571429,1.508166084080991
414,169357,"Kohlrabi, cooked, boiled, drained, with salt",Vegetables and Vegetable Products,2.6315789473684212,0.23333333333333334,0.0,3.3,1.0357142857142858,4.4,3.4285714285714284,2.8571428571428568,2.2222222222222223,5.928571428571429,2.6007326007326004,2.8095238095238093,5.428571428571429,1.3333333333333335,2.1103896103896105,0.27499999999999997,0.7000000000000001,3.2,2.342857142857143,8.181818181818182,9.714285714285714,3.0981067125645443,1.25,1.1428571428571428,10.708333333333334,3.571428571428571,4.9523809523809526,0.10102040816326532,3.928571428571428,2.9120879120879115,0.26666666666666666,9.058823529411764,49.09090909090909,0.14285714285714285,1.7315980965374342
415,169358,"Yambean (jicama), cooked, boiled, drained, with salt",Vegetables and Vegetable Products,1.1578947368421053,,0.0,,1.2857142857142858,,2.2857142857142856,2.714285714285714,3.166666666666666,1.1428571428571428,0.9157509157509156,1.2380952380952381,3.142857142857143,0.6666666666666667,1.028138528138528,,,2.42,0.9714285714285714,2.909090909090909,3.857142857142857,1.2392426850258176,1.75,1.0,10.083333333333334,1.5178571428571428,1.714285714285714,0.08265306122448982,,1.2087912087912085,,2.3529411764705883,12.818181818181818,,0.8378700467116617
416,169359,"Yardlong bean, cooked, boiled, drained, with salt",Vegetables and Vegetable Products,4.631578947368421,,0.0,,1.6785714285714286,,12.857142857142858,11.714285714285715,5.444444444444445,9.642857142857142,6.593406593406592,7.904761904761905,12.0,3.428571428571428,3.409090909090909,0.3,0.42500000000000004,1.02,7.942857142857143,10.363636363636363,8.285714285714286,4.354561101549053,6.1875,2.142857142857143,10.0,7.5892857142857135,8.952380952380953,0.09183673469387757,10.357142857142858,8.02197802197802,3.066666666666667,1.411764705882353,14.727272727272727,,2.0108881121079882
417,169364,"Corn, sweet, white, frozen, kernels cut off cob, boiled, drained, with salt",Vegetables and Vegetable Products,0.42105263157894735,0.011111111111111112,0.0,5.5,2.857142857142857,9.6,8.857142857142858,10.285714285714283,1.9444444444444444,10.499999999999998,9.890109890109889,7.857142857142857,5.428571428571429,6.952380952380952,7.029220779220779,2.4625,0.15,3.6,8.057142857142855,10.363636363636363,4.2,4.733218588640276,4.437499999999999,1.0,10.208333333333334,7.410714285714286,11.80952380952381,0.39489795918367354,11.785714285714285,9.890109890109889,0.0,7.588235294117648,2.8181818181818183,0.42857142857142855,2.234320124564431
418,169365,"Corn, sweet, white, frozen, kernels on cob, unprepared",Vegetables and Vegetable Products,0.42105263157894735,0.022222222222222223,0.0,,3.5,11.2,11.428571428571429,12.857142857142856,3.7777777777777777,9.428571428571429,12.967032967032965,6.6190476190476195,9.142857142857142,6.476190476190476,9.096320346320345,4.45,0.27499999999999997,5.859999999999999,8.685714285714285,15.818181818181818,8.4,5.645438898450947,5.499999999999999,1.1428571428571428,0.20833333333333334,9.19642857142857,12.571428571428571,0.716326530612245,8.214285714285714,10.329670329670328,0.0,10.529411764705882,6.545454545454546,,3.9100602179877546
419,169366,"Corn, sweet, white, frozen, kernels on cob, cooked, boiled, drained, without salt",Vegetables and Vegetable Products,0.3157894736842105,0.022222222222222223,0.0,,3.357142857142857,8.4,8.857142857142858,12.285714285714285,3.388888888888889,8.928571428571427,12.307692307692307,6.285714285714286,8.285714285714286,6.19047619047619,8.208874458874458,4.2250000000000005,0.25,5.0,8.285714285714283,13.636363636363637,7.171428571428572,5.352839931153185,4.3125,1.0,0.16666666666666666,15.535714285714283,11.904761904761905,0.679591836734694,7.857142857142856,9.835164835164832,0.0,13.176470588235295,4.363636363636363,,3.519054196188979
420,169367,"Corn, sweet, white, frozen, kernels on cob, cooked, boiled, drained, with salt",Vegetables and Vegetable Products,0.3157894736842105,0.022222222222222223,0.0,,3.357142857142857,11.2,8.857142857142858,12.285714285714285,3.388888888888889,8.928571428571427,12.307692307692307,6.285714285714286,8.285714285714286,6.19047619047619,8.208874458874458,4.2250000000000005,0.25,5.0,8.285714285714283,13.636363636363637,7.171428571428572,5.352839931153185,4.3125,1.0,10.0,15.535714285714283,11.904761904761905,0.679591836734694,7.857142857142856,9.835164835164832,0.0,13.176470588235295,4.363636363636363,,3.519054196188979
421,169368,"Sesbania flower, cooked, steamed, with salt",Vegetables and Vegetable Products,2.3157894736842106,,0.0,,0.75,,16.285714285714285,3.285714285714285,3.1111111111111116,4.357142857142857,3.4798534798534795,2.7142857142857144,3.4285714285714284,1.3333333333333335,1.3528138528138527,,,,3.5428571428571427,3.8181818181818183,3.057142857142857,1.9621342512908777,2.6874999999999996,1.0,10.291666666666666,4.285714285714286,4.857142857142857,0.045918367346938785,6.071428571428571,3.7912087912087906,0.0,,33.63636363636363,,
422,169369,"Soybeans, mature seeds, sprouted, cooked, steamed, with salt",Vegetables and Vegetable Products,6.2105263157894735,0.13333333333333333,0.0,,2.892857142857143,3.2,22.857142857142858,32.14285714285714,7.277777777777778,26.785714285714285,22.23443223443223,23.142857142857142,17.142857142857142,8.476190476190476,5.909090909090909,27.712500000000002,7.3999999999999995,14.86,23.71428571428571,24.545454545454547,10.142857142857142,14.578313253012052,3.3124999999999996,0.8571428571428571,10.25,18.303571428571427,30.952380952380953,4.086734693877552,36.78571428571428,22.03296703296703,0.26666666666666666,6.176470588235294,7.545454545454547,47.142857142857146,5.809232323867521
423,169371,"Dock, cooked, boiled, drained, with salt",Vegetables and Vegetable Products,4.0,,0.0,,0.7142857142857143,,2.2857142857142856,7.0,11.555555555555555,6.642857142857142,5.567765567765567,5.0,25.428571428571427,3.0476190476190474,2.224025974025974,,,0.72,5.942857142857142,9.454545454545455,9.17142857142857,3.14974182444062,5.374999999999999,1.2857142857142858,9.958333333333334,3.0357142857142856,8.19047619047619,0.5877551020408164,,6.648351648351647,23.2,5.882352941176471,23.90909090909091,,0.9495860529398833
424,169376,"Mushroom, white, exposed to ultraviolet light, raw",Vegetables and Vegetable Products,0.3157894736842105,,0.0,4.325,0.7857142857142857,4.0,4.857142857142857,,2.7777777777777777,,,,2.5714285714285716,,19.518398268398272,2.0,0.0,29.940000000000005,,15.636363636363637,9.085714285714285,5.3184165232358005,25.125,13.285714285714286,0.20833333333333334,7.232142857142856,,0.3122448979591837,,,,6.11764705882353,1.9090909090909092,0.0,2.9046161619337605
425,169377,"Mushrooms, portabella, exposed to ultraviolet light, grilled",Vegetables and Vegetable Products,0.3157894736842105,,,8.2,1.0357142857142858,8.8,5.428571428571429,10.857142857142856,2.2222222222222223,7.6428571428571415,6.263736263736264,7.571428571428571,3.7142857142857144,3.6190476190476186,33.8474025974026,3.2875,0.0,25.240000000000002,5.7142857142857135,24.545454545454547,12.485714285714286,5.645438898450947,25.1875,31.285714285714285,0.4583333333333333,6.428571428571427,12.666666666666666,0.5326530612244899,16.785714285714285,5.494505494505494,,7.1764705882352935,0.0,0.0,3.630770202417201
426,169379,"Pickles, cucumber, sour",Vegetables and Vegetable Products,0.0,0.9,0.0,0.9,0.39285714285714285,4.8,0.2857142857142857,0.7142857142857142,2.2222222222222223,0.7142857142857142,0.5128205128205128,0.6666666666666667,1.1428571428571428,0.2857142857142857,0.0,0.42500000000000004,1.15,0.76,0.5142857142857141,2.5454545454545454,0.6571428571428571,0.5679862306368331,0.625,0.0,50.333333333333336,0.0,0.857142857142857,0.18367346938775514,1.0714285714285714,0.6043956043956042,1.3333333333333333,0.5294117647058824,0.9090909090909091,67.14285714285714,0.11171600622822156
427,169381,"Catsup, low sodium",Vegetables and Vegetable Products,1.5789473684210527,3.511111111111111,0.0,3.125,3.607142857142857,1.2,2.5714285714285716,1.857142857142857,1.9444444444444444,1.0,0.7692307692307692,1.0952380952380951,3.7142857142857144,0.47619047619047616,7.75974025974026,0.4875,0.025,0.9400000000000001,1.2,4.7272727272727275,8.028571428571428,1.7900172117039588,10.375,1.0,0.8333333333333334,0.982142857142857,1.8095238095238093,0.09183673469387757,1.7857142857142856,0.7692307692307692,3.466666666666667,9.294117647058824,3.7272727272727266,4.285714285714286,0.9495860529398833
428,169382,"Mushrooms, enoki, raw",Vegetables and Vegetable Products,0.0,,0.0,11.925,1.3214285714285714,10.8,13.714285714285714,10.0,6.388888888888888,6.428571428571428,4.761904761904761,6.19047619047619,4.571428571428571,2.857142857142857,38.05194805194805,1.0250000000000001,1.0250000000000001,27.0,8.571428571428571,19.09090909090909,10.257142857142858,4.578313253012048,12.5,3.1428571428571432,0.125,20.08928571428571,10.476190476190476,0.2663265306122449,14.285714285714285,12.637362637362635,,5.882352941176471,0.0,0.0,3.630770202417201
429,169383,"Peppers, sweet, yellow, raw",Vegetables and Vegetable Products,1.1578947368421053,1.3333333333333333,0.0,,0.9642857142857143,3.6,7.428571428571429,2.8571428571428568,2.5555555555555554,2.2857142857142856,1.9047619047619044,2.095238095238095,3.4285714285714284,1.1428571428571428,4.816017316017316,,,3.3600000000000003,1.7714285714285714,4.363636363636363,6.057142857142857,1.7211703958691913,1.5625,0.42857142857142855,0.08333333333333333,2.5,3.5238095238095233,0.1928571428571429,4.642857142857142,2.3076923076923075,1.3333333333333333,9.882352941176471,166.8181818181818,,0.9495860529398833
430,169385,"Fennel, bulb, raw",Vegetables and Vegetable Products,5.157894736842105,6.4222222222222225,0.0,3.3,1.1071428571428572,12.4,7.714285714285714,,4.055555555555555,,,,4.857142857142857,,3.463203463203463,2.1125000000000003,0.0,4.640000000000001,,9.090909090909092,11.82857142857143,2.1342512908777973,2.0,1.0,2.1666666666666665,0.8928571428571428,,0.18367346938775514,,,6.4,2.7647058823529416,10.909090909090908,89.71428571428571,1.1171600622822155
431,169386,"Pickle relish, hamburger",Vegetables and Vegetable Products,0.42105263157894735,,0.0,,4.607142857142857,12.8,0.2857142857142857,1.714285714285714,6.333333333333332,1.5,1.0989010989010988,1.3333333333333335,2.0,0.6666666666666667,3.338744588744589,0.8375,1.6,0.14,1.0857142857142856,3.090909090909091,2.1714285714285713,1.0843373493975905,2.625,0.0,45.666666666666664,1.7857142857142856,1.8095238095238093,0.49591836734693884,2.5,1.2087912087912085,1.7333333333333334,0.8823529411764706,2.090909090909091,,0.6144380342552186
432,169387,"Arugula, raw",Vegetables and Vegetable Products,16.842105263157894,15.822222222222223,0.0,3.825,0.8928571428571429,6.4,27.714285714285715,,8.11111111111111,,,,13.428571428571429,,1.6504329004329004,1.625,4.25,8.74,,9.454545454545455,10.542857142857143,4.440619621342513,5.374999999999999,0.42857142857142855,1.125,3.928571428571428,,0.6061224489795919,,,15.866666666666667,4.294117647058823,13.636363636363637,155.14285714285714,2.6253261463632067
433,169388,"Nopales, cooked, without salt",Vegetables and Vegetable Products,17.263157894736842,2.688888888888889,0.0,1.775,0.5357142857142857,8.0,0.8571428571428571,3.714285714285714,2.7777777777777777,3.714285714285714,3.0036630036630036,3.0,13.428571428571429,1.5238095238095237,1.6017316017316017,0.2375,0.05,3.0,2.971428571428571,2.909090909090909,5.571428571428571,2.3235800344234083,2.5,1.0,0.8333333333333334,0.982142857142857,4.0,0.045918367346938785,5.0,3.406593406593406,2.933333333333333,3.9411764705882355,4.818181818181818,7.285714285714285,1.1730180653963265
434,169389,"Cauliflower, green, raw",Vegetables and Vegetable Products,3.473684210526316,1.0333333333333334,0.0,14.275,1.1071428571428572,12.8,16.285714285714285,8.428571428571427,4.055555555555555,8.0,6.300366300366299,7.523809523809524,5.714285714285714,4.0,3.971861471861472,0.36250000000000004,2.6,13.919999999999998,5.999999999999999,11.272727272727273,8.571428571428571,5.077452667814114,6.374999999999999,0.8571428571428571,0.9583333333333334,7.142857142857142,10.19047619047619,0.2755102040816327,13.928571428571427,8.13186813186813,1.0666666666666667,13.058823529411764,80.0909090909091,28.857142857142858,3.57491219930309
435,169391,"Cauliflower, green, cooked, with salt",Vegetables and Vegetable Products,3.3684210526315788,,0.0,,1.1428571428571428,13.2,11.714285714285714,8.714285714285714,4.0,8.285714285714286,6.520146520146519,7.761904761904762,5.428571428571429,4.095238095238095,3.6850649350649354,0.375,2.675,13.620000000000001,6.171428571428571,10.363636363636363,7.942857142857143,5.232358003442341,6.25,1.1428571428571428,10.791666666666666,6.25,10.476190476190476,0.28469387755102044,14.285714285714285,8.406593406593405,0.9333333333333333,12.117647058823529,65.99999999999999,,3.519054196188979
436,169392,"Broccoli, chinese, cooked",Vegetables and Vegetable Products,10.526315789473685,10.922222222222222,0.0,6.325,0.7857142857142857,10.0,28.285714285714285,,3.1111111111111116,,,,5.142857142857143,,2.364718614718615,0.95,6.45,3.18,,7.454545454545454,7.457142857142857,1.9621342512908777,9.125,1.8571428571428572,0.2916666666666667,8.482142857142856,,0.6612244897959185,,,10.933333333333334,4.11764705882353,25.636363636363637,121.14285714285714,2.1784621214503206
437,169394,"Pepper, banana, raw",Vegetables and Vegetable Products,1.4736842105263157,2.0444444444444443,0.0,1.85,0.9642857142857143,13.6,8.285714285714286,,2.5555555555555554,,,,4.857142857142857,,6.720779220779221,3.0,0.075,5.3,,5.818181818181818,7.314285714285714,2.857142857142857,3.375,0.42857142857142855,0.5416666666666666,7.232142857142856,,0.41326530612244905,,,2.2666666666666666,20.999999999999996,75.18181818181819,13.571428571428571,1.3964500778527695
438,169395,"Peppers, serrano, raw",Vegetables and Vegetable Products,1.1578947368421053,5.933333333333334,0.0,2.225,1.1428571428571428,14.8,6.571428571428571,,4.777777777777778,,,,6.285714285714286,,8.317099567099566,2.7,0.15,4.0,,7.2727272727272725,8.714285714285714,2.9948364888123926,5.062499999999999,0.5714285714285714,0.4166666666666667,4.821428571428571,,0.4040816326530613,,,6.266666666666667,29.705882352941178,40.81818181818182,16.857142857142858,1.4523080809668802
439,169397,"Pickles, chowchow, with cauliflower onion mustard, sweet",Vegetables and Vegetable Products,2.4210526315789473,0.4222222222222222,0.0,1.0,4.321428571428571,6.0,1.4285714285714286,,7.777777777777778,,,,6.0,,0.0,3.4375000000000004,3.05,1.34,,4.0,5.714285714285714,2.581755593803787,1.25,2.857142857142857,21.958333333333332,0.0,,0.8265306122448981,,,0.6666666666666666,0.5882352941176471,5.454545454545454,88.0,1.284734071624548
440,169398,"Epazote, raw",Vegetables and Vegetable Products,28.94736842105263,0.4222222222222222,0.0,,1.1428571428571428,15.2,61.42857142857143,,10.444444444444445,,,,34.57142857142857,,3.4577922077922074,,,3.5799999999999996,,15.636363636363637,18.085714285714285,0.5679862306368331,21.749999999999996,1.2857142857142858,1.7916666666666667,2.5,,0.47755102040816333,,,0.4,8.941176470588236,3.272727272727273,,6.144380342552187
441,169399,"Fireweed, leaves, raw",Vegetables and Vegetable Products,45.1578947368421,,0.0,,3.6785714285714284,42.4,32.0,,13.333333333333334,,,,44.57142857142857,,25.292207792207794,,,27.120000000000005,,19.636363636363637,14.114285714285714,8.10671256454389,8.5625,1.2857142857142858,1.4166666666666667,2.946428571428571,,2.525510204081633,,,24.0,37.1764705882353,2.0000000000000004,,14.858228828353468
442,169400,"Malabar spinach, cooked",Vegetables and Vegetable Products,13.052631578947368,,0.0,,0.8214285714285714,8.4,32.57142857142857,,8.222222222222221,,,,13.714285714285714,,4.258658008658009,,,2.7,,6.545454545454546,7.314285714285714,5.12908777969019,8.0625,1.2857142857142858,2.2916666666666665,9.464285714285714,,0.716326530612245,,,7.733333333333333,5.0588235294117645,5.363636363636363,,1.6757400934233233
443,169401,"Yautia (tannier), raw",Vegetables and Vegetable Products,0.9473684210526315,0.05555555555555555,0.0,,3.5,6.0,4.857142857142857,,5.444444444444445,,,,6.857142857142857,,3.6093073593073592,,,4.18,,9.272727272727273,17.085714285714285,2.5129087779690193,2.5,1.0,0.875,8.660714285714286,,0.3673469387755103,,,0.0,13.941176470588236,4.7272727272727275,,2.792900155705539
444,169402,"Mushrooms, white, microwaved",Vegetables and Vegetable Products,0.631578947368421,0.0,0.0,7.575,1.25,10.0,4.571428571428571,9.285714285714285,1.8333333333333333,6.142857142857142,5.018315018315018,5.857142857142858,4.0,3.428571428571428,28.95021645021645,3.5000000000000004,0.0,39.2,5.542857142857143,23.09090909090909,13.942857142857143,6.7297762478485375,26.9375,25.714285714285715,0.7083333333333334,5.357142857142857,11.619047619047619,0.4224489795918368,13.928571428571427,14.560439560439558,0.0,2.882352941176471,0.0,0.0,4.077634227330087
445,169403,"Mushrooms, maitake, raw",Vegetables and Vegetable Products,0.10526315789473684,0.0,0.0,12.775,1.1071428571428572,10.8,6.0,6.428571428571428,1.6666666666666667,3.9285714285714284,2.9304029304029298,4.285714285714286,2.857142857142857,1.4285714285714286,35.633116883116884,1.125,0.0,5.4,3.428571428571428,13.454545454545455,5.828571428571428,3.339070567986231,15.124999999999998,3.1428571428571432,0.041666666666666664,13.035714285714285,9.047619047619047,0.17448979591836739,12.5,5.494505494505494,0.0,3.294117647058824,0.0,0.0,4.189350233558309
446,169404,"Broccoli, chinese, raw",Vegetables and Vegetable Products,11.052631578947368,11.466666666666667,0.0,6.625,0.9285714285714286,10.4,29.714285714285715,,3.2777777777777777,,,,5.428571428571429,,2.4837662337662336,1.0,6.775,,,7.818181818181818,7.828571428571428,2.0654044750430294,9.562499999999998,2.0,0.2916666666666667,8.928571428571427,,0.6979591836734695,,,11.466666666666667,4.352941176470588,26.90909090909091,127.28571428571429,2.290178127678542
447,169405,"Fiddlehead ferns, raw",Vegetables and Vegetable Products,3.3684210526315788,22.666666666666668,0.0,,1.2142857142857142,,,,7.277777777777778,,,,9.714285714285714,,26.94805194805195,,,,,18.363636363636363,10.571428571428571,7.83132530120482,13.125,,0.041666666666666664,1.7857142857142856,,0.3673469387755103,,,24.133333333333333,,24.181818181818183,,4.6362142584711945
448,169406,"Seeds, sesame butter, tahini, from unroasted kernels (non-chemically removed seed coat)",Nut and Seed Products,14.842105263157896,,0.0,,21.678571428571427,37.2,28.0,75.42857142857143,35.27777777777778,55.14285714285714,50.36630036630036,27.428571428571423,100.85714285714286,56.476190476190474,30.54112554112554,303.5625,10.674999999999999,13.879999999999999,54.342857142857135,143.63636363636363,13.114285714285714,30.89500860585198,7.5,,0.041666666666666664,141.69642857142856,70.95238095238095,51.8326530612245,140.35714285714286,55.05494505494505,0.4,8.76470588235294,0.0,,58.371613254245766
449,169407,"Seeds, watermelon seed kernels, dried",Nut and Seed Products,5.684210526315789,,0.0,,19.892857142857142,,16.571428571428573,110.71428571428571,40.44444444444444,95.85714285714286,78.7179487179487,42.23809523809524,147.14285714285714,79.42857142857142,19.20995670995671,351.175,,6.919999999999999,116.05714285714285,137.27272727272728,18.514285714285716,48.760757314974185,9.062499999999998,,4.125,16.96428571428571,105.90476190476191,43.503061224489805,139.28571428571428,85.49450549450547,0.0,5.235294117647059,0.0,,57.19859518884944
450,169408,"Nuts, chestnuts, japanese, dried",Nut and Seed Products,7.578947368421052,,0.0,,12.857142857142858,,31.142857142857142,18.714285714285715,18.77777777777778,18.428571428571427,11.904761904761903,16.285714285714285,32.857142857142854,12.0,18.939393939393938,3.5999999999999996,0.775,9.620000000000001,11.714285714285714,30.727272727272727,21.942857142857143,9.036144578313253,23.75,,1.4166666666666667,71.60714285714285,20.0,1.1387755102040817,26.785714285714285,17.14285714285714,0.5333333333333333,38.76470588235294,55.72727272727273,,14.35550680032647
451,169409,"Nuts, coconut milk, frozen (liquid expressed from grated meat and water)",Nut and Seed Products,0.42105263157894735,,0.0,,7.214285714285714,,4.0,5.285714285714285,4.5,4.499999999999999,4.358974358974358,3.3809523809523805,9.142857142857142,2.857142857142857,3.6309523809523814,2.85,,3.22,4.685714285714286,10.727272727272727,6.628571428571429,2.771084337349398,0.0,,0.5,2.0535714285714284,5.619047619047619,19.102040816326532,6.785714285714285,5.384615384615384,0.0,1.7647058823529411,1.0000000000000002,,3.295622183732536
452,169410,"Seeds, sesame butter, tahini, from raw and stone ground kernels",Nut and Seed Products,44.21052631578947,,0.0,,20.357142857142858,37.2,28.0,74.85714285714286,13.944444444444443,54.71428571428571,49.963369963369956,27.190476190476186,27.428571428571427,55.99999999999999,32.061688311688314,258.175,9.075,13.879999999999999,53.94285714285713,136.72727272727272,11.82857142857143,30.65404475043029,31.875,,3.0833333333333335,114.5535714285714,70.38095238095238,44.081632653061234,139.28571428571428,54.670329670329664,0.4,8.76470588235294,0.0,,25.918113444947398
453,169411,"Nuts, formulated, wheat-based, all flavors except macadamia, without salt",Nut and Seed Products,2.3157894736842106,,0.0,,23.107142857142858,20.8,35.714285714285715,54.28571428571428,14.444444444444445,39.42857142857142,35.6043956043956,42.19047619047618,16.857142857142858,26.095238095238095,8.116883116883116,280.6,44.425,6.24,33.48571428571428,66.54545454545455,9.142857142857142,22.564543889845098,18.75,,3.7916666666666665,35.71428571428571,52.57142857142857,57.21428571428572,61.42857142857142,39.12087912087912,0.0,20.470588235294116,0.09090909090909091,,16.53396892177679
454,169412,"Seeds, sesame seed kernels, dried (decorticated)",Nut and Seed Products,6.315789473684211,0.4444444444444444,0.0,6.4,22.535714285714285,46.4,32.857142857142854,78.57142857142857,35.333333333333336,53.57142857142857,54.945054945054935,30.952380952380953,98.57142857142857,83.80952380952381,31.385281385281385,315.3375,6.575,5.799999999999999,53.71428571428571,121.27272727272727,10.571428571428571,35.19793459552496,5.625,49.142857142857146,1.9583333333333333,62.41071428571427,69.52380952380952,56.21326530612246,117.85714285714285,53.84615384615384,0.4,23.529411764705884,0.0,0.0,37.59243609579656
455,169413,"Nuts, chestnuts, japanese, raw",Nut and Seed Products,3.263157894736842,,0.0,,5.5,,13.428571428571429,8.0,8.055555555555555,7.928571428571428,5.091575091575091,6.999999999999999,14.0,5.142857142857143,8.116883116883116,1.5375,0.325,4.119999999999999,5.028571428571428,13.090909090909092,9.4,3.8726333907056802,10.1875,,0.5833333333333334,30.71428571428571,8.571428571428571,0.4867346938775511,11.428571428571429,7.362637362637361,0.26666666666666666,16.64705882352941,23.90909090909091,,6.144380342552187
456,169414,"Seeds, flaxseed",Nut and Seed Products,26.842105263157894,0.0,0.0,19.675,19.071428571428573,109.2,24.857142857142858,67.42857142857142,31.833333333333332,64.0,45.238095238095234,41.047619047619044,112.0,35.238095238095234,16.666666666666668,73.7875,570.3249999999999,19.7,54.68571428571428,116.72727272727273,23.228571428571428,31.480206540447508,10.0625,36.285714285714285,1.25,146.78571428571425,72.95238095238095,38.718367346938784,106.07142857142856,58.90109890109889,0.0,27.823529411764707,0.5454545454545454,6.142857142857143,24.24237335152408
457,169415,"Seeds, pumpkin and squash seed kernels, roasted, with salt added",Nut and Seed Products,5.473684210526316,0.05555555555555555,0.0,15.75,20.5,26.0,16.285714285714285,109.99999999999999,44.833333333333336,90.35714285714283,87.47252747252745,58.095238095238095,157.14285714285714,56.666666666666664,23.97186147186147,244.875,2.775,11.399999999999999,97.77142857142856,213.45454545454547,22.514285714285716,51.35972461273666,9.375,13.428571428571429,10.666666666666666,6.25,93.80952380952381,45.04591836734694,203.21428571428567,85.65934065934064,0.0,5.882352941176471,1.6363636363636365,6.428571428571429,42.67551437918063
458,169416,"Seeds, sesame seed kernels, toasted, with salt added (decorticated)",Nut and Seed Products,13.789473684210526,0.4444444444444444,0.0,6.4,20.25,67.6,27.428571428571427,71.28571428571428,43.22222222222222,52.14285714285714,47.58241758241758,25.904761904761905,98.85714285714286,53.333333333333336,29.426406926406923,258.175,9.075,13.6,51.37142857142857,140.72727272727272,11.6,29.191049913941484,29.125,49.142857142857146,24.5,107.58928571428571,67.04761904761904,44.081632653061234,132.5,52.032967032967015,0.4,8.588235294117647,0.0,0.0,57.14273718573533
459,169417,"Seeds, sunflower seed kernels from shell, dry roasted, with salt added",Nut and Seed Products,7.368421052631579,0.05555555555555555,0.0,13.775,19.5,36.0,67.71428571428571,76.57142857142857,21.11111111111111,69.07142857142857,51.57509157509156,37.857142857142854,36.857142857142854,40.0,38.1060606060606,409.775,1.725,140.83999999999997,56.68571428571428,210.0,24.285714285714285,33.27022375215146,15.375,113.28571428571429,250.33333333333334,9.464285714285714,75.04761904761904,45.73469387755103,105.35714285714285,61.318681318681314,0.0,47.294117647058826,1.2727272727272727,3.857142857142857,29.5488836473646
460,169418,"Seeds, sunflower seed kernels, dry roasted, with salt added",Nut and Seed Products,7.368421052631579,0.05555555555555555,0.0,13.775,20.785714285714285,36.0,67.71428571428571,76.57142857142857,21.11111111111111,69.07142857142857,51.57509157509156,37.857142857142854,36.857142857142854,40.0,38.1060606060606,409.775,1.725,140.83999999999997,56.68571428571428,210.0,24.285714285714285,33.27022375215146,15.375,113.28571428571429,27.291666666666668,9.464285714285714,75.04761904761904,45.73469387755103,105.35714285714285,61.318681318681314,0.0,47.294117647058826,1.2727272727272727,3.857142857142857,29.5488836473646
461,169419,"Nuts, almonds, oil roasted, with salt added",Nut and Seed Products,30.63157894736842,0.011111111111111112,0.0,13.025,21.678571428571427,42.0,7.714285714285714,84.57142857142856,20.444444444444443,49.35714285714285,53.73626373626374,28.57142857142857,78.28571428571429,17.904761904761905,19.83225108225108,168.9875,0.0,4.58,65.48571428571428,84.72727272727273,19.97142857142857,36.54044750430293,48.8125,5.857142857142857,14.125,8.214285714285714,64.47619047619048,50.66632653061225,68.57142857142857,43.84615384615385,0.0,6.941176470588235,0.0,0.0,17.14840695603201
462,169420,"Nuts, almonds, oil roasted, with salt added, smoke flavor",Nut and Seed Products,30.105263157894736,,0.0,,21.678571428571427,42.8,,,21.444444444444443,,,,81.71428571428571,,,,,,,,19.4,36.88468158347677,,,22.833333333333332,,,51.32755102040817,,,,,0.0,,
463,169421,"Nuts, cashew nuts, dry roasted, with salt added",Nut and Seed Products,4.7368421052631575,0.0,0.0,15.25,20.5,12.0,19.714285714285715,57.0,33.333333333333336,52.21428571428571,47.069597069597066,38.9047619047619,74.28571428571429,26.095238095238095,7.575757575757575,95.75,4.025,24.34,45.199999999999996,89.0909090909091,16.142857142857142,26.351118760757316,12.5,16.714285714285715,26.666666666666668,17.857142857142854,56.38095238095237,42.56632653061225,84.64285714285714,57.14285714285713,0.0,15.058823529411766,0.0,49.57142857142858,31.280481743902037
464,169422,"Nuts, cashew nuts, oil roasted, with salt added",Nut and Seed Products,4.526315789473684,0.0,0.0,15.25,20.75,13.2,7.142857142857143,60.14285714285714,33.611111111111114,52.07142857142856,49.85347985347985,40.857142857142854,78.0,31.809523809523807,9.393939393939393,105.975,1.7000000000000002,17.6,50.22857142857143,96.54545454545455,18.057142857142857,28.98450946643718,13.625,29.0,12.833333333333334,32.41071428571428,60.57142857142857,43.87040816326531,94.64285714285714,55.54945054945054,0.0,19.000000000000004,0.2727272727272727,49.57142857142858,29.884031666049268
465,169423,"Nuts, mixed nuts, oil roasted, without peanuts, with salt added",Nut and Seed Products,11.157894736842104,0.044444444444444446,0.0,12.8,21.964285714285715,22.0,16.0,59.42857142857142,14.277777777777779,50.21428571428571,46.33699633699632,32.476190476190474,71.71428571428571,32.95238095238095,10.627705627705629,139.2125,6.225,19.240000000000002,46.857142857142854,81.63636363636364,15.542857142857143,26.712564543889847,30.375,602.1428571428571,12.75,44.99999999999999,54.09523809523809,51.584693877551025,89.99999999999999,52.30769230769229,0.0,10.588235294117647,0.45454545454545453,25.57142857142857,26.029829451175623
466,169424,"Nuts, pecans, dry roasted, with salt added",Nut and Seed Products,7.578947368421052,0.9333333333333333,0.0,,25.357142857142858,37.6,4.571428571428571,38.714285714285715,15.555555555555555,24.857142857142854,22.67399267399267,14.142857142857142,37.714285714285715,17.999999999999996,6.314935064935065,244.725,24.85,14.059999999999999,25.2,53.27272727272727,12.114285714285714,16.351118760757316,6.687499999999999,5.714285714285714,15.958333333333334,40.17857142857142,30.19047619047619,68.20714285714287,34.285714285714285,23.406593406593405,0.9333333333333333,11.0,0.6363636363636364,,28.320007578854167
467,169425,"Nuts, pecans, oil roasted, with salt added",Nut and Seed Products,7.052631578947368,0.6888888888888889,0.0,,25.535714285714285,38.0,4.285714285714286,37.42857142857143,13.722222222222223,24.07142857142857,21.978021978021975,13.714285714285712,34.57142857142857,17.428571428571427,6.4935064935064934,281.9,25.775,14.74,24.457142857142852,47.81818181818182,11.2,15.834767641996557,6.875,8.571428571428571,16.375,42.232142857142854,29.238095238095237,69.08877551020409,33.214285714285715,22.692307692307686,0.6666666666666666,11.0,0.6363636363636364,,24.96852739200752
468,169426,"Nuts, pistachio nuts, dry roasted, with salt added",Nut and Seed Products,11.263157894736842,1.7666666666666666,0.0,17.85,20.321428571428573,41.2,14.571428571428571,76.42857142857142,22.38888888888889,68.35714285714285,61.35531135531134,56.61904761904762,31.142857142857142,35.714285714285715,7.42965367965368,164.0625,5.3,10.260000000000002,65.14285714285712,85.27272727272727,28.771428571428572,36.230636833046475,14.625,14.285714285714286,17.833333333333332,62.05357142857142,67.99999999999999,42.0795918367347,93.57142857142857,71.70329670329669,1.7333333333333334,66.00000000000001,2.727272727272727,18.857142857142858,13.070772728701922
469,169427,"Nuts, mixed nuts, oil roasted, with peanuts, lightly salted",Nut and Seed Products,12.31578947368421,0.022222222222222223,0.0,13.0,21.678571428571427,28.0,23.714285714285715,81.7142857142857,14.5,58.99999999999999,60.65934065934065,37.23809523809524,65.42857142857143,26.95238095238095,41.71536796536796,181.1875,2.0500000000000003,22.799999999999997,67.54285714285713,82.9090909090909,18.057142857142857,34.492254733218594,12.25,48.42857142857143,6.708333333333333,16.874999999999996,66.95238095238095,49.54591836734695,78.57142857142857,54.999999999999986,0.0,20.705882352941174,0.45454545454545453,8.142857142857142,18.768289046341224
470,169428,"Nuts, mixed nuts, oil roasted, without peanuts, lightly salted",Nut and Seed Products,13.68421052631579,0.14444444444444443,0.0,,21.678571428571427,28.4,29.714285714285715,71.42857142857142,28.77777777777778,50.999999999999986,52.344322344322336,37.42857142857143,78.57142857142857,30.571428571428573,10.822510822510822,134.375,0.0,12.139999999999999,57.14285714285714,78.72727272727273,20.4,30.740103270223756,20.0625,198.71428571428572,5.958333333333333,31.874999999999993,61.238095238095234,45.91836734693878,89.28571428571428,52.96703296703296,0.13333333333333333,20.999999999999996,0.5454545454545454,,25.527107423148625
471,169697,"Cornmeal, whole-grain, yellow",Cereal Grains and Pasta,0.631578947368421,1.0777777777777777,0.0,5.4,12.928571428571429,29.2,7.142857142857143,35.42857142857142,19.166666666666668,20.78571428571428,36.483516483516475,10.857142857142858,36.285714285714285,16.19047619047619,19.653679653679653,19.8625,1.225,8.5,22.8,43.81818181818182,8.2,13.975903614457831,12.5625,22.142857142857142,1.4583333333333333,34.375,29.047619047619047,3.2969387755102044,20.357142857142854,22.582417582417577,1.4666666666666666,17.88235294117647,0.0,0.42857142857142855,10.166156566768162
472,169698,Cornstarch,Cereal Grains and Pasta,0.21052631578947367,0.0,0.0,0.1,13.607142857142858,3.6,0.0,1.1428571428571428,2.611111111111111,0.7142857142857142,1.3186813186813184,0.2857142857142857,0.8571428571428571,0.5714285714285714,0.0,0.3125,0.0,0.0,0.7428571428571428,2.3636363636363638,0.08571428571428572,0.4475043029259897,0.0,4.0,0.375,0.0,0.857142857142857,0.045918367346938785,0.35714285714285715,0.7692307692307692,0.0,0.0,0.0,0.0,0.33514801868466465
473,169700,"Couscous, cooked",Cereal Grains and Pasta,0.8421052631578947,0.0,0.0,0.825,4.0,5.6,4.285714285714286,11.0,2.111111111111111,10.499999999999998,9.487179487179487,3.476190476190476,2.2857142857142856,5.619047619047619,5.319264069264069,0.75,0.075,7.42,10.514285714285712,4.0,1.6571428571428573,6.523235800344235,1.6875,39.285714285714285,0.20833333333333334,5.624999999999999,9.523809523809524,0.1469387755102041,17.5,8.9010989010989,0.0,3.0,0.0,0.14285714285714285,1.4523080809668802
474,169704,"Rice, brown, long-grain, cooked (Includes foods for USDA's Food Distribution Program)",Cereal Grains and Pasta,0.3157894736842105,0.0,0.0,2.3,4.392857142857143,6.4,2.5714285714285716,9.428571428571429,3.1111111111111116,7.785714285714286,7.838827838827837,4.714285714285714,11.142857142857142,5.523809523809525,13.85822510822511,4.4375,0.27499999999999997,7.6,7.6,18.727272727272727,2.4571428571428573,4.716006884681584,4.3125,8.285714285714286,0.16666666666666666,15.892857142857142,9.047619047619047,0.8908163265306124,11.785714285714285,8.296703296703296,0.0,7.23529411764706,0.0,0.2857142857142857,3.9659182211018655
475,169705,Oats (Includes foods for USDA's Food Distribution Program),Cereal Grains and Pasta,5.684210526315789,,0.0,,13.892857142857142,42.4,16.0,57.857142857142854,26.22222222222222,49.57142857142856,47.03296703296703,33.38095238095238,50.57142857142857,29.71428571428571,5.20021645021645,30.3,2.775,26.98,51.14285714285714,95.0909090909091,12.257142857142858,29.07056798623064,8.6875,,0.08333333333333333,68.12499999999999,54.76190476190475,6.336734693877552,83.57142857142857,51.483516483516475,0.0,6.999999999999999,0.0,,22.17562723630198
476,169712,"Rice, white, steamed, Chinese restaurant",Cereal Grains and Pasta,0.5263157894736842,,,,5.392857142857143,3.6,1.4285714285714286,,2.1666666666666665,,,,1.4285714285714286,,3.0627705627705626,,,,,6.0,0.5714285714285714,5.507745266781412,0.9375,,0.20833333333333334,1.4285714285714286,,0.24795918367346942,,,,1.2941176470588234,,,3.798344211759533
477,169716,Sorghum grain,Cereal Grains and Pasta,1.368421052631579,,0.0,,11.75,26.8,5.714285714285714,35.14285714285714,18.666666666666668,30.928571428571423,54.61538461538461,10.904761904761905,47.142857142857146,16.095238095238095,19.956709956709958,18.6625,1.625,7.340000000000001,31.199999999999996,52.54545454545455,10.371428571428572,18.27882960413081,5.999999999999999,17.428571428571427,0.08333333333333333,29.642857142857142,32.95238095238095,3.177551020408164,44.285714285714285,30.824175824175825,0.0,26.058823529411764,0.0,,9.3282865200565
478,169718,Triticale,Cereal Grains and Pasta,3.8947368421052633,,0.0,,12.0,,20.857142857142858,44.42857142857142,14.277777777777779,34.21428571428571,33.369963369963365,17.38095238095238,37.142857142857146,19.428571428571427,7.738095238095238,10.6625,1.525,26.459999999999997,36.457142857142856,65.0909090909091,9.485714285714286,22.461273666092946,8.375,,0.20833333333333334,37.14285714285714,38.57142857142857,1.919387755102041,56.07142857142856,33.46153846153845,0.0,8.11764705882353,0.0,,19.271011074368218
479,169719,"Wheat, hard white",Cereal Grains and Pasta,3.3684210526315788,0.05555555555555555,0.0,,12.214285714285714,48.8,10.857142857142858,,25.33333333333333,,,,26.571428571428573,,23.706709956709958,8.9375,0.8750000000000001,19.08,,64.54545454545455,12.342857142857143,19.466437177280554,6.75,,0.08333333333333333,34.55357142857143,,1.5704081632653064,,,0.0,21.64705882352941,0.0,2.7142857142857144,18.60071503699889
480,169720,"Wheat, soft white",Cereal Grains and Pasta,3.5789473684210527,0.05555555555555555,0.0,,12.142857142857142,50.8,11.714285714285714,,29.833333333333332,,,,25.714285714285715,,25.79004329004329,10.0,0.8999999999999999,17.0,,73.0909090909091,12.428571428571429,18.399311531841654,6.687499999999999,,0.08333333333333333,36.607142857142854,,1.8275510204081635,,,0.0,22.235294117647058,0.0,2.7142857142857144,19.32686907748233
481,169721,"Wheat, durum",Cereal Grains and Pasta,3.5789473684210527,,0.0,,12.107142857142858,,12.285714285714286,46.0,19.555555555555557,38.07142857142857,34.21245421245421,14.428571428571429,41.142857142857146,21.047619047619047,36.461038961038966,11.625,1.2,18.7,38.91428571428571,92.36363636363636,12.314285714285715,23.545611015490536,7.562499999999999,127.71428571428571,0.08333333333333333,37.41071428571428,34.857142857142854,2.268367346938776,62.85714285714285,32.63736263736263,0.0,24.647058823529413,0.0,,23.236929295470084
482,169725,"Wheat, sprouted",Cereal Grains and Pasta,2.9473684210526314,,0.0,,7.071428571428571,4.4,10.857142857142858,28.0,11.88888888888889,20.499999999999996,18.57142857142857,11.666666666666666,23.428571428571427,11.04761904761905,16.704545454545457,6.6375,0.65,18.939999999999998,19.999999999999996,36.36363636363637,4.828571428571428,12.891566265060241,9.6875,60.714285714285715,0.6666666666666666,20.08928571428571,24.19047619047619,1.166326530612245,41.07142857142857,19.835164835164832,0.0,15.588235294117647,2.3636363636363638,,9.216570513828279
483,169739,Barley flour or meal,Cereal Grains and Pasta,3.3684210526315788,0.0,0.0,9.45,12.321428571428571,40.4,2.2857142857142856,33.71428571428571,14.88888888888889,27.357142857142854,26.117216117216113,18.61904761904762,27.428571428571427,19.23809523809524,33.92316017316017,8.6875,1.925,2.8999999999999995,33.65714285714285,53.81818181818182,8.82857142857143,18.072289156626507,7.125,53.85714285714286,0.16666666666666666,33.035714285714285,33.904761904761905,1.4693877551020411,62.49999999999999,28.296703296703292,0.0,23.294117647058826,0.0,3.1428571428571432,11.171600622822156
484,169740,Barley malt flour,Cereal Grains and Pasta,3.8947368421052633,0.12222222222222222,0.0,,12.892857142857142,28.4,10.857142857142858,39.285714285714285,26.166666666666668,25.785714285714285,27.32600732600732,25.476190476190474,27.714285714285715,27.999999999999996,30.4978354978355,10.7375,2.375,11.54,12.857142857142856,55.09090909090909,6.4,17.693631669535286,19.25,53.85714285714286,0.4583333333333333,27.58928571428571,38.76190476190476,1.6897959183673472,47.14285714285714,27.63736263736263,0.13333333333333333,38.529411764705884,0.5454545454545454,3.1428571428571432,11.506748641506821
485,169744,"Wheat, KAMUT khorasan, cooked",Cereal Grains and Pasta,0.9473684210526315,,0.0,,4.714285714285714,17.2,3.142857142857143,20.999999999999996,9.777777777777779,15.714285714285714,15.824175824175823,7.666666666666667,13.714285714285714,9.238095238095239,12.472943722943723,,,,17.142857142857142,26.727272727272727,4.685714285714286,9.827882960413081,1.875,45.57142857142857,0.3333333333333333,8.482142857142856,16.38095238095238,0.7622448979591838,18.21428571428571,14.67032967032967,,4.11764705882353,,,10.277872572996383
486,169746,"Spelt, cooked",Cereal Grains and Pasta,1.0526315789473684,,0.0,,4.535714285714286,15.6,3.7142857142857144,,9.277777777777779,,,,14.0,,13.906926406926406,,,,,27.272727272727273,4.085714285714285,9.466437177280552,1.875,5.714285714285714,0.20833333333333334,9.19642857142857,,0.7806122448979593,,,0.0,4.705882352941177,0.0,,6.9822503892638474
487,169748,"Corn flour, whole-grain, white",Cereal Grains and Pasta,0.7368421052631579,0.011111111111111112,0.0,5.4,12.892857142857142,29.2,7.142857142857143,30.142857142857135,13.222222222222221,17.71428571428571,31.13553113553113,9.285714285714285,26.571428571428573,13.809523809523807,10.281385281385282,21.325,1.325,13.16,19.428571428571427,49.45454545454545,9.0,11.927710843373495,5.0,22.0,0.20833333333333334,21.96428571428571,24.857142857142858,3.544897959183674,17.5,19.28571428571428,0.0,21.764705882352942,0.0,0.42857142857142855,9.663434538741164
488,169750,"Cornmeal, whole-grain, white",Cereal Grains and Pasta,0.631578947368421,0.011111111111111112,0.0,5.4,12.928571428571429,29.2,7.142857142857143,35.42857142857142,19.166666666666668,20.78571428571428,36.483516483516475,10.857142857142858,36.285714285714285,16.19047619047619,19.653679653679653,19.8625,1.225,8.5,22.8,43.81818181818182,8.2,13.975903614457831,12.5625,22.142857142857142,1.4583333333333333,34.375,29.047619047619047,3.2969387755102044,20.357142857142854,22.582417582417577,0.0,17.88235294117647,0.0,0.42857142857142855,10.166156566768162
489,169768,"Potatoes, mashed, ready-to-eat",Vegetables and Vegetable Products,3.5789473684210527,0.2111111111111111,4.333333333333333,3.925,3.7857142857142856,7.6,1.7142857142857142,9.428571428571429,1.5,8.357142857142858,7.326007326007325,8.714285714285714,4.0,5.142857142857143,5.51948051948052,7.1625,2.225,8.1,6.857142857142856,11.090909090909092,7.828571428571428,3.3907056798623065,5.499999999999999,38.42857142857143,12.416666666666666,7.5892857142857135,9.333333333333334,4.601020408163266,12.142857142857142,8.35164835164835,7.066666666666666,6.411764705882353,0.09090909090909091,3.4285714285714284,1.6757400934233233
490,169867,"Oil, corn and canola",Fats and Oils,0.0,0.0,0.0,0.05,31.571428571428573,0.0,0.0,,0.0,,,,0.0,,0.0,291.4375,144.95,,,0.0,0.0,0.0,0.0,0.0,0.0,0.0,,91.83673469387756,,,0.0,0.0,0.0,60.285714285714285,0.0
491,169884,"Vermicelli, made from soy",Legumes and Legume Products,5.7894736842105265,0.24444444444444444,0.0,44.25,11.821428571428571,15.6,0.0,,10.055555555555555,,,,0.5714285714285714,,0.0,0.475,0.1,,,3.6363636363636362,0.08571428571428572,0.17211703958691912,0.0,38.57142857142857,0.16666666666666666,0.0,,0.09183673469387757,,,0.26666666666666666,0.0,0.0,5.428571428571429,23.68379332038297
492,169885,"Beans, liquid from stewed kidney beans",Legumes and Legume Products,1.368421052631579,0.0,1.3333333333333333,3.375,1.6785714285714286,0.4,9.428571428571429,,10.88888888888889,,,,10.571428571428571,,2.1103896103896105,3.7375,0.8250000000000001,,,16.0,11.657142857142857,3.0981067125645443,5.625,0.7142857142857143,0.08333333333333333,8.928571428571427,,2.9387755102040822,,,0.0,1.7647058823529411,0.0,0.0,2.737042152591428
493,169889,"Radishes, hawaiian style, pickled",Vegetables and Vegetable Products,2.9473684210526314,0.0,0.0,2.9,1.0,8.8,2.5714285714285716,,1.2777777777777777,,,,2.2857142857142856,,1.6774891774891774,0.6125,2.15,3.9,,5.636363636363637,9.514285714285714,1.8932874354561107,1.875,1.0,32.875,1.7857142857142856,,0.2755102040816327,,,0.0,5.882352941176471,0.0,0.7142857142857143,1.2288760685104372
494,169890,"Cabbage, japanese style, fresh, pickled",Vegetables and Vegetable Products,5.052631578947368,1.1111111111111112,0.0,5.875,1.0714285714285714,12.4,12.0,,2.7222222222222223,,,,3.4285714285714284,,0.974025974025974,0.2375,0.625,4.040000000000001,,7.818181818181818,24.37142857142857,2.753872633390706,2.5,1.4285714285714286,11.541666666666666,0.0,,0.09183673469387757,,,1.2,5.882352941176471,0.6363636363636364,179.85714285714286,1.1171600622822155
495,169891,"Cabbage, mustard, salted",Vegetables and Vegetable Products,7.052631578947368,5.7,0.0,5.375,1.0,12.4,20.571428571428573,,3.888888888888889,,,,4.285714285714286,,3.896103896103896,0.2375,0.65,3.72,,4.909090909090909,7.0285714285714285,1.8932874354561107,5.625,1.2857142857142858,29.875,3.571428571428571,,0.09183673469387757,,,6.533333333333333,17.647058823529413,0.0,165.14285714285714,1.6757400934233233
496,169908,"Loquats, raw",Fruits and Fruit Juices,1.6842105263157894,,0.0,,1.6785714285714286,6.8,4.0,1.0,1.5555555555555558,1.0714285714285714,0.9523809523809522,1.0952380952380951,3.7142857142857144,0.38095238095238093,0.974025974025974,0.9625,0.325,,0.7999999999999999,4.909090909090909,7.6,0.7401032702237522,1.4999999999999998,0.8571428571428571,0.041666666666666664,1.6964285714285712,1.4285714285714286,0.18367346938775514,1.7857142857142856,1.1538461538461537,10.133333333333333,5.882352941176471,0.9090909090909091,,0.2792900155705539
497,169909,"Mammy-apple, (mamey), raw",Fruits and Fruit Juices,1.1578947368421053,,0.0,,1.8214285714285714,12.0,4.0,,3.888888888888889,,,1.7619047619047616,4.571428571428571,0.5714285714285714,2.1645021645021645,0.9875,0.0,2.0599999999999996,,2.0,1.3428571428571427,0.8605851979345956,2.5,0.8571428571428571,0.625,1.7857142857142856,,0.4591836734693878,1.7857142857142856,,1.6,5.882352941176471,12.727272727272727,,0.5585800311411078
498,169910,"Mangos, raw",Fruits and Fruit Juices,1.1578947368421053,7.111111111111111,0.0,1.9,2.142857142857143,6.4,12.285714285714286,2.714285714285714,0.8888888888888888,2.0714285714285716,1.8315018315018312,3.142857142857143,2.857142857142857,0.7619047619047619,3.6201298701298703,0.2375,1.275,3.94,1.5428571428571427,2.5454545454545454,4.8,1.4113597246127367,2.3749999999999996,0.8571428571428571,0.041666666666666664,2.5,2.9523809523809526,0.34897959183673477,4.642857142857142,2.3076923076923075,7.2,6.999999999999999,33.09090909090909,6.0,0.5027220280269971
499,169911,"Melons, honeydew, raw",Fruits and Fruit Juices,0.631578947368421,0.3333333333333333,0.0,1.9,1.2857142857142858,3.2,5.428571428571429,0.7142857142857142,0.9444444444444444,0.9285714285714285,0.586080586080586,0.857142857142857,2.857142857142857,0.47619047619047616,2.261904761904762,0.325,0.8250000000000001,3.1,0.857142857142857,2.0,6.514285714285714,0.9294320137693632,0.7499999999999999,1.0,0.75,3.3928571428571423,1.2380952380952381,0.12857142857142861,1.7857142857142856,0.9890109890109887,0.4,5.1764705882352935,16.363636363636363,4.142857142857143,0.5027220280269971
500,169912,"Melon balls, frozen",Fruits and Fruit Juices,1.0526315789473684,,0.0,,1.1785714285714286,2.8,7.428571428571429,,1.611111111111111,,,,4.0,,3.463203463203463,0.525,1.4000000000000001,3.2600000000000002,,2.1818181818181817,8.0,1.4457831325301207,1.3749999999999998,,1.2916666666666667,14.821428571428571,,0.2295918367346939,,,11.866666666666667,6.235294117647059,5.636363636363637,,0.9495860529398833
501,169913,"Mulberries, raw",Fruits and Fruit Juices,4.105263157894737,0.1,0.0,3.075,1.5357142857142858,6.8,1.7142857142857142,,10.277777777777779,,,,5.142857142857143,,3.3549783549783547,2.5749999999999997,0.025,,,6.909090909090909,5.542857142857143,2.478485370051635,6.312500000000001,0.8571428571428571,0.4166666666666667,2.5892857142857144,,0.3581632653061225,,,0.13333333333333333,2.9411764705882355,33.09090909090909,11.142857142857142,0.6702960373693293
502,169914,"Nectarines, raw",Fruits and Fruit Juices,0.631578947368421,1.6666666666666667,0.0,1.55,1.5714285714285714,6.8,1.4285714285714286,1.1428571428571428,1.5555555555555558,0.6428571428571427,0.5128205128205128,0.7619047619047619,2.5714285714285716,0.5714285714285714,6.087662337662337,1.3875,0.05,3.7,1.2,4.7272727272727275,5.742857142857143,1.8244406196213427,1.6875,0.0,0.0,3.0357142857142856,0.857142857142857,0.2938775510204082,1.7857142857142856,0.7142857142857142,2.2666666666666666,1.4705882352941178,4.909090909090909,3.1428571428571432,0.9495860529398833
503,169915,"Oheloberries, raw",Fruits and Fruit Juices,0.7368421052631579,,0.0,,1.0,,,,0.5,,,,1.7142857142857142,,1.461038961038961,,,,,1.8181818181818181,1.0857142857142856,0.6540447504302926,2.2499999999999996,,0.041666666666666664,1.5178571428571428,,0.20204081632653065,,,5.6,,5.454545454545454,,
504,169916,"Oranges, raw, California, valencias",Fruits and Fruit Juices,4.2105263157894735,,0.0,,1.75,10.0,11.142857142857142,2.8571428571428568,0.5,2.0,0.9523809523809522,2.5238095238095237,2.857142857142857,2.095238095238095,1.4826839826839828,0.5499999999999999,0.4,5.0,1.9428571428571428,3.090909090909091,5.114285714285714,1.7900172117039588,2.5,,0.0,7.7678571428571415,1.619047619047619,0.2755102040816327,3.571428571428571,2.417582417582417,1.6,3.7058823529411766,44.09090909090909,,0.33514801868466465
505,169917,"Oranges, raw, navels (Includes foods for USDA's Food Distribution Program)",Fruits and Fruit Juices,4.526315789473684,0.9666666666666667,0.0,2.1,1.75,8.8,9.714285714285714,1.857142857142857,0.7222222222222222,1.2142857142857142,1.0622710622710623,1.8095238095238093,3.142857142857143,0.857142857142857,2.29978354978355,0.2875,0.22499999999999998,5.220000000000001,1.2,4.181818181818182,4.742857142857143,1.566265060240964,3.1874999999999996,0.0,0.041666666666666664,6.071428571428571,1.714285714285714,0.13775510204081634,3.2142857142857135,1.4285714285714284,1.6,4.647058823529412,53.72727272727273,0.0,0.44686402491288624
506,169918,"Oranges, raw, Florida",Fruits and Fruit Juices,4.526315789473684,0.7888888888888889,0.0,2.1,1.6428571428571428,9.6,4.857142857142857,1.857142857142857,0.5,1.357142857142857,0.6227106227106227,1.6666666666666667,2.857142857142857,1.4285714285714286,2.1645021645021645,0.3875,0.27499999999999997,5.0,1.314285714285714,2.1818181818181817,4.828571428571428,1.2048192771084338,2.5,0.7142857142857143,0.0,8.928571428571427,1.0476190476190474,0.1928571428571429,2.5,1.648351648351648,1.4666666666666666,3.0,40.90909090909091,0.0,0.44686402491288624
507,169919,"Oranges, raw, with peel",Fruits and Fruit Juices,7.368421052631579,,0.0,,2.25,18.0,8.571428571428571,3.428571428571428,4.444444444444445,2.5,1.172161172161172,3.142857142857143,4.0,2.5714285714285716,2.7056277056277054,0.5499999999999999,0.4,6.6,2.457142857142857,4.0,5.6,2.2375215146299485,3.125,1.0,0.08333333333333333,8.928571428571427,2.0,0.2755102040816327,4.285714285714286,3.0219780219780215,1.7333333333333334,5.470588235294119,64.54545454545455,,0.6144380342552186
508,169926,"Papayas, raw",Fruits and Fruit Juices,2.1052631578947367,3.0444444444444443,0.0,1.525,1.5357142857142858,6.8,10.571428571428571,0.7142857142857142,1.3888888888888888,0.5714285714285714,0.586080586080586,1.1904761904761905,6.0,0.19047619047619047,1.9318181818181814,0.13749999999999998,1.175,3.8200000000000003,0.5142857142857141,1.8181818181818181,5.2,0.8089500860585199,1.6875,0.8571428571428571,0.3333333333333333,2.0535714285714284,1.0476190476190474,0.23877551020408166,2.857142857142857,0.5494505494505494,6.266666666666667,2.235294117647059,55.36363636363637,3.7142857142857144,0.44686402491288624
509,169928,"Peaches, yellow, raw",Fruits and Fruit Juices,0.631578947368421,1.8,0.0,1.525,1.3928571428571428,6.0,1.1428571428571428,1.857142857142857,1.3888888888888888,1.2142857142857142,0.9890109890109889,1.4285714285714286,2.5714285714285716,0.9523809523809523,4.361471861471862,1.05,0.05,3.0599999999999996,1.0857142857142856,3.6363636363636362,5.428571428571429,1.566265060240964,1.9375,0.14285714285714285,0.0,2.142857142857143,1.5238095238095237,0.2295918367346939,3.571428571428571,1.2087912087912085,2.1333333333333333,1.4705882352941178,6.0,3.7142857142857144,0.9495860529398833
510,169941,"Persimmons, japanese, raw",Fruits and Fruit Juices,0.8421052631578947,2.811111111111111,0.0,1.9,2.5,14.4,2.2857142857142856,1.714285714285714,0.8333333333333334,1.7857142857142856,1.5384615384615383,1.5714285714285714,2.5714285714285716,0.47619047619047616,0.5411255411255411,0.4875,0.1,,1.4857142857142855,3.090909090909091,4.6,0.9982788296041308,1.25,0.8571428571428571,0.041666666666666664,2.6785714285714284,2.857142857142857,0.17448979591836739,3.571428571428571,1.648351648351648,10.8,5.882352941176471,6.818181818181818,3.7142857142857144,0.6144380342552186
511,169943,"Persimmons, native, raw",Fruits and Fruit Juices,2.8421052631578947,,0.0,,4.535714285714286,,,2.2857142857142856,13.88888888888889,2.5,2.1245421245421245,2.142857142857143,,0.6666666666666667,,,,,2.0571428571428565,4.7272727272727275,8.857142857142858,1.376936316695353,,,0.041666666666666664,,3.904761904761905,0.3673469387755103,5.0,2.3076923076923075,,,60.0,,
512,169946,"Pineapple, frozen, chunks, sweetened",Fruits and Fruit Juices,0.9473684210526315,0.2,0.0,1.225,3.0714285714285716,4.4,3.142857142857143,1.2857142857142854,2.2222222222222223,0.9285714285714285,0.7326007326007324,1.2380952380952381,2.857142857142857,1.0476190476190474,1.6233766233766234,0.25,0.375,2.1,0.6857142857142856,0.7272727272727273,2.857142857142857,0.6884681583476765,1.875,0.14285714285714285,0.08333333333333333,8.928571428571427,1.2380952380952381,0.09183673469387757,1.7857142857142856,0.879120879120879,0.26666666666666666,4.411764705882353,7.2727272727272725,1.0,0.6144380342552186
513,169949,"Plums, raw",Fruits and Fruit Juices,0.631578947368421,2.111111111111111,0.0,0.475,1.6428571428571428,5.6,1.4285714285714286,1.2857142857142854,0.9444444444444444,1.0,0.5494505494505494,0.7619047619047619,2.0,0.7619047619047619,2.256493506493506,0.5499999999999999,0.0,2.7,0.7999999999999999,2.909090909090909,4.485714285714286,1.2048192771084338,1.625,0.0,0.0,2.5,0.9523809523809523,0.25714285714285723,3.2142857142857135,0.879120879120879,2.2666666666666666,1.7058823529411766,8.636363636363637,9.142857142857142,0.5585800311411078
514,169953,"Lima beans, immature seeds, frozen, fordhook, unprepared",Vegetables and Vegetable Products,2.526315789473684,1.488888888888889,0.0,9.4,3.7857142857142856,22.0,9.142857142857142,30.999999999999996,8.38888888888889,29.428571428571423,18.42490842490842,20.142857142857142,10.857142857142858,6.0,6.4231601731601735,1.4500000000000002,1.4000000000000001,3.8200000000000003,17.999999999999996,13.454545454545455,13.657142857142857,11.015490533562824,4.1875,2.4285714285714284,2.4166666666666665,8.214285714285714,25.80952380952381,0.32142857142857145,30.0,21.923076923076923,1.4666666666666666,8.000000000000002,17.545454545454547,7.571428571428571,2.737042152591428
515,169954,"Lima beans, immature seeds, frozen, fordhook, cooked, boiled, drained, without salt",Vegetables and Vegetable Products,3.1578947368421053,1.2666666666666666,0.0,9.075,3.6785714285714284,21.2,6.0,29.428571428571423,10.11111111111111,27.857142857142854,17.472527472527467,19.095238095238095,12.0,5.714285714285714,5.784632034632034,1.375,1.325,3.2600000000000002,17.085714285714282,17.636363636363637,8.685714285714285,10.44750430292599,3.8124999999999996,0.8571428571428571,2.875,6.607142857142856,24.476190476190474,0.3122448979591837,28.57142857142857,20.82417582417582,1.3333333333333333,7.1764705882352935,11.636363636363637,7.285714285714285,4.1334922304441974
516,169955,"Lima beans, immature seeds, frozen, baby, unprepared",Vegetables and Vegetable Products,3.6842105263157894,,0.0,,4.714285714285714,24.0,8.0,36.857142857142854,12.277777777777779,34.857142857142854,21.86813186813186,23.904761904761905,14.285714285714286,7.142857142857142,5.535714285714286,1.825,1.7500000000000002,3.7399999999999998,21.371428571428567,18.90909090909091,12.914285714285715,13.063683304647162,4.6875,3.0,2.1666666666666665,10.178571428571427,30.666666666666668,0.4040816326530613,35.71428571428571,26.04395604395604,1.2,9.411764705882353,7.545454545454547,,3.519054196188979
517,169956,"Lima beans, immature seeds, frozen, baby, cooked, boiled, drained, without salt",Vegetables and Vegetable Products,2.9473684210526314,1.1111111111111112,0.0,9.3,3.75,19.2,4.571428571428571,32.285714285714285,10.88888888888889,30.571428571428566,19.12087912087912,20.9047619047619,16.0,6.285714285714286,4.166666666666667,1.225,1.175,3.54,18.742857142857144,20.363636363636363,11.742857142857142,11.445783132530122,3.4375,2.4285714285714284,1.2083333333333333,6.25,26.85714285714285,0.2755102040816327,31.071428571428566,22.8021978021978,1.0666666666666667,6.764705882352941,5.2727272727272725,7.428571428571429,3.0721901712760933
518,169957,"Mung beans, mature seeds, sprouted, raw",Vegetables and Vegetable Products,1.368421052631579,0.06666666666666667,0.0,3.6,1.0714285714285714,7.2,17.428571428571427,10.0,5.055555555555555,9.428571428571429,6.41025641025641,7.904761904761905,6.0,3.238095238095238,4.053030303030304,0.525,0.4,7.6,6.685714285714285,9.818181818181818,4.257142857142857,5.232358003442341,7.75,0.8571428571428571,0.25,7.5,7.428571428571428,0.16530612244897963,13.214285714285712,7.1428571428571415,0.13333333333333333,5.1764705882352935,12.0,47.142857142857146,2.290178127678542
519,169958,"Beans, pinto, immature seeds, frozen, unprepared",Vegetables and Vegetable Products,6.105263157894737,,0.0,,6.071428571428571,22.8,14.285714285714286,,16.666666666666668,,,,17.142857142857142,,3.7878787878787876,1.3125,4.65,6.04,,21.272727272727273,21.6,16.867469879518076,7.5,2.142857142857143,3.8333333333333335,30.357142857142854,,0.4591836734693878,,,0.0,12.647058823529411,0.9090909090909091,,4.30106623978653
520,169959,"Beans, pinto, immature seeds, frozen, cooked, boiled, drained, without salt",Vegetables and Vegetable Products,5.473684210526316,,0.0,,5.785714285714286,21.6,9.714285714285714,,15.055555555555555,,,,15.428571428571429,,3.41991341991342,1.2375,4.425,5.16,,18.181818181818183,18.457142857142856,16.02409638554217,6.75,2.0,3.4583333333333335,24.464285714285715,,0.4408163265306123,,,,11.411764705882355,0.6363636363636364,,3.8542022148736437
521,169961,"Beans, snap, green, raw",Vegetables and Vegetable Products,3.8947368421052633,4.211111111111111,0.0,3.825,1.1071428571428572,10.8,9.428571428571429,4.857142857142857,5.722222222222222,4.714285714285714,4.102564102564102,4.19047619047619,7.142857142857143,2.095238095238095,3.971861471861472,0.5499999999999999,1.725,4.5,3.8285714285714283,6.909090909090909,6.0285714285714285,3.14974182444062,6.5,0.8571428571428571,0.25,7.321428571428572,7.523809523809524,0.20204081632653065,6.785714285714285,4.945054945054944,4.666666666666667,8.294117647058822,11.090909090909092,61.42857142857143,1.3405920747386586
522,169962,"Beans, snap, green, frozen, all styles, unprepared (Includes foods for USDA's Food Distribution Program)",Vegetables and Vegetable Products,4.421052631578948,3.2444444444444445,0.0,,1.1785714285714286,10.4,4.285714285714286,4.857142857142857,4.722222222222222,4.714285714285714,4.065934065934065,4.142857142857142,6.285714285714286,2.095238095238095,2.683982683982684,0.5125000000000001,1.6500000000000001,2.08,3.7714285714285714,5.818181818181818,5.314285714285714,3.0808950086058524,5.687499999999999,0.8571428571428571,0.125,8.75,7.523809523809524,0.1928571428571429,6.785714285714285,4.89010989010989,3.6,2.5882352941176467,11.727272727272727,64.0,1.4523080809668802
523,169963,"Beans, snap, green, frozen, cooked, boiled, drained without salt",Vegetables and Vegetable Products,4.421052631578948,2.488888888888889,0.0,3.375,1.0,12.0,6.571428571428571,4.0,3.6666666666666665,3.857142857142857,3.3333333333333326,3.428571428571428,5.428571428571429,1.714285714285714,2.0725108225108224,0.44999999999999996,1.175,0.9800000000000001,3.0857142857142854,5.2727272727272725,4.542857142857143,2.564543889845095,5.625,0.5714285714285714,0.041666666666666664,3.125,6.19047619047619,0.15612244897959185,5.714285714285714,4.01098901098901,2.8,3.5294117647058822,3.7272727272727266,54.42857142857143,1.3405920747386586
524,169964,"Beans, snap, green, frozen, all styles, microwaved",Vegetables and Vegetable Products,6.421052631578948,3.077777777777778,,,1.1785714285714286,13.6,3.4285714285714284,4.857142857142857,4.444444444444445,4.714285714285714,4.065934065934065,4.142857142857142,8.285714285714286,2.095238095238095,2.6244588744588744,1.0250000000000001,3.3000000000000003,3.3600000000000003,3.7714285714285714,7.636363636363637,6.771428571428571,3.4079173838209984,6.437499999999999,1.4285714285714286,0.125,6.517857142857142,7.523809523809524,0.37653061224489803,6.785714285714285,4.89010989010989,,3.7058823529411766,10.0,82.42857142857143,1.7315980965374342
525,169965,"Beans, snap, green, microwaved",Vegetables and Vegetable Products,5.7894736842105265,,,,1.1785714285714286,13.6,13.428571428571429,,4.611111111111111,,,,8.0,,4.182900432900433,,,6.0,,8.909090909090908,9.228571428571428,3.975903614457832,4.6875,,0.125,6.9642857142857135,,0.4591836734693878,,,,7.294117647058824,6.636363636363637,,2.1226041183362097
526,169967,"Broccoli, cooked, boiled, drained, without salt",Vegetables and Vegetable Products,4.2105263157894735,10.322222222222223,0.0,10.025,1.25,13.2,30.857142857142858,8.999999999999998,3.7222222222222223,6.57142857142857,5.384615384615383,7.3809523809523805,6.0,4.095238095238095,2.9924242424242427,0.6375,2.9749999999999996,12.32,6.628571428571428,12.181818181818182,8.371428571428572,4.096385542168675,7.6875,2.2857142857142856,1.7083333333333333,5.624999999999999,9.142857142857142,0.37653061224489803,12.142857142857142,7.582417582417581,10.266666666666667,11.764705882352942,59.00000000000001,201.57142857142858,2.513610140134985
527,169968,"Broccoli, frozen, chopped, unprepared",Vegetables and Vegetable Products,5.894736842105263,6.777777777777778,0.0,3.725,0.9285714285714286,12.0,19.142857142857142,7.142857142857142,4.5,7.785714285714286,4.798534798534798,6.714285714285713,5.142857142857143,3.238095238095238,2.5432900432900434,0.3875,2.625,5.58,4.857142857142857,9.090909090909092,6.057142857142857,4.836488812392427,5.999999999999999,4.0,1.0,4.732142857142857,8.666666666666666,0.2663265306122449,10.357142857142858,7.032967032967032,6.933333333333334,7.647058823529412,51.27272727272727,115.85714285714285,2.681184149477317
528,169969,"Broccoli, frozen, chopped, cooked, boiled, drained, without salt",Vegetables and Vegetable Products,3.473684210526316,6.633333333333334,0.0,4.05,1.0,12.0,16.0,7.857142857142857,3.388888888888889,8.642857142857142,5.31135531135531,7.428571428571428,3.7142857142857144,3.5238095238095233,2.4783549783549783,0.1625,1.05,5.48,5.371428571428571,8.909090909090908,4.057142857142857,5.335628227194492,5.062499999999999,1.0,0.4583333333333333,4.910714285714286,9.61904761904762,0.11020408163265308,11.428571428571429,7.8021978021978,6.8,7.647058823529412,36.45454545454545,125.85714285714286,1.564024087195102
529,169970,"Broccoli, frozen, spears, unprepared (Includes foods for USDA's Food Distribution Program)",Vegetables and Vegetable Products,4.315789473684211,7.5,0.0,,1.0357142857142858,12.0,26.857142857142858,7.714285714285714,4.0,8.499999999999998,5.238095238095237,7.333333333333333,4.571428571428571,3.5238095238095233,2.5,0.46249999999999997,3.125,4.84,5.257142857142856,10.727272727272727,7.142857142857143,5.266781411359725,7.125,2.7142857142857144,0.7083333333333334,6.428571428571427,9.428571428571429,0.3122448979591837,11.428571428571429,7.6923076923076925,7.6,10.294117647058824,62.09090909090909,144.85714285714286,1.8991721058797666
530,169971,"Brussels sprouts, cooked, boiled, drained, without salt",Vegetables and Vegetable Products,3.789473684210526,5.166666666666667,0.0,10.15,1.2857142857142858,10.4,17.142857142857142,8.142857142857142,6.666666666666667,7.142857142857142,4.175824175824175,5.523809523809525,5.714285714285714,2.2857142857142856,3.2846320346320343,0.9875,4.324999999999999,5.04,4.228571428571428,10.181818181818182,9.057142857142857,4.388984509466437,5.0,2.142857142857143,0.875,9.553571428571427,8.666666666666666,0.4591836734693878,10.0,6.428571428571428,5.2,10.470588235294118,56.36363636363637,200.42857142857144,1.8433141027656557
531,169972,"Brussels sprouts, frozen, unprepared",Vegetables and Vegetable Products,2.736842105263158,4.111111111111111,0.0,4.4,1.4642857142857142,15.2,35.142857142857146,12.142857142857142,5.166666666666667,10.57142857142857,6.227106227106226,8.19047619047619,5.714285714285714,3.428571428571428,3.4523809523809526,0.7625,3.35,5.699999999999999,6.285714285714285,11.272727272727273,10.571428571428571,6.506024096385543,7.624999999999999,2.142857142857143,0.4166666666666667,9.374999999999998,12.857142857142856,0.37653061224489803,15.0,9.505494505494502,4.133333333333334,11.882352941176473,67.36363636363636,269.57142857142856,1.7315980965374342
532,169973,"Brussels sprouts, frozen, cooked, boiled, drained, without salt",Vegetables and Vegetable Products,2.736842105263158,6.166666666666667,0.0,4.525,1.5,16.4,28.857142857142858,11.714285714285715,2.6666666666666665,10.214285714285712,6.007326007326007,7.904761904761905,5.142857142857143,3.3333333333333335,2.905844155844156,0.7374999999999999,3.225,6.840000000000001,6.057142857142856,10.181818181818182,8.285714285714286,6.265060240963856,7.0625,0.8571428571428571,0.625,9.19642857142857,12.38095238095238,0.3581632653061225,14.285714285714285,9.175824175824173,6.133333333333334,17.0,41.54545454545455,276.42857142857144,1.3405920747386586
533,169974,"Burdock root, raw",Vegetables and Vegetable Products,4.315789473684211,0.0,0.0,2.925,2.5714285714285716,13.2,6.571428571428571,4.428571428571428,4.444444444444445,2.142857142857143,1.172161172161172,3.1904761904761902,10.857142857142858,0.857142857142857,1.6233766233766234,0.7000000000000001,0.05,6.42,1.8857142857142857,9.272727272727273,8.8,2.6333907056798624,1.875,1.0,0.20833333333333334,0.8928571428571428,2.4761904761904763,0.13775510204081634,2.142857142857143,1.813186813186813,0.0,14.117647058823529,2.727272727272727,2.2857142857142856,1.8433141027656557
534,169975,"Cabbage, raw",Vegetables and Vegetable Products,4.2105263157894735,0.4666666666666667,0.0,2.675,0.8928571428571429,10.0,12.285714285714286,3.1428571428571423,2.611111111111111,2.142857142857143,1.5018315018315018,2.095238095238095,3.4285714285714284,1.1428571428571428,1.2662337662337664,0.21250000000000002,0.0,4.24,1.8285714285714285,4.7272727272727275,4.857142857142857,2.203098106712565,2.5,0.42857142857142855,0.75,5.44642857142857,3.3333333333333335,0.09183673469387757,3.928571428571428,2.3076923076923075,0.6666666666666666,7.294117647058824,33.27272727272727,108.57142857142857,1.0054440560539941
535,169976,"Cabbage, cooked, boiled, drained, without salt",Vegetables and Vegetable Products,5.052631578947368,0.5333333333333333,0.0,5.075,0.8214285714285714,7.6,8.571428571428571,3.1428571428571423,0.9444444444444444,2.142857142857143,1.5018315018315018,2.0476190476190474,4.285714285714286,1.1428571428571428,1.341991341991342,0.11249999999999999,0.35000000000000003,3.4799999999999995,1.8285714285714285,6.0,5.6,2.185886402753873,2.3749999999999996,0.8571428571428571,0.3333333333333333,5.44642857142857,3.3333333333333335,0.05510204081632654,3.928571428571428,2.3076923076923075,0.5333333333333333,6.588235294117648,34.09090909090909,155.28571428571428,1.1171600622822155
536,169977,"Cabbage, red, raw",Vegetables and Vegetable Products,4.7368421052631575,7.444444444444445,0.0,4.275,1.1071428571428572,8.4,5.142857142857143,3.428571428571428,4.444444444444445,2.4285714285714284,1.6849816849816845,2.3333333333333335,4.571428571428571,1.3333333333333335,2.261904761904762,0.42500000000000004,1.125,2.94,2.0571428571428565,5.454545454545454,6.942857142857143,2.4612736660929433,4.3125,0.8571428571428571,1.125,5.714285714285714,3.714285714285714,0.1469387755102041,4.285714285714286,2.637362637362637,7.466666666666667,12.294117647058822,51.81818181818182,54.57142857142858,1.2288760685104372
537,169978,"Cabbage, red, cooked, boiled, drained, without salt",Vegetables and Vegetable Products,4.421052631578948,0.2222222222222222,0.0,5.35,1.0357142857142858,10.4,6.857142857142857,3.714285714285714,3.6666666666666665,2.5714285714285707,1.7948717948717947,2.4285714285714284,4.857142857142857,1.3333333333333335,2.067099567099567,0.2375,0.6,3.08,2.1714285714285713,6.0,7.485714285714286,2.5989672977624787,3.75,3.285714285714285,1.1666666666666667,6.3392857142857135,3.904761904761905,0.08265306122448982,4.642857142857142,2.747252747252747,0.26666666666666666,13.23529411764706,31.272727272727273,68.0,1.3964500778527695
538,169979,"Cabbage, chinese (pe-tsai), raw",Vegetables and Vegetable Products,8.105263157894736,2.111111111111111,0.0,1.9,0.5714285714285714,4.8,22.571428571428573,3.0,1.7222222222222223,4.857142857142857,2.564102564102564,3.3809523809523805,3.7142857142857144,0.6666666666666667,2.1645021645021645,0.1875,1.425,2.1,2.0,5.2727272727272725,6.8,2.0654044750430294,3.125,0.8571428571428571,0.375,3.571428571428571,3.714285714285714,0.18367346938775514,4.285714285714286,2.9120879120879115,2.1333333333333333,13.647058823529413,24.545454545454547,61.285714285714285,1.284734071624548
539,169980,"Cabbage, chinese (pe-tsai), cooked, boiled, drained, without salt",Vegetables and Vegetable Products,3.3684210526315788,,0.0,,0.5,6.8,15.142857142857142,3.714285714285714,1.6666666666666667,6.071428571428571,3.2234432234432226,4.238095238095238,2.857142857142857,0.857142857142857,2.7056277056277054,0.1625,1.2,1.6,2.514285714285714,7.090909090909091,6.428571428571429,2.581755593803787,2.7499999999999996,0.5714285714285714,0.375,3.928571428571428,4.666666666666667,0.15612244897959185,5.357142857142857,3.626373626373626,6.4,10.411764705882353,14.363636363636363,,1.0054440560539941
540,169981,"Cardoon, raw",Vegetables and Vegetable Products,7.368421052631579,,0.0,,0.6071428571428571,6.4,19.428571428571427,,3.888888888888889,,,,12.0,,1.6233766233766234,0.5125000000000001,,6.760000000000001,,4.181818181818182,11.428571428571429,1.2048192771084338,1.875,0.2857142857142857,7.083333333333333,1.7857142857142856,,0.09183673469387757,,,0.0,6.8235294117647065,1.8181818181818181,,0.9495860529398833
541,169982,"Cardoon, cooked, boiled, drained, without salt",Vegetables and Vegetable Products,7.578947368421052,,0.0,,0.7857142857142857,6.8,6.285714285714286,,4.055555555555555,,,,12.285714285714286,,1.5909090909090908,0.5499999999999999,,1.9400000000000002,,4.181818181818182,11.2,1.3080895008605853,1.9375,1.4285714285714286,7.333333333333333,1.6071428571428568,,0.10102040816326532,,,0.8,2.4705882352941178,1.5454545454545454,,1.0054440560539941
542,169983,"Carrots, frozen, unprepared (Includes foods for USDA's Food Distribution Program)",Vegetables and Vegetable Products,3.789473684210526,78.3,0.0,1.875,1.2857142857142858,13.2,2.857142857142857,2.4285714285714284,2.4444444444444446,3.071428571428571,1.648351648351648,2.0,3.4285714285714284,0.6666666666666667,2.510822510822511,3.0875,0.42500000000000004,3.7399999999999998,1.9428571428571428,6.0,6.714285714285714,1.3425129087779692,2.3124999999999996,1.0,2.8333333333333335,3.928571428571428,3.8095238095238093,0.4224489795918368,3.928571428571428,2.527472527472527,94.66666666666667,5.588235294117648,2.272727272727273,25.142857142857146,1.8433141027656557
543,169984,"Carrots, frozen, cooked, boiled, drained, without salt",Vegetables and Vegetable Products,3.6842105263157894,91.1,0.0,2.15,1.3214285714285714,13.2,3.142857142857143,3.571428571428571,2.9444444444444446,3.428571428571428,2.3076923076923075,3.0,3.142857142857143,1.2380952380952381,2.2510822510822512,3.6125,1.0999999999999999,3.4799999999999995,2.1714285714285713,5.636363636363637,5.485714285714286,0.9982788296041308,2.3124999999999996,0.8571428571428571,2.4583333333333335,2.6785714285714284,11.333333333333332,0.6244897959183674,2.5,2.3626373626373622,112.8,4.9411764705882355,2.090909090909091,19.428571428571427,1.9550301089938773
544,169985,"Cassava, raw",Vegetables and Vegetable Products,1.6842105263157894,0.08888888888888889,0.0,5.925,5.714285714285714,7.2,7.714285714285714,2.8571428571428568,1.5,1.9285714285714286,1.4285714285714284,2.095238095238095,6.0,1.0476190476190474,4.62121212121212,0.4,0.42500000000000004,2.1399999999999997,1.4857142857142855,4.909090909090909,7.742857142857143,2.3407917383821,2.9999999999999996,1.0,0.5833333333333334,7.7678571428571415,2.666666666666667,0.25714285714285723,6.785714285714285,1.9230769230769231,0.13333333333333333,5.1764705882352935,18.727272727272727,2.7142857142857144,1.8991721058797666
545,169986,"Cauliflower, raw",Vegetables and Vegetable Products,2.3157894736842106,0.0,0.0,11.075,0.8928571428571429,8.0,16.285714285714285,8.0,2.3333333333333335,5.07142857142857,3.882783882783882,10.333333333333332,4.285714285714286,1.9047619047619047,2.7435064935064934,0.2,0.375,13.34,3.714285714285714,8.0,8.542857142857143,3.304647160068847,3.75,0.8571428571428571,1.25,4.4642857142857135,7.238095238095237,0.25714285714285723,7.142857142857142,6.868131868131867,0.0,10.823529411764705,43.81818181818182,22.142857142857142,1.508166084080991
546,169987,"Celeriac, cooked, boiled, drained, without salt",Vegetables and Vegetable Products,2.736842105263158,,0.0,,0.9642857142857143,4.8,0.8571428571428571,,2.388888888888889,,,,3.4285714285714284,,2.31060606060606,,,4.0600000000000005,,12.0,4.942857142857143,1.6523235800344236,2.3124999999999996,0.5714285714285714,2.5416666666666665,2.4107142857142856,,0.17448979591836739,,,0.0,5.941176470588236,3.272727272727273,,1.1171600622822155
547,169988,"Celery, raw",Vegetables and Vegetable Products,4.2105263157894735,3.0,0.0,1.525,0.5,6.4,10.285714285714286,1.714285714285714,1.1111111111111112,1.5,1.172161172161172,1.2857142857142858,3.142857142857143,0.47619047619047616,1.7316017316017316,0.9875,0.0,4.92,1.1428571428571428,4.363636363636363,7.428571428571429,1.187607573149742,3.5625,0.5714285714285714,3.3333333333333335,1.875,1.9047619047619047,0.15612244897959185,3.2142857142857135,1.4835164835164834,2.933333333333333,4.352941176470588,2.8181818181818183,41.857142857142854,0.7261540404834401
548,169989,"Celery, cooked, boiled, drained, without salt",Vegetables and Vegetable Products,4.421052631578948,3.477777777777778,0.0,1.975,0.6428571428571429,6.4,9.428571428571429,2.0,2.3333333333333335,1.7857142857142856,1.4285714285714284,1.5238095238095237,3.4285714285714284,0.6666666666666667,2.012987012987013,0.9375,0.0,6.34,1.3714285714285712,4.545454545454546,8.114285714285714,1.4285714285714286,4.375,1.4285714285714286,3.7916666666666665,2.0535714285714284,2.2857142857142856,0.1469387755102041,3.928571428571428,1.813186813186813,3.466666666666667,5.0588235294117645,5.545454545454546,53.99999999999999,0.782012043597551
549,169990,"Celtuce, raw",Vegetables and Vegetable Products,4.105263157894737,,0.0,,0.6428571428571429,6.8,13.142857142857142,2.142857142857143,3.055555555555556,3.9285714285714284,1.9047619047619044,2.619047619047619,8.0,0.9523809523809523,2.9761904761904767,,,3.66,2.0571428571428565,7.090909090909091,9.428571428571429,1.4629948364888126,4.375,1.2857142857142858,0.4583333333333333,4.910714285714286,3.714285714285714,0.2755102040816327,2.142857142857143,2.527472527472527,23.333333333333332,2.9411764705882355,17.727272727272727,,1.508166084080991
550,169991,"Chard, swiss, raw",Vegetables and Vegetable Products,5.368421052631579,40.522222222222226,0.0,4.5,0.6785714285714286,6.4,4.0,5.1428571428571415,10.0,10.499999999999998,4.761904761904761,4.714285714285714,23.142857142857142,1.8095238095238093,2.1645021645021645,0.7875,0.17500000000000002,3.44,6.285714285714285,8.363636363636363,10.82857142857143,3.0981067125645443,5.625,1.2857142857142858,8.875,3.571428571428571,7.904761904761905,0.18367346938775514,6.071428571428571,6.043956043956043,40.8,5.8235294117647065,27.272727272727273,1185.7142857142858,2.0108881121079882
551,169992,"Chicory greens, raw",Vegetables and Vegetable Products,10.526315789473685,38.111111111111114,0.0,3.2,0.8214285714285714,16.0,31.428571428571427,4.142857142857143,5.0,7.214285714285714,2.71062271062271,3.1904761904761902,8.571428571428571,0.9523809523809523,2.7056277056277054,1.4000000000000001,0.475,23.18,2.342857142857143,8.545454545454545,12.0,2.925989672977625,6.25,0.42857142857142855,1.875,5.357142857142857,4.476190476190476,0.2755102040816327,11.071428571428571,4.23076923076923,38.13333333333333,6.176470588235294,21.818181818181817,425.14285714285717,2.346036130792653
552,169993,"Chicory roots, raw",Vegetables and Vegetable Products,4.315789473684211,,0.0,,2.5714285714285716,6.0,6.571428571428571,,4.444444444444445,,,,6.285714285714286,,2.1645021645021645,0.9375,0.325,6.460000000000001,,11.090909090909092,8.285714285714286,2.4096385542168677,1.875,1.0,2.0833333333333335,3.571428571428571,,0.18367346938775514,,,0.0,14.176470588235293,4.545454545454546,,1.8433141027656557
553,169994,"Chives, raw",Vegetables and Vegetable Products,9.68421052631579,29.022222222222222,0.0,1.3,1.0714285714285714,10.0,30.0,8.142857142857142,8.88888888888889,9.928571428571429,7.1428571428571415,7.761904761904762,12.0,3.428571428571428,3.5010822510822512,3.15,0.375,6.4799999999999995,5.999999999999999,10.545454545454545,8.457142857142857,5.628227194492255,7.1875,1.2857142857142858,0.125,6.9642857142857135,12.19047619047619,0.6704081632653063,13.214285714285712,7.9670329670329645,29.066666666666666,8.11764705882353,52.81818181818182,303.85714285714283,3.128048174390204
554,169995,"Chrysanthemum, garland, raw",Vegetables and Vegetable Products,12.31578947368421,15.333333333333334,0.0,,0.8571428571428571,12.0,50.57142857142857,,12.722222222222221,,,,9.142857142857142,,2.8733766233766236,,,4.42,,9.818181818181818,16.2,5.783132530120483,8.999999999999998,,4.916666666666667,11.607142857142856,,0.5142857142857145,,,15.466666666666667,10.352941176470587,1.2727272727272727,500.0,3.9659182211018655
555,169997,"Coriander (cilantro) leaves, raw",Vegetables and Vegetable Products,7.052631578947368,43.666666666666664,0.0,3.2,0.8214285714285714,11.2,17.714285714285715,,9.833333333333334,,,,7.428571428571429,,6.028138528138529,0.5,0.0,11.399999999999999,,8.727272727272727,14.885714285714286,3.6660929432013774,10.124999999999998,1.2857142857142858,1.9166666666666667,5.982142857142857,,0.47755102040816333,,,44.93333333333333,8.76470588235294,24.545454545454547,442.85714285714283,2.792900155705539
556,169998,"Corn, sweet, yellow, raw",Vegetables and Vegetable Products,0.21052631578947367,0.5222222222222223,0.0,5.75,3.0714285714285716,8.0,12.0,12.714285714285714,2.888888888888889,9.214285714285714,12.747252747252745,6.523809523809524,10.571428571428571,6.3809523809523805,9.577922077922077,5.8999999999999995,0.35000000000000003,14.34,8.571428571428571,16.181818181818183,7.714285714285714,5.628227194492255,3.4375,0.8571428571428571,0.625,13.839285714285714,12.285714285714285,1.239795918367347,8.214285714285714,10.164835164835162,1.2,5.470588235294119,6.181818181818182,0.42857142857142855,2.569468143249096
557,169999,"Corn, sweet, yellow, cooked, boiled, drained, without salt",Vegetables and Vegetable Products,0.3157894736842105,0.7333333333333333,0.0,7.275,3.4285714285714284,9.6,6.571428571428571,12.999999999999998,2.5,9.5,13.11355311355311,6.714285714285713,7.428571428571429,6.571428571428571,9.107142857142858,7.324999999999999,0.44999999999999996,15.84,8.857142857142856,14.0,6.228571428571429,5.869191049913942,3.5625,0.2857142857142857,0.041666666666666664,8.303571428571429,12.666666666666666,1.3775510204081636,8.214285714285714,10.494505494505495,1.7333333333333334,8.176470588235295,5.0,0.5714285714285714,3.4631961930748685
558,170000,"Onions, raw",Vegetables and Vegetable Products,2.4210526315789473,0.011111111111111112,0.0,1.525,1.4285714285714286,6.8,5.428571428571429,2.0,1.1666666666666667,1.0,0.9157509157509156,1.857142857142857,2.857142857142857,0.19047619047619047,0.6277056277056278,0.1625,0.1,2.46,1.4285714285714284,5.2727272727272725,4.171428571428572,1.8932874354561107,1.6875,0.7142857142857143,0.16666666666666666,4.107142857142857,2.0,0.09183673469387757,5.0,1.1538461538461537,0.0,7.0588235294117645,6.7272727272727275,0.5714285714285714,0.9495860529398833
559,170001,"Onions, cooked, boiled, drained, without salt",Vegetables and Vegetable Products,2.3157894736842106,0.011111111111111112,0.0,1.7,1.5714285714285714,5.6,4.285714285714286,3.1428571428571423,1.3333333333333333,3.428571428571428,1.758241758241758,3.095238095238095,3.142857142857143,1.0476190476190474,0.8928571428571428,0.8750000000000001,0.1,2.2600000000000002,2.0,6.363636363636363,4.742857142857143,2.3407917383821,1.4374999999999998,0.8571428571428571,0.125,3.75,3.142857142857143,0.17448979591836739,7.142857142857142,1.703296703296703,0.0,7.588235294117648,4.7272727272727275,0.7142857142857143,1.1730180653963265
560,170004,"Onions, yellow, sauteed",Vegetables and Vegetable Products,2.1052631578947367,,,1.625,4.392857142857143,6.8,0.5714285714285714,2.0,1.5,1.0,0.879120879120879,1.8095238095238093,2.5714285714285716,0.19047619047619047,0.2002164502164502,60.12499999999999,16.5,3.44,1.3714285714285712,6.0,3.8,1.6351118760757317,2.5625,,0.5,4.375,1.9047619047619047,9.918367346938776,5.0,1.0989010989010988,,12.176470588235293,1.6363636363636365,30.857142857142858,1.1730180653963265
561,170005,"Onions, spring or scallions (includes tops and bulb), raw",Vegetables and Vegetable Products,7.578947368421052,6.644444444444445,0.0,1.425,1.1428571428571428,10.4,18.285714285714285,4.571428571428571,8.222222222222221,5.5,3.9926739926739923,4.333333333333333,5.714285714285714,1.9047619047619047,2.840909090909091,0.8750000000000001,0.1,1.5,3.3714285714285706,6.7272727272727275,7.885714285714286,3.14974182444062,5.0,0.8571428571428571,0.6666666666666666,4.910714285714286,6.857142857142856,0.17448979591836739,7.142857142857142,4.45054945054945,6.666666666666667,3.5882352941176467,17.09090909090909,295.7142857142857,2.1784621214503206
562,170006,"Onions, young green, tops only",Vegetables and Vegetable Products,5.473684210526316,26.666666666666668,0.0,1.075,0.9642857142857143,7.2,8.571428571428571,,2.8333333333333335,,,,4.571428571428571,,1.7857142857142856,1.0125,1.0,2.7600000000000002,,4.545454545454546,4.542857142857143,1.6695352839931155,1.625,0.7142857142857143,0.625,2.6785714285714284,,0.43163265306122456,,,26.666666666666668,5.1764705882352935,12.181818181818182,223.2857142857143,1.1171600622822155
563,170007,"Onions, welsh, raw",Vegetables and Vegetable Products,1.894736842105263,,0.0,1.325,1.2142857142857142,9.6,4.571428571428571,4.714285714285714,6.777777777777778,5.785714285714285,4.139194139194139,4.523809523809524,6.571428571428571,2.0,2.1645021645021645,1.8499999999999999,0.2,3.3800000000000003,3.485714285714285,8.909090909090908,6.057142857142857,3.2702237521514634,5.625,0.8571428571428571,0.7083333333333334,4.4642857142857135,7.047619047619047,0.3673469387755103,7.5,4.615384615384615,,4.235294117647059,24.545454545454547,276.2857142857143,2.9046161619337605
564,170008,"Onions, sweet, raw",Vegetables and Vegetable Products,2.1052631578947367,0.011111111111111112,0.0,1.375,1.1428571428571428,3.6,6.571428571428571,1.5714285714285712,1.4444444444444444,1.0,0.9157509157509156,1.5714285714285714,2.5714285714285716,0.857142857142857,0.7196969696969697,,,1.9600000000000002,1.3714285714285712,4.909090909090909,3.4,1.376936316695353,1.25,0.7142857142857143,0.3333333333333333,3.660714285714286,1.714285714285714,0.07346938775510205,3.2142857142857135,1.0989010989010988,0.0,7.647058823529412,4.363636363636363,0.42857142857142855,0.7261540404834401
565,170009,"Parsnips, cooked, boiled, drained, without salt",Vegetables and Vegetable Products,3.8947368421052633,0.0,0.0,6.75,2.5357142857142856,14.4,16.571428571428573,,3.222222222222222,,,,8.285714285714286,,3.9177489177489173,0.5125000000000001,0.075,11.76,,12.545454545454545,10.485714285714286,2.2719449225473323,3.1874999999999996,2.4285714285714284,0.4166666666666667,7.410714285714286,,0.2755102040816327,,,0.0,5.470588235294119,11.818181818181818,1.4285714285714286,1.4523080809668802
566,170010,"Peas, edible-podded, raw",Vegetables and Vegetable Products,4.526315789473684,7.0,0.0,4.35,1.5,10.4,12.0,2.4285714285714284,11.555555555555555,11.5,8.35164835164835,9.61904761904762,6.857142857142857,1.0476190476190474,3.2467532467532467,0.9375,0.325,15.0,5.142857142857142,9.636363636363637,5.714285714285714,4.819277108433735,5.0,1.0,0.16666666666666666,13.392857142857142,9.428571428571429,0.18367346938775514,9.642857142857142,14.999999999999998,7.2,9.411764705882353,54.54545454545455,35.714285714285715,1.508166084080991
567,170011,"Peas, edible-podded, boiled, drained, without salt",Vegetables and Vegetable Products,4.421052631578948,6.633333333333334,0.0,4.35,1.5,11.2,8.285714285714286,2.8571428571428568,10.944444444444445,13.428571428571427,9.78021978021978,11.19047619047619,7.428571428571429,1.2380952380952381,2.916666666666667,1.0625,0.375,13.460000000000003,5.999999999999999,10.0,6.857142857142857,5.628227194492255,4.749999999999999,1.0,0.16666666666666666,11.428571428571429,10.952380952380953,0.2112244897959184,11.428571428571429,17.527472527472526,6.933333333333334,8.470588235294118,43.54545454545455,35.714285714285715,2.0667461152220987
568,170012,"Peas, edible-podded, frozen, unprepared",Vegetables and Vegetable Products,5.2631578947368425,,0.0,,1.5,12.4,11.428571428571429,2.4285714285714284,11.11111111111111,11.5,8.35164835164835,9.61904761904762,6.571428571428571,1.0476190476190474,2.7056277056277054,1.4125,0.5,14.4,5.142857142857142,9.272727272727273,5.485714285714286,4.819277108433735,6.25,1.0,0.16666666666666666,5.357142857142857,9.428571428571429,0.2755102040816327,9.642857142857142,14.999999999999998,0.9333333333333333,9.058823529411764,20.0,,2.290178127678542
569,170016,"Peas, green, frozen, unprepared (Includes foods for USDA's Food Distribution Program)",Vegetables and Vegetable Products,2.3157894736842106,13.61111111111111,0.0,6.75,2.75,18.0,15.142857142857142,14.57142857142857,8.5,13.357142857142856,11.39194139194139,14.523809523809524,7.428571428571429,7.523809523809524,9.323593073593074,1.775,0.8250000000000001,10.940000000000001,10.97142857142857,14.909090909090908,4.371428571428571,8.984509466437178,6.25,2.7142857142857144,4.5,23.125,18.57142857142857,0.3673469387755103,12.857142857142854,12.417582417582416,13.733333333333333,4.882352941176471,16.363636363636363,39.857142857142854,4.580356255357084
570,170017,"Peas, green, frozen, cooked, boiled, drained, without salt",Vegetables and Vegetable Products,2.526315789473684,13.88888888888889,0.0,6.875,2.7857142857142856,18.0,16.857142857142858,14.428571428571429,8.444444444444445,13.214285714285714,11.245421245421243,14.38095238095238,6.285714285714286,7.428571428571428,8.008658008658008,1.3125,0.6,2.84,10.857142857142856,14.0,3.142857142857143,8.864027538726335,6.25,1.4285714285714286,3.0,25.26785714285714,18.38095238095238,0.24795918367346942,12.5,12.252747252747252,14.0,6.647058823529412,9.0,34.285714285714285,3.7424862086454223
571,170018,"Peas and carrots, frozen, cooked, boiled, drained, without salt",Vegetables and Vegetable Products,2.4210526315789473,52.5,0.0,4.525,1.7142857142857142,12.4,7.428571428571429,8.999999999999998,5.222222222222222,8.285714285714286,6.776556776556776,8.666666666666666,4.571428571428571,4.285714285714286,6.244588744588744,2.0500000000000003,0.8999999999999999,3.2600000000000002,6.514285714285713,8.909090909090908,4.514285714285714,5.3184165232358005,4.0,1.5714285714285716,2.8333333333333335,20.08928571428571,14.857142857142856,0.3857142857142858,7.5,7.307692307692307,63.46666666666667,5.117647058823529,7.363636363636363,26.857142857142858,2.513610140134985
572,170020,"Peas and onions, frozen, unprepared",Vegetables and Vegetable Products,2.4210526315789473,,0.0,,2.5,14.0,12.857142857142858,11.0,8.555555555555555,10.214285714285712,8.498168498168498,10.952380952380953,6.0,5.619047619047619,9.307359307359308,1.525,0.65,3.12,8.228571428571426,10.727272727272727,5.8,6.850258175559381,7.125,0.8571428571428571,2.5416666666666665,26.51785714285714,13.809523809523807,0.2938775510204082,10.357142857142858,9.175824175824173,3.6,8.470588235294118,12.727272727272727,,2.681184149477317
573,170021,"Peas and onions, frozen, cooked, boiled, drained, without salt",Vegetables and Vegetable Products,1.4736842105263157,6.955555555555556,0.0,3.975,1.6071428571428572,8.8,5.714285714285714,7.0,5.222222222222222,6.499999999999999,5.42124542124542,6.999999999999999,3.7142857142857144,3.5238095238095233,5.64935064935065,0.975,0.4,1.8,5.257142857142856,6.181818181818182,3.342857142857143,4.371772805507746,4.3125,0.5714285714285714,1.5416666666666667,13.392857142857142,8.857142857142858,0.18367346938775514,6.785714285714285,5.879120879120878,7.066666666666666,5.117647058823529,6.2727272727272725,17.285714285714285,1.6198820903092124
574,170022,"Peppers, sweet, green, frozen, chopped, unprepared",Vegetables and Vegetable Products,0.9473684210526315,,0.0,,0.7142857142857143,6.4,4.0,3.1428571428571423,3.4444444444444446,2.5,2.051282051282051,2.2857142857142856,2.2857142857142856,1.2380952380952381,7.413419913419913,1.275,0.25,0.6,1.8857142857142857,3.090909090909091,2.6,1.8588640275387265,2.3749999999999996,0.2857142857142857,0.20833333333333334,6.160714285714286,3.8095238095238093,0.1928571428571429,5.0,2.472527472527472,2.4,8.058823529411766,53.36363636363637,,0.33514801868466465
575,170023,"Peppers, sweet, green, frozen, chopped, boiled, drained, without salt",Vegetables and Vegetable Products,0.8421052631578947,,0.0,,0.6428571428571429,3.6,2.857142857142857,2.714285714285714,2.888888888888889,2.214285714285714,1.7948717948717947,2.0,2.0,1.0476190476190474,5.854978354978355,1.125,0.22499999999999998,0.45999999999999996,1.657142857142857,2.3636363636363638,2.057142857142857,1.6351118760757317,1.9375,0.2857142857142857,0.16666666666666666,4.553571428571428,3.3333333333333335,0.16530612244897963,4.285714285714286,2.1978021978021975,2.0,6.352941176470589,37.45454545454545,,0.2792900155705539
576,170024,"Peppers, sweet, green, sauteed",Vegetables and Vegetable Products,0.8421052631578947,1.5,0.0,1.2,4.142857142857143,7.2,0.5714285714285714,1.2857142857142854,1.6666666666666667,1.5714285714285712,1.2087912087912087,1.714285714285714,2.2857142857142856,0.6666666666666667,3.149350649350649,64.125,19.25,2.2199999999999998,4.8,2.727272727272727,3.8285714285714287,1.3425129087779692,2.9999999999999996,0.8571428571428571,0.7083333333333334,3.75,3.142857142857143,10.882653061224492,3.928571428571428,1.813186813186813,1.8666666666666667,11.529411764705884,160.9090909090909,30.428571428571427,0.33514801868466465
577,170025,"Pigeonpeas, immature seeds, raw",Vegetables and Vegetable Products,4.421052631578948,0.4444444444444444,0.0,11.45,4.857142857142857,20.4,49.42857142857143,,8.88888888888889,,,,19.428571428571427,,11.904761904761907,10.4375,0.95,13.6,,23.09090909090909,15.771428571428572,12.392426850258177,10.625,2.142857142857143,0.20833333333333334,35.71428571428571,,1.5061224489795921,,,0.4,4.000000000000001,35.45454545454545,34.285714285714285,5.809232323867521
578,170026,"Potatoes, flesh and skin, raw",Vegetables and Vegetable Products,1.263157894736842,0.011111111111111112,0.0,3.025,2.75,8.4,4.285714285714286,5.0,4.5,4.714285714285714,3.5897435897435894,5.095238095238095,6.571428571428571,3.0476190476190474,5.741341991341991,0.4,0.25,5.9,4.628571428571428,10.363636363636363,12.142857142857142,3.5283993115318415,2.0,0.5714285714285714,0.25,7.232142857142856,6.3809523809523805,0.08265306122448982,7.5,5.659340659340658,0.0,17.52941176470588,17.90909090909091,2.857142857142857,1.6757400934233233
579,170027,"Potatoes, russet, flesh and skin, raw (Includes foods for USDA's Food Distribution Program)",Vegetables and Vegetable Products,1.368421052631579,0.0,0.0,3.15,2.8214285714285716,5.2,4.0,,4.777777777777778,,,,6.571428571428571,,5.600649350649349,0.4,0.25,6.02,,10.0,11.914285714285715,3.6833046471600692,2.0625,0.5714285714285714,0.20833333333333334,7.321428571428572,,0.07346938775510205,,,0.0,20.294117647058822,5.181818181818182,2.5714285714285716,1.6198820903092124
580,170028,"Potatoes, white, flesh and skin, raw",Vegetables and Vegetable Products,0.9473684210526315,0.05555555555555555,0.0,2.75,2.4642857142857144,9.6,5.142857142857143,4.0,2.888888888888889,3.857142857142857,2.9304029304029298,4.142857142857142,6.0,2.4761904761904763,5.768398268398268,0.4,0.25,5.62,3.7714285714285714,11.272727272727273,11.628571428571428,2.8915662650602414,2.125,0.42857142857142855,0.6666666666666666,6.3392857142857135,5.238095238095238,0.09183673469387757,6.071428571428571,4.615384615384615,0.0,11.941176470588236,8.272727272727273,2.2857142857142856,1.6198820903092124
581,170029,"Potatoes, red, flesh and skin, raw",Vegetables and Vegetable Products,1.0526315789473684,0.044444444444444446,0.0,4.1,2.5,6.8,5.142857142857143,4.571428571428571,4.055555555555555,4.357142857142857,3.296703296703296,4.666666666666667,6.285714285714286,2.7619047619047623,6.217532467532468,0.5499999999999999,0.35000000000000003,5.58,4.285714285714286,11.090909090909092,13.0,3.2530120481927716,1.9375,0.7142857142857143,0.75,7.232142857142856,5.904761904761905,0.12857142857142861,6.785714285714285,5.219780219780219,0.0,10.0,7.818181818181818,4.142857142857143,1.8433141027656557
582,170030,"Potatoes, Russet, flesh and skin, baked",Vegetables and Vegetable Products,1.894736842105263,0.06666666666666667,0.0,3.75,3.392857142857143,9.2,7.428571428571429,6.285714285714285,5.944444444444445,6.071428571428571,4.5787545787545785,6.523809523809524,8.571428571428571,3.904761904761905,7.294372294372295,0.5125000000000001,0.325,7.6,5.942857142857142,12.909090909090908,15.714285714285714,4.526678141135973,2.9999999999999996,0.7142857142857143,0.5833333333333334,5.982142857142857,8.19047619047619,0.11938775510204083,9.642857142857142,7.197802197802197,0.13333333333333333,20.823529411764707,7.545454545454547,2.857142857142857,1.9550301089938773
583,170032,"Potatoes, raw, skin",Vegetables and Vegetable Products,3.1578947368421053,,0.0,,2.0714285714285716,10.0,4.857142857142857,,18.0,,,,6.571428571428571,,5.58982683982684,0.4,0.25,6.04,,6.909090909090909,11.8,4.423407917383821,2.3749999999999996,0.42857142857142855,0.4166666666666667,1.875,,0.09183673469387757,,,0.0,14.058823529411764,10.363636363636363,,1.9550301089938773
584,170033,"Potatoes, baked, flesh, without salt",Vegetables and Vegetable Products,0.5263157894736842,0.0,0.0,3.625,3.3214285714285716,6.0,2.5714285714285716,6.142857142857142,1.9444444444444444,5.7142857142857135,4.322344322344321,5.666666666666666,7.142857142857143,2.9523809523809526,7.548701298701299,0.4,0.25,11.100000000000001,4.971428571428571,9.090909090909092,11.17142857142857,3.3734939759036147,1.3125,0.42857142857142855,0.20833333333333334,9.374999999999998,6.761904761904761,0.09183673469387757,10.714285714285714,6.043956043956043,0.0,17.705882352941174,11.636363636363637,0.42857142857142855,1.6198820903092124
585,170034,"Potatoes, baked, skin, without salt",Vegetables and Vegetable Products,3.5789473684210527,0.06666666666666667,0.0,7.75,7.071428571428571,31.6,6.285714285714286,,39.111111111111114,,,,12.285714285714286,,16.585497835497836,0.4,0.25,17.14,,18.363636363636363,16.37142857142857,7.38382099827883,6.624999999999999,1.0,0.875,10.89285714285714,,0.09183673469387757,,,0.13333333333333333,36.11764705882353,12.272727272727273,2.4285714285714284,2.737042152591428
586,170035,"Potatoes, microwaved, cooked in skin, skin, without salt",Vegetables and Vegetable Products,4.842105263157895,,0.0,,4.714285714285714,22.0,4.857142857142857,,33.0,,,,10.571428571428571,,12.012987012987015,0.4,0.25,11.879999999999999,,14.909090909090908,18.571428571428573,7.555938037865748,4.6875,0.7142857142857143,0.6666666666666666,6.3392857142857135,,0.09183673469387757,,,0.0,28.94117647058824,13.909090909090908,,2.8487581588196496
587,170036,"Potatoes, hash brown, home-prepared",Vegetables and Vegetable Products,1.4736842105263157,0.03333333333333333,0.0,5.8,9.464285714285714,12.8,4.571428571428571,9.571428571428571,3.055555555555556,8.785714285714285,6.630036630036628,8.666666666666666,10.0,4.476190476190476,12.456709956709958,54.55,8.450000000000001,17.86,7.6,12.727272727272727,16.457142857142856,5.163511187607574,2.0625,0.7142857142857143,14.25,15.357142857142856,10.380952380952381,11.497959183673471,16.785714285714285,9.23076923076923,0.0,27.76470588235294,11.818181818181818,5.285714285714286,2.6253261463632067
588,170043,"Potatoes, hash brown, frozen, plain, unprepared",Vegetables and Vegetable Products,1.0526315789473684,,,,2.9285714285714284,5.6,1.1428571428571428,5.0,5.444444444444445,6.357142857142857,4.542124542124542,5.238095238095238,3.142857142857143,2.1904761904761902,9.004329004329005,2.5125,1.6,6.460000000000001,5.028571428571428,8.545454545454545,8.142857142857142,3.545611015490534,0.875,0.42857142857142855,0.9166666666666666,8.660714285714286,8.952380952380953,0.5693877551020409,10.0,5.769230769230768,0.0,5.117647058823529,7.454545454545453,,1.1730180653963265
589,170047,"Potato puffs, frozen, unprepared",Vegetables and Vegetable Products,1.368421052631579,0.03333333333333333,0.0,6.225,6.357142857142857,9.2,4.857142857142857,6.142857142857142,2.611111111111111,5.857142857142858,5.274725274725274,6.0476190476190474,4.571428571428571,2.9523809523809526,9.821428571428571,36.262499999999996,5.800000000000001,11.66,5.314285714285714,11.636363636363637,7.057142857142857,3.321858864027539,3.8124999999999996,0.42857142857142855,17.833333333333332,16.428571428571427,7.523809523809524,7.998979591836737,6.428571428571427,6.373626373626373,0.0,11.411764705882355,6.2727272727272725,3.5714285714285716,1.4523080809668802
590,170048,"Potato puffs, frozen, oven-heated",Vegetables and Vegetable Products,1.4736842105263157,0.03333333333333333,0.0,6.35,6.857142857142857,8.0,6.571428571428571,6.857142857142856,3.222222222222222,6.428571428571428,5.824175824175823,6.666666666666667,4.857142857142857,3.238095238095238,7.840909090909091,26.8,5.1499999999999995,6.4,5.828571428571427,15.272727272727273,8.2,3.6660929432013774,2.3124999999999996,0.5714285714285714,19.291666666666668,6.160714285714286,8.285714285714285,8.31122448979592,7.142857142857142,7.032967032967032,0.0,7.117647058823529,3.6363636363636362,5.285714285714286,1.6757400934233233
591,170049,"Potatoes, frozen, whole, cooked, boiled, drained, without salt",Vegetables and Vegetable Products,0.7368421052631579,,0.0,,2.3214285714285716,5.6,2.2857142857142856,6.142857142857142,4.666666666666667,5.7142857142857135,4.358974358974358,5.714285714285714,3.142857142857143,2.9523809523809526,7.175324675324675,0.525,0.325,5.6000000000000005,5.028571428571428,4.7272727272727275,8.2,3.4079173838209984,1.5625,0.2857142857142857,0.8333333333333334,9.107142857142856,6.857142857142856,0.11938775510204083,11.071428571428571,6.098901098901098,0.0,11.882352941176473,8.545454545454545,,1.3964500778527695
592,170050,"Tomatoes, red, ripe, cooked",Vegetables and Vegetable Products,1.1578947368421053,3.2555555555555555,0.0,1.725,0.6428571428571429,2.8,3.7142857142857144,2.2857142857142856,3.7777777777777777,1.857142857142857,1.4285714285714284,1.857142857142857,2.5714285714285716,0.857142857142857,2.878787878787879,0.525,0.05,2.58,1.5999999999999999,5.090909090909091,6.228571428571429,1.6351118760757317,1.3749999999999998,0.7142857142857143,0.4583333333333333,3.2142857142857135,2.5714285714285716,0.10102040816326532,2.857142857142857,1.4835164835164834,3.2,4.647058823529412,20.727272727272727,4.0,0.782012043597551
593,170058,"Turnips, cooked, boiled, drained, without salt",Vegetables and Vegetable Products,3.473684210526316,0.0,0.0,2.175,0.7857142857142857,8.0,2.5714285714285716,1.5714285714285712,1.0,2.0714285714285716,0.9523809523809522,1.3333333333333335,2.5714285714285716,0.857142857142857,1.6179653679653678,0.11249999999999999,0.8,2.84,0.7999999999999999,4.7272727272727275,5.057142857142857,1.2220309810671257,1.4374999999999998,0.2857142857142857,0.6666666666666666,2.4107142857142856,1.9047619047619047,0.07346938775510205,2.5,1.2637362637362635,0.0,3.9411764705882355,10.545454545454545,0.14285714285714285,0.6702960373693293
594,170059,"Turnips, frozen, unprepared",Vegetables and Vegetable Products,2.4210526315789473,,0.0,,0.5714285714285714,7.2,2.2857142857142856,2.2857142857142856,3.888888888888889,3.0,1.3919413919413917,1.9523809523809526,2.857142857142857,1.2380952380952381,2.1645021645021645,0.2375,1.6,2.12,1.1428571428571428,3.6363636363636362,3.914285714285714,1.7900172117039588,1.25,0.5714285714285714,1.0416666666666667,2.6785714285714284,2.7619047619047623,0.1469387755102041,3.571428571428571,1.868131868131868,0.13333333333333333,2.823529411764706,4.000000000000001,,0.782012043597551
595,170060,"Turnips, frozen, cooked, boiled, drained, without salt",Vegetables and Vegetable Products,3.3684210526315788,0.0,0.0,2.175,0.8214285714285714,8.0,2.2857142857142856,3.428571428571428,5.444444444444445,4.428571428571428,2.0879120879120876,2.9047619047619047,4.0,1.8095238095238093,3.0303030303030307,0.35000000000000003,2.35,2.8199999999999994,1.714285714285714,4.7272727272727275,5.2,2.6333907056798624,1.75,0.8571428571428571,1.5,3.125,4.0,0.22040816326530616,5.357142857142857,2.8021978021978016,0.0,3.9411764705882355,3.5454545454545454,0.14285714285714285,1.1171600622822155
596,170061,"Turnip greens, raw",Vegetables and Vegetable Products,20.0,77.24444444444444,0.0,,1.1428571428571428,12.8,55.42857142857143,5.1428571428571415,6.111111111111112,5.571428571428571,5.018315018315018,4.666666666666667,8.857142857142858,3.238095238095238,3.2467532467532467,0.44999999999999996,2.1,7.6,5.257142857142856,7.636363636363637,8.457142857142857,2.581755593803787,6.25,1.7142857142857142,1.6666666666666667,6.25,7.80952380952381,0.2755102040816327,9.285714285714285,5.604395604395603,77.2,15.470588235294118,54.54545454545455,358.57142857142856,1.0613020591681048
597,170062,"Turnip greens and turnips, frozen, cooked, boiled, drained, without salt",Vegetables and Vegetable Products,13.473684210526315,57.41111111111111,0.0,0.525,1.25,12.4,9.428571428571429,10.0,9.722222222222221,10.785714285714285,9.413919413919412,8.904761904761903,6.857142857142857,6.19047619047619,2.6298701298701297,0.575,2.85,1.6600000000000001,9.77142857142857,5.818181818181818,6.171428571428572,5.146299483648882,4.0625,1.5714285714285716,0.7916666666666666,4.4642857142857135,14.857142857142856,0.34897959183673477,17.5,10.604395604395602,57.46666666666667,3.9411764705882355,16.545454545454547,593.0,2.0667461152220987
598,170066,"Waterchestnuts, chinese, (matai), raw",Vegetables and Vegetable Products,1.1578947368421053,0.0,0.0,9.05,3.4642857142857144,12.0,4.571428571428571,,0.3333333333333333,,,,6.285714285714286,,5.411255411255411,0.4,0.25,9.58,,11.454545454545455,16.685714285714287,2.4096385542168677,12.5,1.0,0.5833333333333334,12.5,,0.09183673469387757,,,0.0,19.294117647058826,3.6363636363636362,0.42857142857142855,2.792900155705539
599,170068,"Watercress, raw",Vegetables and Vegetable Products,12.631578947368421,21.266666666666666,0.0,2.25,0.39285714285714285,2.0,2.5714285714285716,5.7142857142857135,1.1111111111111112,6.642857142857142,6.08058608058608,6.3809523809523805,6.0,1.9047619047619047,1.0822510822510822,0.15,0.575,6.2,6.514285714285713,10.909090909090908,9.428571428571429,3.958691910499139,7.5,1.2857142857142858,1.7083333333333333,8.035714285714285,12.666666666666666,0.09183673469387757,10.714285714285714,7.5274725274725265,21.333333333333332,7.588235294117648,39.09090909090909,357.14285714285717,0.6144380342552186
600,170069,"Waxgourd, (chinese preserving melon), raw",Vegetables and Vegetable Products,2.0,,0.0,,0.4642857142857143,11.6,1.4285714285714286,,2.2222222222222223,,,0.4285714285714285,2.857142857142857,0.2857142857142857,2.1645021645021645,1.0875,,2.66,,3.4545454545454546,0.17142857142857143,0.6884681583476765,6.875,0.2857142857142857,4.625,3.571428571428571,,0.18367346938775514,0.7142857142857143,,0.0,2.058823529411765,11.818181818181818,,3.4073381899607575
601,170070,"Winged bean tuber, raw",Vegetables and Vegetable Products,3.1578947368421053,,0.0,,5.285714285714286,,5.428571428571429,34.42857142857142,11.11111111111111,30.357142857142854,23.443223443223438,28.190476190476186,6.857142857142857,13.619047619047617,8.874458874458874,1.9124999999999999,0.525,2.3200000000000003,25.77142857142857,8.181818181818182,16.742857142857144,19.96557659208262,9.312499999999998,1.0,1.4583333333333333,33.83928571428571,42.95238095238095,0.8265306122448981,89.99999999999999,32.912087912087905,0.0,4.411764705882353,0.0,,7.764262432861399
602,170071,"Yam, raw",Vegetables and Vegetable Products,1.7894736842105263,0.9222222222222223,0.0,4.125,4.214285714285714,16.4,6.571428571428571,4.857142857142857,3.0,3.714285714285714,3.516483516483516,2.8095238095238093,6.0,2.0,2.987012987012987,0.8,0.3,6.279999999999999,4.057142857142856,10.0,23.314285714285713,2.6333907056798624,2.0,1.0,0.375,10.0,5.142857142857143,0.15612244897959185,4.285714285714286,3.406593406593406,0.9333333333333333,17.235294117647058,15.545454545454547,3.285714285714285,1.3405920747386586
603,170072,"Yam, cooked, boiled, drained, or baked, without salt",Vegetables and Vegetable Products,1.4736842105263157,0.8111111111111111,0.0,4.05,4.142857142857143,15.6,4.571428571428571,4.714285714285714,2.888888888888889,3.571428571428571,3.443223443223443,2.7619047619047623,5.142857142857143,1.9047619047619047,2.987012987012987,0.625,0.22499999999999998,6.220000000000001,3.9428571428571426,8.909090909090908,19.142857142857142,2.564543889845095,1.75,1.0,0.3333333333333333,8.482142857142856,4.9523809523809526,0.12857142857142861,4.285714285714286,3.296703296703296,0.8,13.411764705882353,11.0,3.285714285714285,1.1171600622822155
604,170073,"Yambean (jicama), raw",Vegetables and Vegetable Products,1.263157894736842,0.14444444444444443,0.0,3.4,1.3571428571428572,19.6,3.4285714285714284,2.714285714285714,3.3333333333333335,1.1428571428571428,0.9157509157509156,1.2380952380952381,3.4285714285714284,0.6666666666666667,1.0822510822510822,0.36250000000000004,0.35000000000000003,2.7,0.9714285714285714,3.272727272727273,4.285714285714286,1.2392426850258176,1.8125000000000002,1.0,0.16666666666666666,1.7857142857142856,1.714285714285714,0.08265306122448982,,1.2087912087912085,0.13333333333333333,2.4705882352941178,18.363636363636363,0.42857142857142855,0.8937280498257725
605,170074,"Yambean (jicama), cooked, boiled, drained, without salt",Vegetables and Vegetable Products,1.1578947368421053,,0.0,,1.3571428571428572,,2.2857142857142856,2.714285714285714,3.166666666666666,1.1428571428571428,0.9157509157509156,1.2380952380952381,3.142857142857143,0.6666666666666667,1.028138528138528,,,2.42,0.9714285714285714,2.909090909090909,3.857142857142857,1.2392426850258176,1.75,1.0,0.16666666666666666,1.5178571428571428,1.714285714285714,0.08265306122448982,,1.2087912087912085,0.13333333333333333,2.3529411764705883,12.818181818181818,,0.8378700467116617
606,170076,"Dock, raw",Vegetables and Vegetable Products,4.631578947368421,,0.0,,0.7857142857142857,11.6,3.7142857142857144,7.714285714285714,13.333333333333334,7.285714285714285,6.117216117216116,5.476190476190476,29.428571428571427,3.3333333333333335,2.7056277056277054,,,0.8200000000000001,6.514285714285713,11.454545454545455,11.142857142857142,3.4423407917383826,6.25,1.2857142857142858,0.16666666666666666,3.571428571428571,8.952380952380953,0.6428571428571429,,7.307692307692307,26.666666666666668,7.1764705882352935,43.63636363636363,,1.1171600622822155
607,170077,"Dock, cooked, boiled, drained, without salt",Vegetables and Vegetable Products,4.0,,0.0,,0.7142857142857143,10.4,2.2857142857142856,7.0,11.555555555555555,6.642857142857142,5.567765567765567,5.0,25.428571428571427,3.0476190476190474,2.224025974025974,,,0.72,5.942857142857142,9.454545454545455,9.17142857142857,3.14974182444062,5.374999999999999,1.2857142857142858,0.125,3.0357142857142856,8.19047619047619,0.5877551020408164,,6.648351648351647,23.2,5.882352941176471,23.90909090909091,,0.9495860529398833
608,170078,"Eppaw, raw",Vegetables and Vegetable Products,11.578947368421053,,0.0,,5.357142857142857,,6.857142857142857,,6.388888888888888,,,,9.142857142857142,,1.6233766233766234,,,23.439999999999998,,30.0,9.714285714285714,7.917383820998278,7.5,1.2857142857142858,0.5,9.821428571428571,,1.6530612244897962,,,0.0,10.352941176470587,11.818181818181818,,6.423670358122739
609,170081,"Radishes, white icicle, raw",Vegetables and Vegetable Products,2.8421052631578947,,0.0,,0.5,5.6,4.0,3.0,4.444444444444445,3.428571428571428,2.1245421245421245,2.619047619047619,2.5714285714285716,0.9523809523809523,1.6233766233766234,0.2,0.7250000000000001,3.6799999999999997,2.0571428571428565,5.090909090909091,8.0,1.8932874354561107,1.25,1.0,0.6666666666666666,2.6785714285714284,4.285714285714286,0.09183673469387757,2.142857142857143,2.8021978021978016,0.0,4.411764705882353,26.363636363636363,,0.7261540404834401
610,170086,"Beans, pinto, mature seeds, sprouted, raw",Vegetables and Vegetable Products,4.526315789473684,,0.0,,2.2142857142857144,,33.714285714285715,20.999999999999996,10.944444444444445,16.642857142857142,13.809523809523808,14.238095238095237,15.142857142857142,5.238095238095238,12.337662337662335,2.3625,8.35,14.8,15.14285714285714,17.09090909090909,8.771428571428572,9.036144578313253,10.9375,0.8571428571428571,6.375,20.535714285714285,20.952380952380953,0.8265306122448981,19.642857142857142,14.835164835164832,0.0,10.058823529411766,19.727272727272727,,2.792900155705539
611,170087,"Beans, pinto, mature seeds, sprouted, cooked, boiled, drained, without salt",Vegetables and Vegetable Products,1.5789473684210527,,0.0,,0.7857142857142857,,8.285714285714286,7.428571428571428,3.6666666666666665,5.857142857142858,4.871794871794871,5.0476190476190474,5.142857142857143,1.8095238095238093,3.923160173160173,0.8375,2.9499999999999997,4.7,5.371428571428571,5.454545454545454,2.8,3.2013769363166955,3.6874999999999996,0.8571428571428571,2.125,5.982142857142857,7.428571428571428,0.2938775510204082,6.785714285714285,5.219780219780219,0.0,3.1764705882352944,5.545454545454546,,0.9495860529398833
612,170088,"Sweet potato, cooked, candied, home-prepared",Vegetables and Vegetable Products,2.736842105263158,42.86666666666667,3.0,2.9,5.857142857142857,8.4,1.7142857142857142,2.4285714285714284,4.388888888888889,2.214285714285714,1.9047619047619044,1.8095238095238093,3.7142857142857144,1.5238095238095237,2.196969696969697,2.175,0.6,6.1,2.8,4.545454545454546,5.085714285714285,1.5318416523235803,2.5625,1.1428571428571428,4.958333333333333,1.875,4.3809523809523805,3.251020408163266,6.071428571428571,2.637362637362637,46.53333333333333,2.9411764705882355,8.181818181818182,3.0,0.9495860529398833
613,170089,"Tomatoes, red, ripe, cooked, stewed",Vegetables and Vegetable Products,2.736842105263158,,0.0,,2.8214285714285716,6.8,3.142857142857143,5.1428571428571415,5.888888888888889,4.571428571428571,3.882783882783882,2.9523809523809526,4.285714285714286,2.2857142857142856,6.006493506493507,10.487499999999999,0.95,5.12,4.285714285714286,6.909090909090909,7.057142857142857,3.3734939759036147,5.0,1.7142857142857142,18.958333333333332,9.642857142857142,5.142857142857143,2.4612244897959186,6.785714285714285,4.1208791208791204,4.4,5.0588235294117645,16.545454545454547,,1.0054440560539941
614,170091,"Seaweed, spirulina, raw",Vegetables and Vegetable Products,1.263157894736842,0.36666666666666664,0.0,1.625,0.9285714285714286,1.6,2.5714285714285716,16.0,15.5,23.642857142857142,18.644688644688642,14.857142857142856,5.428571428571429,11.238095238095237,6.471861471861471,0.8,1.05,6.5,16.342857142857138,2.0,3.6285714285714286,10.189328743545612,21.375,1.0,4.083333333333333,19.82142857142857,29.14285714285714,0.3581632653061225,34.285714285714285,19.890109890109883,0.4,2.0000000000000004,0.8181818181818182,3.5714285714285716,1.1171600622822155
615,170092,Potato pancakes,Vegetables and Vegetable Products,3.3684210526315788,0.044444444444444446,31.666666666666668,18.55,9.571428571428571,13.2,11.714285714285714,20.14285714285714,9.277777777777779,20.0,16.19047619047619,18.523809523809522,10.285714285714286,13.047619047619047,9.047619047619047,82.66250000000001,21.55,15.14,17.142857142857142,23.272727272727273,17.771428571428572,10.464716006884682,10.812499999999998,12.714285714285714,31.833333333333332,14.107142857142856,22.857142857142858,13.555102040816328,31.071428571428566,20.27472527472527,4.266666666666667,26.35294117647059,25.09090909090909,3.857142857142857,3.9100602179877546
616,170093,"Potatoes, baked, flesh and skin, without salt",Vegetables and Vegetable Products,1.5789473684210527,0.06666666666666667,0.0,3.7,3.3214285714285716,8.8,8.0,6.0,6.0,5.7142857142857135,4.358974358974358,6.19047619047619,8.0,3.6190476190476186,7.62987012987013,0.5375,0.325,7.5200000000000005,5.657142857142857,12.727272727272727,15.285714285714286,4.302925989672978,2.9999999999999996,0.5714285714285714,0.4166666666666667,5.714285714285714,7.7142857142857135,0.11938775510204083,8.928571428571427,6.868131868131867,0.13333333333333333,18.294117647058826,8.727272727272727,2.857142857142857,2.0108881121079882
617,170094,"Potatoes, microwaved, cooked in skin, flesh and skin, without salt",Vegetables and Vegetable Products,1.1578947368421053,,0.0,,3.75,9.2,3.4285714285714284,7.714285714285714,6.888888888888889,7.071428571428571,5.384615384615383,7.095238095238094,7.714285714285714,3.714285714285714,9.274891774891776,0.4,0.25,9.08,6.228571428571428,19.09090909090909,12.771428571428572,4.199655765920826,2.0,0.5714285714285714,0.3333333333333333,10.714285714285714,8.476190476190476,0.09183673469387757,13.57142857142857,7.582417582417581,0.0,20.235294117647058,13.727272727272727,,2.0108881121079882
618,170095,"Radish seeds, sprouted, raw",Vegetables and Vegetable Products,5.368421052631579,,0.0,,1.5357142857142858,,27.142857142857142,,4.777777777777778,,,,12.571428571428571,,15.438311688311689,5.125,18.05,14.66,,20.545454545454547,2.4571428571428573,6.557659208261619,6.437499999999999,0.8571428571428571,0.25,9.107142857142856,,2.323469387755102,,,2.6666666666666665,16.76470588235294,26.272727272727273,,3.128048174390204
619,170096,"Tomatoes, yellow, raw",Vegetables and Vegetable Products,1.1578947368421053,,0.0,,0.5357142857142857,2.8,8.571428571428571,2.142857142857143,2.7222222222222223,1.6428571428571426,1.3186813186813184,1.714285714285714,3.4285714285714284,0.7619047619047619,6.37987012987013,1.3,0.1,2.2,1.4285714285714284,6.545454545454546,7.371428571428571,1.6867469879518073,2.9375,0.5714285714285714,0.9583333333333334,3.660714285714286,2.2857142857142856,0.23877551020408166,2.5,1.3736263736263734,0.0,3.294117647058824,8.181818181818182,,1.564024087195102
620,170097,"Mushrooms, shiitake, cooked, with salt",Vegetables and Vegetable Products,0.3157894736842105,0.0,0.0,20.0,2.0,8.4,6.0,3.1428571428571423,2.4444444444444446,3.9285714285714284,3.4065934065934065,2.238095238095238,4.0,2.380952380952381,8.116883116883116,0.3875,0.075,71.88,3.8285714285714283,5.2727272727272725,3.342857142857143,2.6850258175559385,10.625,35.42857142857143,10.0,3.303571428571428,6.476190476190476,0.20204081632653065,1.4285714285714286,3.6813186813186807,0.0,9.352941176470589,0.2727272727272727,0.0,7.429114414176734
621,170098,"Okra, cooked, boiled, drained, with salt",Vegetables and Vegetable Products,8.105263157894736,1.8888888888888888,0.0,2.325,0.7857142857142857,10.0,13.142857142857142,4.142857142857143,1.5555555555555558,4.642857142857142,3.5897435897435894,3.571428571428571,10.285714285714286,1.9047619047619047,4.713203463203463,0.5625,0.025,4.26,3.485714285714285,5.818181818181818,3.857142857142857,3.2185886402753874,3.4375,0.5714285714285714,10.041666666666666,11.785714285714285,5.809523809523809,0.1928571428571429,5.714285714285714,4.67032967032967,1.8666666666666667,11.0,14.818181818181818,57.142857142857146,2.4018941339067634
622,170099,"Okra, frozen, cooked, boiled, drained, with salt",Vegetables and Vegetable Products,7.7894736842105265,2.033333333333333,0.0,2.775,1.0357142857142858,8.4,28.571428571428573,3.714285714285714,2.888888888888889,4.142857142857143,3.2600732600732596,3.238095238095238,11.428571428571429,1.714285714285714,3.3333333333333335,0.7875,0.025,4.18,3.1428571428571423,6.7272727272727275,5.257142857142857,2.8055077452667816,5.999999999999999,0.8571428571428571,9.958333333333334,6.517857142857142,5.238095238095238,0.22040816326530616,5.0,4.23076923076923,2.0,2.176470588235294,8.727272727272727,68.28571428571429,2.737042152591428
623,170100,"Onions, cooked, boiled, drained, with salt",Vegetables and Vegetable Products,2.3157894736842106,0.011111111111111112,0.0,1.7,1.5,5.6,4.285714285714286,3.1428571428571423,1.3333333333333333,3.428571428571428,1.758241758241758,3.095238095238095,3.142857142857143,1.0476190476190474,0.8928571428571428,0.8750000000000001,0.1,2.2600000000000002,2.0,6.363636363636363,4.742857142857143,2.3407917383821,1.4374999999999998,0.8571428571428571,9.958333333333334,3.75,3.142857142857143,0.17448979591836739,7.142857142857142,1.703296703296703,0.0,7.588235294117648,4.7272727272727275,0.7142857142857143,1.1730180653963265
624,170101,"Onions, frozen, chopped, cooked, boiled, drained, with salt",Vegetables and Vegetable Products,1.6842105263157894,0.011111111111111112,0.0,1.1,0.9285714285714286,6.8,3.7142857142857144,1.714285714285714,1.6666666666666667,1.9285714285714286,0.9890109890109889,1.714285714285714,1.7142857142857142,0.5714285714285714,0.7521645021645023,0.44999999999999996,0.05,1.98,1.1428571428571428,3.4545454545454546,3.085714285714286,1.3253012048192772,1.5625,0.5714285714285714,10.333333333333334,2.0535714285714284,1.714285714285714,0.09183673469387757,3.928571428571428,0.9890109890109887,0.0,4.058823529411765,2.3636363636363638,0.42857142857142855,0.3910060217987755
625,170102,"Peas, green, cooked, boiled, drained, with salt",Vegetables and Vegetable Products,2.8421052631578947,5.222222222222222,0.0,7.425,3.0,22.0,18.0,14.999999999999998,8.555555555555555,13.785714285714285,11.721611721611719,14.95238095238095,11.142857142857142,7.7142857142857135,10.936147186147185,1.0250000000000001,0.475,3.0599999999999996,11.314285714285713,21.272727272727273,7.742857142857143,9.225473321858866,9.312499999999998,2.7142857142857144,9.958333333333334,23.125,19.142857142857142,0.20204081632653065,13.214285714285712,12.747252747252746,5.333333333333333,12.705882352941178,12.909090909090908,37.0,6.647102370579183
626,170105,"Peas, green, frozen, cooked, boiled, drained, with salt",Vegetables and Vegetable Products,2.526315789473684,13.88888888888889,0.0,6.875,2.7857142857142856,18.0,16.857142857142858,14.428571428571429,8.444444444444445,13.214285714285714,11.245421245421243,14.38095238095238,6.285714285714286,7.428571428571428,8.008658008658008,1.3125,0.6,2.84,10.857142857142856,14.0,3.142857142857143,8.864027538726335,6.25,1.4285714285714286,13.458333333333334,25.26785714285714,18.38095238095238,0.24795918367346942,12.5,12.252747252747252,14.0,6.647058823529412,9.0,34.285714285714285,3.7424862086454223
627,170106,"Peppers, hot chili, red, raw",Vegetables and Vegetable Products,1.4736842105263157,5.933333333333334,0.0,2.725,1.4285714285714286,6.0,6.571428571428571,5.857142857142858,5.722222222222222,4.642857142857142,3.8461538461538454,4.238095238095238,6.571428571428571,2.2857142857142856,6.731601731601732,2.85,0.27499999999999997,4.0200000000000005,3.5428571428571427,7.818181818181818,9.2,3.2185886402753874,5.374999999999999,0.7142857142857143,0.375,6.428571428571427,7.047619047619047,0.4040816326530613,9.285714285714285,4.615384615384615,6.4,29.764705882352942,130.63636363636363,20.0,1.4523080809668802
628,170108,"Peppers, sweet, red, raw",Vegetables and Vegetable Products,0.7368421052631579,18.044444444444444,0.0,1.4,0.9285714285714286,8.4,13.142857142857142,2.4285714285714284,2.388888888888889,1.5,1.3186813186813184,1.714285714285714,3.4285714285714284,0.5714285714285714,5.2976190476190474,1.25,1.4000000000000001,6.34,2.8571428571428568,4.7272727272727275,6.0285714285714285,1.7039586919104992,5.3125,0.14285714285714285,0.16666666666666666,4.821428571428571,3.8095238095238093,0.2755102040816327,4.285714285714286,1.703296703296703,20.933333333333334,17.11764705882353,116.0909090909091,7.000000000000001,1.3964500778527695
629,170109,"Peppers, sweet, green, cooked, boiled, drained, with salt",Vegetables and Vegetable Products,0.9473684210526315,2.933333333333333,0.0,1.85,0.9285714285714286,4.8,4.571428571428571,2.714285714285714,2.5555555555555554,2.142857142857143,1.758241758241758,1.9523809523809526,2.857142857142857,1.0476190476190474,2.581168831168831,1.2,0.25,1.58,1.657142857142857,3.272727272727273,4.742857142857143,1.5834767641996559,1.875,0.42857142857142855,9.916666666666666,5.2678571428571415,3.238095238095238,0.18367346938775514,4.285714285714286,2.1428571428571423,3.066666666666667,13.705882352941178,67.63636363636364,14.000000000000002,0.6702960373693293
630,170110,"Peppers, sweet, red, cooked, boiled, drained, without salt",Vegetables and Vegetable Products,0.9473684210526315,16.944444444444443,0.0,1.45,1.0,4.8,4.571428571428571,2.714285714285714,2.5555555555555554,2.142857142857143,1.758241758241758,1.9523809523809526,2.857142857142857,1.0476190476190474,2.581168831168831,1.2,0.25,1.58,1.657142857142857,3.272727272727273,4.742857142857143,1.5834767641996559,1.875,0.42857142857142855,0.08333333333333333,5.2678571428571415,3.238095238095238,0.18367346938775514,4.285714285714286,2.1428571428571423,19.6,13.705882352941178,155.45454545454547,7.285714285714285,0.6702960373693293
631,170111,"Potatoes, baked, flesh and skin, with salt",Vegetables and Vegetable Products,1.5789473684210527,0.06666666666666667,0.0,,3.3214285714285716,8.8,8.0,6.0,6.0,5.7142857142857135,4.358974358974358,6.19047619047619,8.0,3.6190476190476186,7.62987012987013,0.5375,0.325,7.5200000000000005,5.657142857142857,12.727272727272727,15.285714285714286,4.302925989672978,2.9999999999999996,0.5714285714285714,0.4166666666666667,5.714285714285714,7.7142857142857135,0.11938775510204083,8.928571428571427,6.868131868131867,0.13333333333333333,18.294117647058826,8.727272727272727,2.857142857142857,2.0108881121079882
632,170112,"Potatoes, baked, flesh, with salt",Vegetables and Vegetable Products,0.5263157894736842,0.0,0.0,3.625,3.3214285714285716,6.0,2.5714285714285716,6.142857142857142,1.9444444444444444,5.7142857142857135,4.322344322344321,5.666666666666666,7.142857142857143,2.9523809523809526,7.548701298701299,0.4,0.25,11.100000000000001,4.971428571428571,9.090909090909092,11.17142857142857,3.3734939759036147,1.3125,0.42857142857142855,10.041666666666666,9.374999999999998,6.761904761904761,0.09183673469387757,10.714285714285714,6.043956043956043,0.0,17.705882352941174,11.636363636363637,0.42857142857142855,1.6198820903092124
633,170113,"Potatoes, baked, skin only, with salt",Vegetables and Vegetable Products,3.5789473684210527,0.06666666666666667,0.0,7.75,7.071428571428571,31.6,6.285714285714286,,39.111111111111114,,,,12.285714285714286,,16.585497835497836,0.4,0.25,17.14,,18.363636363636363,16.37142857142857,7.38382099827883,6.624999999999999,1.0,10.708333333333334,10.89285714285714,,0.09183673469387757,,,0.13333333333333333,36.11764705882353,12.272727272727273,2.4285714285714284,2.737042152591428
634,170114,"Potatoes, boiled, cooked in skin, flesh, with salt",Vegetables and Vegetable Products,0.5263157894736842,0.022222222222222223,0.0,3.375,3.107142857142857,8.0,2.857142857142857,5.857142857142858,1.7222222222222223,5.428571428571428,4.102564102564102,5.428571428571429,6.285714285714286,2.857142857142857,7.786796536796537,0.4,0.25,10.4,4.742857142857143,8.0,10.82857142857143,3.2185886402753874,1.25,0.42857142857142855,10.0,9.464285714285714,6.476190476190476,0.09183673469387757,10.357142857142858,5.769230769230768,0.0,17.588235294117645,11.818181818181818,3.1428571428571432,1.6757400934233233
635,170115,"Potatoes, microwaved, cooked, in skin, skin with salt",Vegetables and Vegetable Products,4.842105263157895,,0.0,,4.714285714285714,22.0,4.857142857142857,,33.0,,,,10.571428571428571,,12.012987012987015,0.4,0.25,11.879999999999999,,14.909090909090908,18.571428571428573,7.555938037865748,4.6875,0.7142857142857143,10.5,6.3392857142857135,,0.09183673469387757,,,0.0,28.94117647058824,13.909090909090908,,2.8487581588196496
636,170116,"Potatoes, frozen, whole, cooked, boiled, drained, with salt",Vegetables and Vegetable Products,0.7368421052631579,,0.0,,2.25,5.6,2.2857142857142856,6.142857142857142,4.666666666666667,5.7142857142857135,4.358974358974358,5.714285714285714,3.142857142857143,2.9523809523809526,7.175324675324675,0.525,0.325,5.6000000000000005,5.028571428571428,4.7272727272727275,8.2,3.4079173838209984,1.5625,0.2857142857142857,10.666666666666666,9.107142857142856,6.857142857142856,0.11938775510204083,11.071428571428571,6.098901098901098,0.0,11.882352941176473,8.545454545454545,,1.3964500778527695
637,170119,"Pumpkin, flowers, cooked, boiled, drained, with salt",Vegetables and Vegetable Products,3.8947368421052633,11.555555555555555,0.0,3.35,0.5357142857142857,3.6,11.714285714285714,,4.888888888888889,,,,7.142857142857143,,1.6774891774891774,0.025,0.05,,,6.181818181818182,3.0285714285714285,1.8760757314974186,2.0,1.2857142857142858,10.083333333333334,1.6071428571428568,,0.07346938775510205,,,11.6,2.9411764705882355,4.545454545454546,0.0,0.5585800311411078
638,170120,"Pumpkin leaves, cooked, boiled, drained, with salt",Vegetables and Vegetable Products,4.526315789473684,10.666666666666666,0.0,,0.75,10.8,7.142857142857143,6.285714285714285,17.77777777777778,9.642857142857142,10.036630036630036,8.238095238095237,10.857142857142858,4.476190476190476,4.5995670995671,0.0625,0.15,0.8400000000000001,8.457142857142856,14.363636363636363,12.514285714285714,4.6815834767642,8.5,1.2857142857142858,10.166666666666666,6.071428571428571,12.857142857142856,0.20204081632653065,12.5,8.626373626373624,10.666666666666666,11.529411764705884,0.9090909090909091,154.28571428571428,1.1171600622822155
639,170121,"Purslane, cooked, boiled, drained, with salt",Vegetables and Vegetable Products,8.210526315789474,,0.0,,0.6428571428571429,,2.5714285714285716,3.285714285714285,4.277777777777778,3.785714285714285,3.3333333333333326,3.095238095238095,19.142857142857142,1.3333333333333335,2.489177489177489,,,0.72,3.314285714285714,6.7272727272727275,13.942857142857143,2.564543889845095,5.625,1.2857142857142858,11.666666666666666,2.767857142857143,4.761904761904762,0.17448979591836739,5.714285714285714,3.956043956043955,12.4,4.11764705882353,9.545454545454545,,0.9495860529398833
640,170122,"Radishes, oriental, cooked, boiled, drained, with salt",Vegetables and Vegetable Products,1.7894736842105263,0.0,0.0,1.7,0.6071428571428571,6.4,4.857142857142857,1.857142857142857,0.8333333333333334,2.0714285714285716,1.282051282051282,1.5714285714285714,2.5714285714285716,0.5714285714285714,0.8116883116883117,0.4875,1.725,2.2800000000000002,1.257142857142857,4.363636363636363,8.142857142857142,1.1531841652323582,1.4374999999999998,1.0,10.375,0.0,2.666666666666667,0.22040816326530616,1.4285714285714286,1.703296703296703,0.0,2.235294117647059,13.727272727272727,0.42857142857142855,0.7261540404834401
641,170124,"Spinach, frozen, chopped or leaf, cooked, boiled, drained, with salt",Vegetables and Vegetable Products,16.105263157894736,80.41111111111111,0.0,6.2,1.2142857142857142,14.8,34.57142857142857,7.0,10.88888888888889,9.142857142857142,7.509157509157508,12.19047619047619,23.428571428571427,5.0476190476190474,2.3755411255411256,0.0,2.15,1.5,12.057142857142855,9.090909090909092,8.628571428571428,6.901893287435457,10.999999999999998,7.857142857142857,13.416666666666666,6.9642857142857135,20.952380952380953,0.7989795918367348,36.07142857142858,9.945054945054942,80.4,8.000000000000002,2.0000000000000004,772.4285714285716,2.737042152591428
642,170125,"Squash, summer, all varieties, cooked, boiled, drained, with salt",Vegetables and Vegetable Products,2.8421052631578947,1.4111111111111112,0.0,1.975,0.7142857142857143,5.6,5.714285714285714,2.8571428571428568,2.0,2.357142857142857,1.941391941391941,2.380952380952381,6.857142857142857,1.2380952380952381,2.775974025974026,0.6125,2.0500000000000003,2.74,1.8285714285714285,7.090909090909091,5.485714285714286,1.566265060240964,2.5625,0.2857142857142857,9.875,3.928571428571428,2.095238095238095,0.28469387755102044,2.857142857142857,2.2527472527472527,1.4666666666666666,3.823529411764706,5.0,5.0,2.1784621214503206
643,170126,"Squash, summer, crookneck and straightneck, cooked, boiled, drained, with salt",Vegetables and Vegetable Products,2.3157894736842106,7.444444444444445,0.0,1.975,0.6785714285714286,4.4,6.571428571428571,2.8571428571428568,2.0555555555555554,2.357142857142857,1.941391941391941,2.380952380952381,4.571428571428571,1.2380952380952381,2.7435064935064934,0.6125,2.0500000000000003,6.460000000000001,1.8285714285714285,5.2727272727272725,5.057142857142857,1.7900172117039588,1.5625,0.2857142857142857,9.875,3.839285714285714,2.095238095238095,0.3581632653061225,2.857142857142857,2.2527472527472527,7.466666666666667,4.588235294117647,10.545454545454545,6.2857142857142865,1.2288760685104372
644,170127,"Squash, winter, all varieties, cooked, baked, with salt",Vegetables and Vegetable Products,2.3157894736842106,31.033333333333335,0.0,2.65,1.3214285714285714,11.2,5.714285714285714,2.4285714285714284,2.4444444444444446,2.5,1.8315018315018312,1.5714285714285714,3.7142857142857144,1.0476190476190474,2.6785714285714284,0.6875,2.3,4.680000000000001,2.0,3.4545454545454546,6.885714285714286,1.5318416523235803,4.1875,0.5714285714285714,9.875,1.4285714285714286,2.5714285714285716,0.32142857142857145,4.642857142857142,2.0879120879120876,34.8,9.47058823529412,1.6363636363636365,6.2857142857142865,1.2288760685104372
645,170128,"Squash, winter, acorn, cooked, baked, with salt",Vegetables and Vegetable Products,4.631578947368421,,0.0,,2.0,17.6,5.428571428571429,3.0,5.166666666666667,3.1428571428571423,2.344322344322344,1.9523809523809526,12.285714285714286,1.3333333333333335,4.767316017316017,0.27499999999999997,0.9249999999999999,10.08,2.514285714285714,8.181818181818182,12.485714285714286,1.9277108433734944,0.8125,1.0,10.0,14.910714285714283,3.142857142857143,0.12857142857142861,5.714285714285714,2.637362637362637,2.8,11.411764705882355,9.818181818181818,,0.9495860529398833
646,170129,"Squash, winter, acorn, cooked, boiled, mashed, with salt",Vegetables and Vegetable Products,2.736842105263158,,0.0,,1.2142857142857142,10.4,3.142857142857143,1.857142857142857,3.1111111111111116,1.857142857142857,1.3919413919413917,1.1904761904761905,7.428571428571429,0.7619047619047619,2.8733766233766236,0.1625,0.5499999999999999,6.0600000000000005,1.4857142857142855,4.909090909090909,7.514285714285714,1.1531841652323582,0.5,0.5714285714285714,9.958333333333334,8.928571428571427,1.9047619047619047,0.07346938775510205,3.571428571428571,1.5934065934065933,1.7333333333333334,6.882352941176471,5.909090909090909,,0.6144380342552186
647,170131,"Succotash, (corn and limas), frozen, cooked, boiled, drained, with salt",Vegetables and Vegetable Products,1.5789473684210527,0.9111111111111111,0.0,7.275,3.3214285714285716,16.4,9.428571428571429,19.57142857142857,4.944444444444445,17.357142857142858,13.88278388278388,12.0,6.571428571428571,5.523809523809525,7.067099567099566,4.5125,1.675,4.640000000000001,11.885714285714284,12.727272727272727,7.571428571428571,7.418244406196213,4.25,0.8571428571428571,11.708333333333334,6.607142857142856,17.047619047619044,0.8173469387755103,17.142857142857142,14.395604395604394,1.3333333333333333,5.588235294117648,5.363636363636363,3.857142857142857,2.513610140134985
648,170132,"Water convolvulus, cooked, boiled, drained, with salt",Vegetables and Vegetable Products,5.684210526315789,,0.0,,0.7142857142857143,7.6,10.0,5.285714285714285,7.333333333333333,5.928571428571429,4.249084249084249,4.142857142857142,8.571428571428571,3.3333333333333335,2.7056277056277054,,,2.52,5.828571428571427,7.636363636363637,8.114285714285714,3.5800344234079176,5.0,1.2857142857142858,14.916666666666666,4.4642857142857135,10.666666666666668,0.22040816326530616,,5.934065934065933,34.666666666666664,4.764705882352941,14.545454545454545,,0.8937280498257725
649,170133,"Sweet potato leaves, cooked, steamed, with salt",Vegetables and Vegetable Products,3.473684210526316,19.166666666666668,0.0,5.25,1.25,7.6,14.0,,3.5,,,6.285714285714286,13.714285714285714,4.761904761904762,5.427489177489177,1.4125,0.525,4.0,,7.2727272727272725,8.914285714285715,3.752151462994837,16.6875,1.2857142857142858,10.375,10.0,,0.3122448979591837,7.142857142857142,,19.6,9.411764705882353,1.3636363636363635,155.14285714285714,1.4523080809668802
650,170134,"Sweet potato, cooked, baked in skin, flesh, with salt",Vegetables and Vegetable Products,4.0,,0.0,3.275,3.2142857142857144,13.2,1.7142857142857142,5.571428571428571,3.8333333333333335,5.0,4.322344322344321,4.0,7.714285714285714,3.5238095238095233,8.046536796536797,1.125,0.15,17.68,6.514285714285713,9.818181818181818,13.571428571428571,3.459552495697074,6.624999999999999,0.2857142857142857,10.25,9.553571428571427,10.19047619047619,0.13775510204081634,14.285714285714285,6.043956043956043,,16.823529411764707,17.81818181818182,3.285714285714285,1.787456099651545
651,170135,"Taro, shoots, cooked, with salt",Vegetables and Vegetable Products,1.4736842105263157,,0.0,,0.5,,0.8571428571428571,,2.2777777777777777,,,,2.2857142857142856,,4.383116883116883,0.2875,0.25,1.52,,4.7272727272727275,9.82857142857143,1.2564543889845097,3.3124999999999996,1.4285714285714286,9.916666666666666,3.3928571428571423,,0.07346938775510205,,,0.4,6.588235294117648,17.18181818181818,,3.016332168161982
652,170136,"Taro, tahitian, cooked, with salt",Vegetables and Vegetable Products,15.68421052631579,,0.0,,1.5714285714285714,,2.0,,8.666666666666666,,,,14.571428571428571,,2.5974025974025974,2.45,2.125,2.52,,12.181818181818182,17.8,7.160068846815835,12.375,1.1428571428571428,12.083333333333334,3.928571428571428,,0.6244897959183674,,,11.733333333333333,6.882352941176471,34.54545454545455,,0.5585800311411078
653,170137,"Tomatoes, red, ripe, cooked, with salt",Vegetables and Vegetable Products,1.1578947368421053,3.2555555555555555,0.0,,0.6428571428571429,2.8,3.7142857142857144,2.2857142857142856,3.7777777777777777,1.857142857142857,1.4285714285714284,1.857142857142857,2.5714285714285716,0.857142857142857,2.878787878787879,0.525,0.05,2.58,1.5999999999999999,5.090909090909091,6.228571428571429,1.6351118760757317,1.3749999999999998,,10.291666666666666,3.2142857142857135,2.5714285714285716,0.10102040816326532,2.857142857142857,1.4835164835164834,3.2,4.647058823529412,20.727272727272727,4.0,0.782012043597551
654,170139,"Turnip greens, cooked, boiled, drained, with salt",Vegetables and Vegetable Products,14.421052631578947,50.833333333333336,0.0,,0.7142857142857143,14.0,33.714285714285715,4.0,4.444444444444445,4.2142857142857135,3.8461538461538454,3.5238095238095233,6.285714285714286,2.4761904761904763,2.224025974025974,0.35000000000000003,1.6,5.48,4.0,5.2727272727272725,5.8,1.9621342512908777,4.499999999999999,1.2857142857142858,11.041666666666666,4.017857142857142,6.0,0.2112244897959184,7.142857142857142,4.285714285714285,50.8,10.588235294117647,24.90909090909091,525.1428571428571,0.782012043597551
655,170140,"Turnip greens, frozen, cooked, boiled, drained, with salt",Vegetables and Vegetable Products,16.0,71.76666666666667,0.0,0.125,1.0357142857142858,13.6,11.142857142857142,11.57142857142857,10.777777777777779,12.357142857142854,11.245421245421243,10.380952380952381,7.428571428571429,7.238095238095237,2.5324675324675328,0.6375,2.9749999999999996,1.3800000000000001,11.771428571428569,6.181818181818182,6.4,5.765920826161791,4.624999999999999,1.7142857142857142,10.458333333333334,4.821428571428571,17.523809523809522,0.3857142857142858,20.714285714285715,12.527472527472526,71.73333333333333,3.9411764705882355,19.818181818181817,741.2857142857143,2.290178127678542
656,170141,"Turnip greens and turnips, frozen, cooked, boiled, drained, with salt",Vegetables and Vegetable Products,13.473684210526315,57.41111111111111,0.0,0.525,1.2142857142857142,12.4,9.428571428571429,10.0,9.722222222222221,10.785714285714285,9.413919413919412,8.904761904761903,6.857142857142857,6.19047619047619,2.6298701298701297,0.575,2.85,1.6600000000000001,9.77142857142857,5.818181818181818,6.171428571428572,5.146299483648882,4.0625,1.5714285714285716,10.625,4.4642857142857135,14.857142857142856,0.34897959183673477,17.5,10.604395604395602,57.46666666666667,3.9411764705882355,16.545454545454547,593.0,2.0667461152220987
657,170142,"Vegetables, mixed, frozen, cooked, boiled, drained, with salt",Vegetables and Vegetable Products,2.6315789473684212,23.133333333333333,0.0,6.025,2.142857142857143,17.6,5.428571428571429,10.428571428571427,4.555555555555555,9.928571428571429,6.959706959706959,8.095238095238095,6.285714285714286,3.238095238095238,4.604978354978354,0.6625,0.475,3.02,6.857142857142856,9.272727272727273,4.828571428571428,4.922547332185887,7.5,0.42857142857142855,11.291666666666666,6.3392857142857135,10.952380952380953,0.13775510204081634,10.357142857142858,8.186813186813184,28.533333333333335,4.352941176470588,2.909090909090909,33.57142857142857,2.737042152591428
658,170143,"Mushrooms, portabella, exposed to ultraviolet light, raw",Vegetables and Vegetable Products,0.3157894736842105,0.0,0.0,5.3,0.7857142857142857,5.2,8.0,9.571428571428571,1.7222222222222223,7.071428571428571,5.604395604395603,12.0,2.857142857142857,4.571428571428571,24.318181818181817,,,22.799999999999997,5.542857142857143,19.636363636363637,10.4,3.6316695352839936,8.125,26.571428571428573,0.375,5.2678571428571415,10.761904761904763,0.32142857142857145,20.0,6.3186813186813175,0.0,8.705882352941176,0.0,0.0,2.9604741650478714
659,170144,"Seeds, breadfruit seeds, raw",Nut and Seed Products,3.789473684210526,,0.0,,6.821428571428571,20.8,15.142857142857142,29.571428571428566,20.38888888888889,31.64285714285714,20.622710622710617,27.14285714285714,15.428571428571429,9.142857142857142,2.37012987012987,28.625,17.175,17.54,45.54285714285714,31.818181818181817,26.885714285714286,12.736660929432015,18.812499999999996,,1.0416666666666667,43.03571428571428,36.666666666666664,5.133673469387756,43.92857142857142,29.39560439560439,1.7333333333333334,18.823529411764707,6.0,,5.02722028026997
660,170145,"Seeds, breadfruit seeds, boiled",Nut and Seed Products,6.421052631578948,,0.0,,6.0,19.2,14.0,21.14285714285714,3.3333333333333335,22.64285714285714,14.761904761904761,19.428571428571427,14.285714285714286,6.571428571428571,28.67965367965368,11.774999999999999,7.074999999999999,16.32,32.62857142857142,22.545454545454547,25.0,9.122203098106713,10.625,,0.9583333333333334,25.89285714285714,26.285714285714285,2.112244897959184,31.428571428571423,21.04395604395604,1.6,17.52941176470588,5.545454545454546,,4.6362142584711945
661,170148,"Seeds, hemp seed, hulled",Nut and Seed Products,7.368421052631579,0.07777777777777778,0.0,,19.75,16.0,31.428571428571427,138.42857142857142,44.166666666666664,91.85714285714285,79.23076923076921,60.761904761904766,200.0,88.85714285714286,49.78354978354977,343.2375,250.59999999999997,,82.68571428571428,300.0,34.285714285714285,54.32013769363167,17.812499999999996,,0.20833333333333334,113.8392857142857,120.85714285714285,44.770408163265316,131.78571428571428,97.63736263736261,0.13333333333333333,35.294117647058826,0.45454545454545453,,55.299423082969675
662,170149,"Seeds, lotus seeds, dried",Nut and Seed Products,17.157894736842106,,0.0,,11.857142857142858,,29.714285714285715,61.42857142857142,19.61111111111111,54.64285714285714,44.505494505494504,46.904761904761905,60.0,25.42857142857143,8.658008658008658,13.3,2.55,17.02,43.82857142857142,113.81818181818181,39.08571428571429,26.523235800344235,9.375,,0.20833333333333334,57.14285714285714,71.14285714285714,1.809183673469388,78.92857142857143,54.45054945054944,0.4,37.0,0.0,,5.8650903269816315
663,170150,"Seeds, sesame seeds, whole, dried",Nut and Seed Products,102.63157894736842,0.05555555555555555,0.0,6.4,20.464285714285715,47.2,27.714285714285715,74.57142857142857,80.83333333333333,54.49999999999999,49.74358974358974,27.09523809523809,100.28571428571429,55.8095238095238,24.43181818181818,267.1875,9.4,1.0,53.71428571428571,114.36363636363636,13.371428571428572,30.51635111876076,15.437499999999998,49.142857142857146,0.4583333333333333,70.625,70.09523809523809,45.615306122448985,138.57142857142858,54.39560439560439,0.0,46.470588235294116,0.0,0.0,43.289952413435856
664,170151,"Seeds, sesame seeds, whole, roasted and toasted",Nut and Seed Products,104.10526315789474,,0.0,,20.178571428571427,56.0,28.0,71.28571428571428,82.0,52.14285714285714,47.58241758241758,25.904761904761905,101.71428571428571,53.333333333333336,24.78896103896104,258.175,9.075,1.02,51.37142857142857,116.0,13.571428571428571,29.191049913941484,15.6875,49.142857142857146,0.4583333333333333,71.69642857142857,67.04761904761904,44.081632653061234,132.5,52.032967032967015,0.0,47.1764705882353,0.0,,39.994330229703316
665,170152,"Seeds, sesame seed kernels, toasted, without salt added (decorticated)",Nut and Seed Products,13.789473684210526,0.4444444444444444,0.0,6.4,20.25,67.6,27.428571428571427,71.28571428571428,43.22222222222222,52.14285714285714,47.58241758241758,25.904761904761905,98.85714285714286,53.333333333333336,29.426406926406923,258.175,9.075,13.6,51.37142857142857,140.72727272727272,11.6,29.191049913941484,29.125,49.142857142857146,1.625,107.58928571428571,67.04761904761904,44.081632653061234,132.5,52.032967032967015,0.4,8.588235294117647,0.0,0.0,57.14273718573533
666,170153,"Seeds, sesame flour, partially defatted",Nut and Seed Products,15.789473684210526,,0.0,,13.642857142857142,,8.285714285714286,169.57142857142856,79.44444444444444,123.85714285714285,113.1135531135531,61.57142857142856,103.42857142857143,126.76190476190474,68.18181818181819,62.737500000000004,2.1999999999999997,55.2,122.17142857142855,147.27272727272728,12.142857142857142,69.3975903614458,16.875,,1.7083333333333333,225.89285714285708,159.42857142857142,10.919387755102042,315.0,123.73626373626371,0.4,8.941176470588236,0.0,,59.768063332098535
667,170154,"Seeds, sunflower seed kernels, toasted, without salt",Nut and Seed Products,6.0,,0.0,,22.107142857142858,46.0,68.0,68.14285714285712,37.833333333333336,61.49999999999999,45.93406593406593,33.71428571428571,36.857142857142854,35.61904761904761,22.71645021645022,467.375,1.975,141.12,50.45714285714285,210.54545454545453,14.028571428571428,29.621342512908782,17.812499999999996,,0.125,29.01785714285714,66.85714285714285,52.163265306122454,93.92857142857142,54.61538461538461,0.0,47.35294117647059,1.2727272727272727,,29.60474165047871
668,170155,"Seeds, sunflower seed butter, without salt",Nut and Seed Products,6.7368421052631575,,0.0,,22.035714285714285,22.8,67.71428571428571,70.28571428571428,22.88888888888889,60.14285714285714,48.16849816849816,25.333333333333332,88.85714285714286,41.42857142857142,36.50974025974026,121.7,1.25,23.34,53.828571428571415,121.0909090909091,16.457142857142856,29.741824440619624,10.1875,149.14285714285714,0.125,4.732142857142857,68.85714285714285,50.693877551020414,101.78571428571426,55.05494505494505,,32.352941176470594,2.4545454545454546,,27.314563522800167
669,170156,"Seeds, sunflower seed flour, partially defatted",Nut and Seed Products,12.0,,0.0,,11.642857142857142,20.8,63.42857142857143,190.4285714285714,36.77777777777778,171.64285714285714,128.20512820512818,94.14285714285715,98.85714285714286,99.33333333333333,39.57251082251082,10.85,0.05,131.9,140.9142857142857,125.27272727272727,1.9142857142857144,82.71944922547333,16.625,83.14285714285714,0.125,284.5535714285714,186.57142857142856,1.4785714285714289,262.5,152.47252747252745,0.26666666666666666,44.294117647058826,1.1818181818181819,,27.649711541484837
670,170157,"Nuts, acorns, raw",Nut and Seed Products,4.315789473684211,,0.0,,13.821428571428571,,24.857142857142858,24.285714285714285,4.388888888888889,20.357142857142854,17.91208791208791,18.285714285714285,17.714285714285715,9.809523809523808,9.886363636363635,57.45,,14.3,15.37142857142857,14.363636363636363,15.4,10.585197934595525,7.374999999999999,,0.0,10.0,22.476190476190474,21.912244897959187,26.428571428571423,18.956043956043953,0.26666666666666666,31.058823529411768,0.0,,2.8487581588196496
671,170158,"Nuts, almonds, dry roasted, without salt added",Nut and Seed Products,28.210526315789473,0.011111111111111112,0.0,13.025,21.357142857142858,43.6,15.714285714285714,76.28571428571429,20.72222222222222,53.21428571428571,53.516483516483504,26.809523809523807,79.71428571428571,14.761904761904761,19.68073593073593,161.8125,0.25,6.42,64.11428571428571,85.63636363636364,20.37142857142857,36.075731497418246,74.8125,2.857142857142857,0.125,6.874999999999999,56.666666666666664,48.25102040816327,74.64285714285712,46.593406593406584,0.0,8.000000000000002,0.0,0.0,18.488999030770668
672,170159,"Nuts, almonds, oil roasted, without salt added",Nut and Seed Products,30.63157894736842,0.011111111111111112,0.0,13.025,21.678571428571427,42.0,7.714285714285714,84.57142857142856,20.444444444444443,49.35714285714285,53.73626373626374,28.57142857142857,78.28571428571429,17.904761904761905,19.83225108225108,168.9875,0.0,4.58,65.48571428571428,84.72727272727273,19.97142857142857,36.54044750430293,48.8125,5.857142857142857,0.041666666666666664,8.214285714285714,64.47619047619048,50.66632653061225,68.57142857142857,43.84615384615385,0.0,6.941176470588235,0.0,0.0,17.14840695603201
673,170160,"Nuts, almond paste",Nut and Seed Products,18.105263157894736,0.0,0.0,7.125,16.357142857142858,19.2,20.857142857142858,,8.88888888888889,,,,37.142857142857146,,7.694805194805194,69.69999999999999,4.9750000000000005,2.2600000000000002,,46.90909090909091,8.971428571428572,15.490533562822721,25.874999999999996,6.0,0.375,7.321428571428572,,25.475510204081637,,,0.0,2.1176470588235294,0.09090909090909091,0.0,8.266984460888395
674,170161,"Nuts, beechnuts, dried",Nut and Seed Products,0.10526315789473684,,0.0,,20.571428571428573,,32.285714285714285,24.57142857142857,13.666666666666666,17.5,13.443223443223442,17.476190476190478,0.0,13.904761904761903,4.745670995670996,229.875,42.5,18.5,14.971428571428572,0.0,29.057142857142857,10.671256454388985,23.1875,,1.5833333333333333,27.14285714285714,21.047619047619047,45.91836734693878,24.642857142857142,19.010989010989004,0.0,40.235294117647065,14.090909090909092,,2.0108881121079882
675,170162,"Nuts, cashew nuts, raw",Nut and Seed Products,3.8947368421052633,0.0,0.0,,19.75,13.2,7.142857142857143,65.14285714285714,37.111111111111114,56.357142857142854,53.919413919413905,44.1904761904762,83.42857142857143,34.47619047619047,5.746753246753247,97.275,1.55,17.28,54.342857142857135,107.81818181818181,18.857142857142858,31.359724612736663,3.6250000000000004,28.428571428571427,0.5,37.76785714285714,65.52380952380952,40.270408163265316,102.49999999999999,60.1098901098901,0.0,24.52941176470588,0.45454545454545453,48.714285714285715,32.28592579995603
676,170163,"Nuts, cashew butter, plain, without salt added",Nut and Seed Products,4.526315789473684,,0.0,,20.964285714285715,8.0,19.428571428571427,65.28571428571428,27.944444444444443,59.85714285714285,54.02930402930402,44.666666666666664,73.71428571428571,30.0,8.652597402597403,102.075,4.275,24.020000000000003,51.88571428571428,83.0909090909091,15.6,30.223752151462993,11.687499999999998,16.428571428571427,0.625,27.857142857142854,64.66666666666667,45.376530612244906,97.14285714285714,65.54945054945054,0.0,14.823529411764707,0.0,,28.82272960688116
677,170164,"Nuts, chestnuts, chinese, raw",Nut and Seed Products,1.894736842105263,,0.0,,8.0,,19.428571428571427,17.285714285714285,7.833333333333333,11.214285714285714,9.487179487179487,10.857142857142858,24.0,9.61904761904762,4.329004329004329,3.225,0.7000000000000001,11.100000000000001,10.857142857142856,17.454545454545453,12.771428571428572,7.2289156626506035,11.25,,0.125,14.285714285714285,15.904761904761903,1.0193877551020412,17.5,12.087912087912086,1.3333333333333333,24.11764705882353,32.72727272727273,,4.859646270927637
678,170165,"Nuts, chestnuts, chinese, dried",Nut and Seed Products,3.0526315789473686,,0.0,,12.964285714285714,,31.428571428571427,28.14285714285714,12.722222222222221,18.21428571428571,15.42124542124542,17.666666666666668,39.142857142857146,15.714285714285714,7.034632034632034,5.2375,1.125,18.04,17.657142857142855,28.181818181818183,20.742857142857144,11.738382099827884,18.312499999999996,,0.20833333333333334,23.21428571428571,25.904761904761905,1.662244897959184,28.57142857142857,19.670329670329664,2.1333333333333333,39.1764705882353,53.18181818181818,,7.87597843908962
679,170166,"Nuts, chestnuts, chinese, boiled and steamed",Nut and Seed Products,1.263157894736842,,0.0,,5.464285714285714,,13.142857142857142,11.857142857142858,5.388888888888889,7.714285714285714,6.520146520146519,7.428571428571428,16.571428571428573,6.666666666666667,2.9653679653679657,2.2125,0.475,7.62,7.428571428571428,12.0,8.742857142857142,4.95697074010327,7.6875,,0.08333333333333333,9.821428571428571,10.952380952380953,0.6979591836734695,12.142857142857142,8.296703296703296,0.9333333333333333,16.529411764705884,22.454545454545453,,3.3514801868466466
680,170167,"Nuts, chestnuts, european, dried, peeled",Nut and Seed Products,6.7368421052631575,,0.0,,13.178571428571429,,31.428571428571427,19.857142857142858,13.277777777777779,14.142857142857142,10.879120879120878,14.142857142857142,21.142857142857142,11.238095238095237,4.62121212121212,17.2625,4.125,18.020000000000003,12.114285714285712,24.90909090909091,28.314285714285713,8.623063683304649,3.375,,1.5416666666666667,31.607142857142854,17.047619047619044,3.590816326530613,20.0,15.384615384615385,0.0,39.1764705882353,13.727272727272727,,1.9550301089938773
681,170168,"Nuts, chestnuts, european, boiled and steamed",Nut and Seed Products,4.842105263157895,,0.0,,4.678571428571429,,10.857142857142858,7.857142857142857,9.61111111111111,5.642857142857142,4.322344322344321,5.619047619047619,15.428571428571429,4.476190476190476,3.9556277056277054,6.0874999999999995,1.4500000000000002,6.32,4.8,18.0,20.428571428571427,3.4423407917383826,6.5,,1.125,13.214285714285712,6.761904761904761,1.2673469387755103,7.857142857142856,6.153846153846153,0.13333333333333333,13.705882352941178,24.272727272727273,,1.3964500778527695
682,170169,"Nuts, coconut meat, raw",Nut and Seed Products,1.4736842105263157,0.0,0.0,3.025,12.642857142857142,36.0,7.428571428571429,11.0,13.500000000000002,9.357142857142858,9.047619047619046,6.999999999999999,9.142857142857142,5.904761904761905,2.922077922077922,4.575,0.0,6.0,9.657142857142857,20.545454545454547,10.17142857142857,5.731497418244407,1.25,14.428571428571429,0.8333333333333334,5.892857142857142,11.523809523809524,30.756122448979596,13.928571428571427,11.098901098901099,0.0,3.1764705882352944,3.0,0.2857142857142857,6.144380342552187
683,170170,"Nuts, coconut meat, dried (desiccated), not sweetened",Nut and Seed Products,2.736842105263158,0.0,0.0,5.525,23.571428571428573,65.2,2.5714285714285716,22.57142857142857,18.444444444444443,19.285714285714285,18.717948717948715,14.476190476190474,25.714285714285715,12.285714285714285,3.2629870129870127,8.825,0.0,16.0,19.94285714285714,37.45454545454545,15.514285714285714,11.841652323580035,6.25,26.428571428571427,1.5416666666666667,5.357142857142857,23.904761904761905,59.26224489795919,28.928571428571423,22.912087912087905,0.0,17.647058823529413,1.3636363636363635,0.42857142857142855,11.227458625936265
684,170171,"Nuts, coconut cream, canned, sweetened",Nut and Seed Products,0.42105263157894735,0.0,0.0,1.65,12.75,0.8,4.0,3.857142857142857,0.7222222222222222,3.285714285714285,3.186813186813186,2.4761904761904763,4.857142857142857,2.095238095238095,0.2056277056277056,1.9875,0.0,3.2600000000000002,3.428571428571428,4.0,2.8857142857142857,2.0137693631669538,2.5,7.857142857142857,1.5,1.964285714285714,4.095238095238095,14.97857142857143,4.642857142857142,3.9010989010989,0.0,1.7058823529411766,0.0,0.14285714285714285,3.3514801868466466
685,170172,"Nuts, coconut milk, raw (liquid expressed from grated meat and water)",Nut and Seed Products,1.6842105263157894,0.0,0.0,2.125,8.214285714285714,8.8,4.571428571428571,7.57142857142857,9.11111111111111,6.428571428571428,6.227106227106226,4.80952380952381,10.571428571428571,4.095238095238095,4.112554112554112,3.2625,0.0,3.66,6.628571428571428,18.181818181818183,7.514285714285714,3.9414802065404477,0.0,8.857142857142858,0.625,2.321428571428571,7.904761904761905,21.893877551020413,9.642857142857142,7.637362637362638,0.0,1.9411764705882355,2.5454545454545454,0.14285714285714285,3.7424862086454223
686,170173,"Nuts, coconut milk, canned (liquid expressed from grated meat and water)",Nut and Seed Products,1.894736842105263,,0.0,2.125,7.035714285714286,,4.0,6.57142857142857,18.333333333333332,5.642857142857142,5.494505494505494,4.238095238095238,13.142857142857142,3.6190476190476186,3.4469696969696972,2.9125,,3.0599999999999996,5.828571428571427,17.454545454545453,6.285714285714286,3.4767641996557663,0.0,,0.5416666666666666,1.964285714285714,7.047619047619047,19.588775510204083,8.571428571428571,6.703296703296702,0.0,1.647058823529412,0.9090909090909091,,3.128048174390204
687,170174,"Nuts, coconut water (liquid from coconuts)",Nut and Seed Products,2.526315789473684,0.0,0.0,0.275,0.6785714285714286,4.4,0.8571428571428571,2.4285714285714284,1.611111111111111,2.0,1.941391941391941,1.5238095238095237,7.142857142857143,1.2380952380952381,0.4329004329004329,0.025,0.0,0.86,2.114285714285714,3.6363636363636362,7.142857142857143,1.2392426850258176,3.5625,1.4285714285714286,4.375,2.6785714285714284,2.4761904761904763,0.18367346938775514,2.857142857142857,2.417582417582417,0.0,1.8823529411764708,2.1818181818181817,0.0,0.5585800311411078
688,170175,"Nuts, ginkgo nuts, dried",Nut and Seed Products,2.1052631578947367,,0.0,,12.428571428571429,,30.285714285714285,34.857142857142854,8.88888888888889,35.71428571428571,27.65567765567765,23.523809523809522,15.142857142857142,12.666666666666666,63.48484848484847,8.625,0.625,26.9,23.31428571428571,48.90909090909091,28.514285714285716,17.81411359724613,10.999999999999998,,0.5416666666666666,38.39285714285714,60.95238095238095,1.8367346938775513,60.71428571428571,37.1978021978022,7.333333333333333,37.705882352941174,26.636363636363637,,3.7424862086454223
689,170176,"Nuts, ginkgo nuts, canned",Nut and Seed Products,0.42105263157894735,,0.0,,3.9642857142857144,37.2,9.428571428571429,7.714285714285714,1.611111111111111,7.928571428571428,6.153846153846153,5.238095238095238,4.571428571428571,2.7619047619047623,19.604978354978353,6.987500000000001,0.525,1.9400000000000002,5.142857142857142,9.818181818181818,5.142857142857143,3.9414802065404477,3.375,0.7142857142857143,12.791666666666666,11.875,13.523809523809522,1.4877551020408166,13.57142857142857,8.241758241758241,2.2666666666666666,11.647058823529413,8.272727272727273,,1.1730180653963265
690,170177,"Nuts, hickorynuts, dried",Nut and Seed Products,6.421052631578948,,0.0,,23.464285714285715,25.6,11.428571428571429,55.57142857142856,11.777777777777779,41.14285714285713,37.619047619047606,23.666666666666668,49.42857142857143,28.57142857142857,4.908008658008658,257.7875,26.174999999999997,34.92,40.74285714285713,61.09090909090909,12.457142857142857,21.893287435456113,8.1875,11.571428571428571,0.041666666666666664,77.41071428571428,40.19047619047618,59.11530612244899,49.642857142857146,40.1098901098901,0.9333333333333333,11.294117647058824,1.8181818181818181,,24.07479934218174
691,170178,"Nuts, macadamia nuts, raw",Nut and Seed Products,8.947368421052632,,0.0,,25.642857142857142,34.4,3.142857142857143,27.857142857142854,20.5,22.428571428571427,22.051282051282048,0.857142857142857,37.142857142857146,2.1904761904761902,13.38203463203463,16.2,5.1499999999999995,15.16,37.99999999999999,34.18181818181818,10.514285714285714,13.614457831325302,10.124999999999998,5.142857142857143,0.20833333333333334,106.69642857142856,35.238095238095234,69.58469387755103,23.928571428571427,19.94505494505494,0.0,16.176470588235297,1.0909090909090908,,7.261540404834402
692,170179,"Nuts, macadamia nuts, dry roasted, without salt added",Nut and Seed Products,7.368421052631579,0.0,0.0,11.15,25.642857142857142,32.0,2.857142857142857,27.428571428571423,14.722222222222221,22.07142857142857,21.68498168498168,0.857142857142857,33.714285714285715,2.1904761904761902,12.305194805194805,16.287499999999998,4.9,12.059999999999999,37.37142857142857,36.0,10.371428571428572,13.407917383821,5.437499999999999,16.714285714285715,0.16666666666666666,63.39285714285714,34.666666666666664,69.86938775510205,23.57142857142857,19.61538461538461,0.0,21.11764705882353,0.6363636363636364,0.0,7.20568240172029
693,170180,"Nuts, formulated, wheat-based, unflavored, with salt added",Nut and Seed Products,2.736842105263158,,0.0,,22.214285714285715,20.8,40.57142857142857,56.142857142857146,13.333333333333334,39.642857142857146,36.30036630036629,43.33333333333333,16.571428571428573,26.571428571428573,8.116883116883116,262.175,42.175000000000004,6.2,34.45714285714285,67.45454545454545,9.085714285714285,23.786574870912222,18.75,,21.041666666666668,26.785714285714285,55.14285714285714,52.989795918367356,58.57142857142858,40.054945054945044,0.0,23.176470588235293,0.09090909090909091,,16.42225291554857
694,170181,"Nuts, mixed nuts, dry roasted, with peanuts, salt added, CHOSEN ROASTER",Nut and Seed Products,11.157894736842104,,,,21.714285714285715,28.4,17.142857142857142,,17.88888888888889,,,,57.714285714285715,,20.238095238095237,217.86249999999998,50.625,10.8,,74.9090909090909,16.714285714285715,30.981067125645442,,5.285714285714286,4.708333333333333,16.07142857142857,,48.85714285714287,,,,,,6.142857142857143,21.002609170905654
695,170182,"Nuts, pecans",Nut and Seed Products,7.368421052631579,0.32222222222222224,0.0,10.125,24.678571428571427,38.4,6.285714285714286,37.42857142857143,14.055555555555554,24.0,21.9047619047619,13.666666666666666,34.57142857142857,17.428571428571427,6.314935064935065,257.85,24.65,17.259999999999998,24.34285714285714,50.36363636363637,11.714285714285714,15.783132530120483,8.125,5.428571428571429,0.0,58.92857142857142,29.14285714285714,66.09489795918368,33.214285714285715,22.582417582417577,0.4,12.352941176470589,1.0000000000000002,5.0,25.303675410692183
696,170183,"Nuts, pecans, dry roasted, without salt added",Nut and Seed Products,7.578947368421052,0.9333333333333333,0.0,,25.357142857142858,37.6,4.571428571428571,38.714285714285715,15.555555555555555,24.857142857142854,22.67399267399267,14.142857142857142,37.714285714285715,17.999999999999996,6.314935064935065,244.725,24.85,14.059999999999999,25.2,53.27272727272727,12.114285714285714,16.351118760757316,6.687499999999999,5.714285714285714,0.041666666666666664,40.17857142857142,30.19047619047619,68.20714285714287,34.285714285714285,23.406593406593405,0.9333333333333333,11.0,0.6363636363636364,,28.320007578854167
697,170184,"Nuts, pistachio nuts, raw",Nut and Seed Products,11.052631578947368,3.388888888888889,0.0,,20.0,42.4,14.571428571428571,73.14285714285714,21.77777777777778,65.5,58.754578754578745,54.19047619047618,34.57142857142857,34.285714285714285,7.034632034632034,176.1375,7.225,10.4,62.39999999999999,89.0909090909091,29.285714285714285,34.6987951807229,10.0,10.0,0.041666666666666664,77.67857142857142,65.14285714285714,41.62040816326531,89.64285714285714,68.62637362637362,3.466666666666667,100.0,5.090909090909091,,12.288760685104373
698,170185,"Nuts, pistachio nuts, dry roasted, without salt added",Nut and Seed Products,11.263157894736842,1.7666666666666666,0.0,17.85,20.428571428571427,41.2,14.571428571428571,76.42857142857142,22.38888888888889,68.35714285714285,61.35531135531134,56.61904761904762,31.142857142857142,35.714285714285715,7.42965367965368,164.0625,5.3,10.260000000000002,65.14285714285712,85.27272727272727,28.771428571428572,36.230636833046475,14.625,14.285714285714286,0.25,62.05357142857142,67.99999999999999,42.0795918367347,93.57142857142857,71.70329670329669,1.7333333333333334,66.00000000000001,2.727272727272727,18.857142857142858,13.070772728701922
699,170186,"Nuts, walnuts, black, dried",Nut and Seed Products,6.421052631578948,0.26666666666666666,0.0,8.025,22.107142857142858,27.2,8.857142857142858,96.0,17.333333333333332,68.99999999999999,61.68498168498168,33.95238095238095,57.42857142857143,44.476190476190474,2.5432900432900434,422.0,66.925,33.2,62.51428571428571,93.27272727272727,14.942857142857143,41.411359724612744,8.125,24.285714285714285,0.08333333333333333,5.0892857142857135,68.66666666666666,54.48673469387756,113.57142857142857,69.83516483516482,0.26666666666666666,34.294117647058826,1.5454545454545454,3.857142857142857,18.824147049455334
700,170187,"Nuts, walnuts, english",Nut and Seed Products,10.31578947368421,0.13333333333333333,0.0,9.8,23.357142857142858,26.8,28.0,55.857142857142854,16.166666666666668,44.64285714285714,42.85714285714285,20.19047619047619,45.142857142857146,22.476190476190474,6.087662337662337,476.1625,227.0,11.399999999999999,40.62857142857142,62.90909090909091,12.6,26.21342512908778,9.375,7.000000000000001,0.08333333333333333,30.44642857142857,56.76190476190475,59.88673469387755,60.71428571428571,41.373626373626365,0.13333333333333333,31.58823529411765,1.1818181818181819,3.857142857142857,17.26012296226023
701,170188,"Seeds, pumpkin and squash seeds, whole, roasted, without salt",Nut and Seed Products,5.7894736842105265,,0.0,,15.928571428571429,73.6,2.5714285714285716,73.57142857142857,18.38888888888889,68.28571428571428,57.58241758241758,66.0,74.85714285714286,39.71428571428571,1.5476190476190474,109.48750000000001,1.925,1.12,52.8,16.727272727272727,26.257142857142856,31.927710843373497,3.25,,0.75,3.0357142857142856,65.04761904761905,17.816326530612244,116.42857142857142,81.92307692307692,0.4,2.176470588235294,0.2727272727272727,,57.5337432075341
702,170189,"Seeds, sesame butter, tahini, from roasted and toasted kernels (most common type)",Nut and Seed Products,44.8421052631579,0.4444444444444444,0.0,6.45,21.25,37.2,28.0,71.42857142857142,49.722222222222214,52.21428571428571,47.69230769230769,25.952380952380956,27.142857142857142,53.42857142857144,29.49134199134199,289.16249999999997,10.174999999999999,13.86,51.48571428571429,133.0909090909091,11.82857142857143,29.25989672977625,29.562499999999996,49.142857142857146,4.791666666666667,108.92857142857142,67.23809523809523,49.37142857142858,132.85714285714286,52.19780219780219,0.4,8.76470588235294,0.0,0.0,25.80639743871918
703,170190,"Nuts, chestnuts, european, roasted",Nut and Seed Products,3.0526315789473686,0.15555555555555556,0.0,0.375,8.75,20.4,20.0,12.57142857142857,5.055555555555555,8.928571428571427,6.886446886446886,8.952380952380953,9.428571428571429,7.142857142857142,7.261904761904763,9.700000000000001,2.325,11.080000000000002,7.657142857142857,19.454545454545453,16.914285714285715,5.456110154905336,10.9375,1.7142857142857142,0.08333333333333333,21.69642857142857,10.761904761904763,2.020408163265307,12.5,9.78021978021978,0.13333333333333333,29.23529411764706,23.636363636363637,11.142857142857142,3.183906177504314
704,170191,"Seeds, sesame butter, paste",Nut and Seed Products,101.05263157894737,,0.0,,20.928571428571427,22.0,28.571428571428573,76.0,106.66666666666667,55.57142857142856,50.73260073260072,27.619047619047613,103.42857142857143,56.857142857142854,36.25541125541125,273.6,9.625,1.04,54.79999999999999,119.81818181818181,16.62857142857143,31.118760757314973,12.5,50.714285714285715,0.5,21.428571428571427,71.52380952380952,46.71734693877552,141.42857142857142,55.49450549450549,0.4,48.0,0.0,,40.72048427018676
705,170192,"Seeds, sesame flour, high-fat",Nut and Seed Products,16.736842105263158,,0.0,,18.785714285714285,,8.857142857142858,129.42857142857142,84.27777777777777,94.57142857142857,86.37362637362637,47.0,103.14285714285714,96.76190476190476,72.3430735930736,199.55,7.025,58.56,93.25714285714284,146.72727272727272,12.085714285714285,52.9776247848537,17.874999999999996,,1.7083333333333333,239.64285714285714,121.71428571428571,34.07142857142858,240.71428571428572,94.45054945054945,0.4,8.941176470588236,0.0,,59.600489322756204
706,170283,"Barley, hulled",Cereal Grains and Pasta,3.473684210526316,0.14444444444444443,0.0,,12.642857142857142,69.2,5.428571428571429,40.14285714285714,20.0,32.57142857142857,31.062271062271055,22.142857142857142,38.0,22.857142857142858,24.913419913419915,12.4875,2.75,5.639999999999999,39.99999999999999,48.0,12.914285714285715,21.480206540447508,17.812499999999996,53.85714285714286,0.5,57.67857142857143,40.38095238095238,2.112244897959184,74.28571428571428,33.62637362637362,0.13333333333333333,18.705882352941178,0.0,3.1428571428571432,15.472666862608685
707,170285,"Barley, pearled, cooked",Cereal Grains and Pasta,1.1578947368421053,0.05555555555555555,0.0,3.35,4.392857142857143,15.2,4.571428571428571,7.285714285714285,7.388888888888889,5.928571428571429,5.6410256410256405,4.0,6.285714285714286,4.095238095238095,11.163419913419913,2.4125,0.525,2.7,7.257142857142856,9.818181818181818,2.657142857142857,3.8898450946643717,3.875,12.285714285714286,0.125,7.410714285714286,7.333333333333333,0.4040816326530613,13.57142857142857,6.098901098901098,0.0,6.764705882352941,0.0,1.1428571428571428,4.580356255357084
708,170286,Buckwheat,Cereal Grains and Pasta,1.894736842105263,,0.0,,12.25,40.0,8.571428571428571,44.14285714285714,12.222222222222223,35.57142857142857,30.47619047619047,32.0,66.0,16.38095238095238,37.98701298701299,12.0125,1.95,24.660000000000004,29.71428571428571,63.09090909090909,13.142857142857142,22.805507745266784,26.5625,11.85714285714286,0.041666666666666664,9.017857142857144,48.19047619047619,3.1224489795918373,68.57142857142857,37.252747252747255,0.0,12.352941176470589,0.0,,13.405920747386586
709,170287,"Bulgur, cooked",Cereal Grains and Pasta,1.0526315789473684,0.011111111111111112,0.0,1.725,2.9642857142857144,18.0,5.142857142857143,10.14285714285714,5.333333333333333,8.142857142857142,7.619047619047618,4.0476190476190474,9.142857142857142,4.571428571428571,5.411255411255411,1.175,0.1,6.88,8.285714285714283,7.2727272727272725,1.9428571428571428,5.301204819277109,1.75,0.8571428571428571,0.20833333333333334,5.0892857142857135,8.476190476190476,0.22040816326530616,17.142857142857142,7.637362637362638,0.0,4.882352941176471,0.0,0.7142857142857143,3.183906177504314
710,170288,"Corn grain, yellow",Cereal Grains and Pasta,0.7368421052631579,1.0777777777777777,0.0,,13.035714285714286,29.2,5.428571428571429,40.99999999999999,15.055555555555555,24.07142857142857,42.3076923076923,12.619047619047619,36.285714285714285,18.76190476190476,19.626623376623375,26.2125,1.625,8.48,26.457142857142856,38.18181818181818,8.2,16.21342512908778,12.5625,22.142857142857142,1.4583333333333333,34.375,33.71428571428571,4.353061224489797,23.928571428571427,26.2087912087912,1.4666666666666666,36.58823529411765,0.0,0.42857142857142855,12.344618688218482
711,170290,"Corn flour, whole-grain, yellow",Cereal Grains and Pasta,0.7368421052631579,1.0777777777777777,0.0,5.4,12.892857142857142,29.2,7.142857142857143,30.142857142857135,13.222222222222221,17.71428571428571,31.13553113553113,9.285714285714285,26.571428571428573,13.809523809523807,10.281385281385282,21.325,1.325,13.16,19.428571428571427,49.45454545454545,9.0,11.927710843373495,5.0,22.0,0.20833333333333334,21.96428571428571,24.857142857142858,3.544897959183674,17.5,19.28571428571428,1.4666666666666666,21.764705882352942,0.0,0.42857142857142855,9.663434538741164
712,170375,"Beet greens, raw",Vegetables and Vegetable Products,12.31578947368421,42.15555555555556,0.0,0.1,0.7857142857142857,14.8,4.285714285714286,4.857142857142857,14.277777777777779,3.285714285714285,3.5897435897435894,3.0476190476190474,20.0,1.714285714285714,2.1645021645021645,0.5125000000000001,0.1,5.0,3.314285714285714,7.454545454545454,21.771428571428572,3.7865748709122213,13.75,1.2857142857142858,9.416666666666666,8.928571428571427,6.19047619047619,0.11938775510204083,12.5,3.5714285714285707,42.13333333333333,6.235294117647059,27.272727272727273,571.4285714285714,2.1226041183362097
713,170376,"Beet greens, cooked, boiled, drained, without salt",Vegetables and Vegetable Products,12.0,51.0,0.0,0.125,0.9642857142857143,11.6,4.0,5.571428571428571,10.555555555555555,3.785714285714285,4.212454212454212,3.571428571428571,19.428571428571427,2.0,2.70021645021645,0.8125,0.15,6.58,3.8857142857142857,7.454545454545454,25.97142857142857,4.423407917383821,18.062499999999996,1.2857142857142858,10.041666666666666,10.446428571428571,7.238095238095237,0.18367346938775514,14.285714285714285,4.175824175824175,51.06666666666667,7.764705882352942,22.636363636363637,691.4285714285714,2.792900155705539
714,170377,"Broadbeans, immature seeds, raw",Vegetables and Vegetable Products,2.3157894736842106,,0.0,,2.5714285714285716,16.8,27.428571428571427,19.142857142857142,10.555555555555555,17.928571428571427,15.824175824175823,17.428571428571427,10.857142857142858,4.095238095238095,8.116883116883116,1.5,4.725,1.72,13.028571428571427,17.272727272727273,7.142857142857143,9.63855421686747,6.875,1.7142857142857142,2.0833333333333335,15.178571428571427,19.80952380952381,0.5510204081632654,20.0,15.054945054945053,2.4,2.235294117647059,30.0,,3.2397641806184247
715,170378,"Broadbeans, immature seeds, cooked, boiled, drained, without salt",Vegetables and Vegetable Products,1.894736842105263,,0.0,,2.2142857142857144,14.4,16.571428571428573,16.428571428571427,8.333333333333334,15.357142857142856,13.553113553113551,14.904761904761905,8.857142857142858,3.5238095238095233,6.4935064935064934,1.5125,4.55,1.32,11.14285714285714,13.272727272727273,5.514285714285714,8.261617900172118,5.625,1.4285714285714286,1.7083333333333333,11.428571428571429,16.952380952380953,0.4591836734693878,17.142857142857142,12.91208791208791,1.8666666666666667,1.7058823529411766,18.0,,2.6253261463632067
716,170379,"Broccoli, raw",Vegetables and Vegetable Products,4.947368421052632,4.011111111111111,0.0,4.675,1.2142857142857142,10.4,18.0,8.428571428571427,4.055555555555555,5.642857142857142,4.7252747252747245,6.428571428571428,6.0,3.6190476190476186,3.4577922077922074,0.6125,1.575,11.459999999999999,6.685714285714285,12.0,9.028571428571428,4.853700516351119,7.3125,3.5714285714285716,1.375,6.3392857142857135,8.38095238095238,0.339795918367347,11.785714285714285,6.868131868131867,4.133333333333334,10.294117647058824,81.0909090909091,145.14285714285714,2.290178127678542
717,170380,"Broccoli, frozen, spears, cooked, boiled, drained, without salt",Vegetables and Vegetable Products,5.368421052631579,6.633333333333334,0.0,4.05,1.0,12.0,8.571428571428571,7.857142857142857,3.388888888888889,8.642857142857142,5.31135531135531,7.428571428571428,5.714285714285714,3.5238095238095233,2.4783549783549783,0.1625,1.05,5.48,5.371428571428571,10.0,5.142857142857143,5.335628227194492,5.062499999999999,2.7142857142857144,1.0,4.910714285714286,9.61904761904762,0.10102040816326532,11.428571428571429,7.8021978021978,6.8,7.647058823529412,36.45454545454545,125.85714285714286,1.6757400934233233
718,170381,"Broccoli raab, raw",Vegetables and Vegetable Products,11.368421052631579,17.477777777777778,0.0,4.575,0.7857142857142857,10.8,23.714285714285715,9.428571428571429,11.88888888888889,7.428571428571428,6.227106227106226,9.428571428571429,6.285714285714286,4.571428571428571,6.607142857142858,0.36250000000000004,4.725,6.44,7.314285714285714,13.272727272727273,5.6,5.456110154905336,8.0625,1.4285714285714286,1.375,14.464285714285712,10.095238095238095,0.45000000000000007,15.357142857142856,8.406593406593405,17.466666666666665,10.058823529411766,18.363636363636363,320.0,4.30106623978653
719,170382,"Broccoli raab, cooked",Vegetables and Vegetable Products,12.421052631578947,30.22222222222222,0.0,8.4,0.8928571428571429,11.2,20.285714285714285,11.428571428571427,7.055555555555555,8.928571428571427,7.545787545787544,11.38095238095238,7.714285714285714,5.523809523809525,10.903679653679653,0.3875,5.025,8.96,8.799999999999999,14.909090909090908,9.8,6.5920826161790025,8.75,1.8571428571428572,2.3333333333333335,15.089285714285715,12.19047619047619,0.47755102040816333,18.57142857142857,10.109890109890108,30.266666666666666,12.941176470588236,33.63636363636363,365.7142857142857,3.016332168161982
720,170383,"Brussels sprouts, raw",Vegetables and Vegetable Products,4.421052631578948,5.0,0.0,4.775,1.5357142857142858,15.2,17.428571428571427,10.857142857142856,7.777777777777778,9.428571428571429,5.567765567765567,7.333333333333333,6.571428571428571,3.0476190476190474,4.0313852813852815,0.5625,2.475,6.18,5.6,12.545454545454545,11.114285714285714,5.8175559380378665,5.625,2.2857142857142856,1.0416666666666667,12.410714285714286,11.428571428571429,0.2755102040816327,13.214285714285712,8.516483516483515,5.066666666666666,12.88235294117647,77.27272727272727,252.85714285714286,2.346036130792653
721,170384,"Burdock root, cooked, boiled, drained, without salt",Vegetables and Vegetable Products,5.157894736842105,0.0,0.0,3.575,3.142857142857143,7.2,5.714285714285714,6.0,4.277777777777778,2.928571428571429,1.6117216117216113,4.3809523809523805,11.142857142857142,1.1428571428571428,1.7316017316017316,0.65,0.05,7.06,2.571428571428571,16.90909090909091,10.285714285714286,3.5972461273666094,3.6250000000000004,1.2857142857142858,0.16666666666666666,3.4821428571428568,3.3333333333333335,0.12857142857142861,2.857142857142857,2.527472527472527,0.0,16.411764705882355,2.3636363636363638,2.857142857142857,2.1226041183362097
722,170388,"Cabbage, savoy, raw",Vegetables and Vegetable Products,3.6842105263157894,6.666666666666667,0.0,3.075,0.9642857142857143,12.4,22.857142857142858,5.857142857142858,2.2222222222222223,7.214285714285714,3.772893772893772,4.476190476190476,8.0,1.9047619047619047,1.6233766233766234,0.2625,0.7000000000000001,3.7399999999999998,3.657142857142857,7.636363636363637,6.571428571428571,3.4423407917383826,1.875,1.2857142857142858,1.1666666666666667,6.25,6.571428571428571,0.09183673469387757,7.142857142857142,4.67032967032967,6.666666666666667,11.176470588235295,28.181818181818183,98.28571428571429,1.508166084080991
723,170389,"Cabbage, savoy, cooked, boiled, drained, without salt",Vegetables and Vegetable Products,3.1578947368421053,,0.0,,0.8571428571428571,11.2,13.142857142857142,5.285714285714285,2.111111111111111,6.499999999999999,3.4065934065934065,4.0476190476190474,6.857142857142857,1.714285714285714,0.12987012987012986,0.22499999999999998,0.575,3.18,3.314285714285714,6.0,5.257142857142857,3.0981067125645443,1.25,1.0,1.0,4.553571428571428,5.904761904761905,0.08265306122448982,6.428571428571427,4.23076923076923,5.866666666666666,8.941176470588236,15.454545454545455,,1.284734071624548
724,170390,"Cabbage, chinese (pak-choi), raw",Vegetables and Vegetable Products,11.052631578947368,29.788888888888888,0.0,1.6,0.4642857142857143,4.0,18.857142857142858,3.714285714285714,4.444444444444445,6.071428571428571,3.2234432234432226,4.238095238095238,5.428571428571429,0.857142857142857,2.7056277056277054,0.525,1.375,1.7599999999999998,2.514285714285714,6.7272727272727275,7.2,2.581755593803787,4.375,0.7142857142857143,2.7083333333333335,3.571428571428571,4.666666666666667,0.18367346938775514,5.357142857142857,3.626373626373626,29.733333333333334,11.411764705882355,40.90909090909091,65.0,1.0613020591681048
725,170391,"Cabbage, chinese (pak-choi), cooked, boiled, drained, without salt",Vegetables and Vegetable Products,9.789473684210526,28.322222222222223,0.0,3.025,0.42857142857142855,4.0,11.714285714285714,3.857142857142857,5.777777777777778,6.357142857142857,3.3333333333333326,4.428571428571429,3.142857142857143,0.857142857142857,2.316017316017316,0.3875,1.0250000000000001,1.58,2.628571428571428,5.2727272727272725,10.6,2.6850258175559385,3.9374999999999996,0.5714285714285714,1.4166666666666667,2.857142857142857,4.857142857142857,0.1469387755102041,5.357142857142857,3.7912087912087906,28.266666666666666,9.764705882352942,23.636363636363637,48.57142857142857,0.9495860529398833
726,170392,"Cabbage, kimchi",Vegetables and Vegetable Products,3.473684210526316,0.6111111111111112,0.0,3.875,0.5357142857142857,6.4,14.857142857142858,,13.88888888888889,,,,4.0,,5.952380952380953,1.3,3.4250000000000003,,,4.363636363636363,4.314285714285714,1.8932874354561107,13.125,0.7142857142857143,20.75,0.8928571428571428,,0.4591836734693878,,,0.6666666666666666,12.529411764705882,0.0,62.285714285714285,1.2288760685104372
727,170393,"Carrots, raw",Vegetables and Vegetable Products,3.473684210526316,92.05555555555556,0.0,2.2,1.4642857142857142,11.2,5.428571428571429,5.7142857142857135,1.6666666666666667,5.5,3.7362637362637354,4.80952380952381,3.4285714285714284,1.9047619047619047,5.319264069264069,1.25,0.05,5.46,3.485714285714285,6.363636363636363,9.142857142857142,1.6006884681583478,3.6250000000000004,0.14285714285714285,2.875,5.892857142857142,18.19047619047619,0.22040816326530616,4.285714285714286,3.7912087912087906,111.33333333333333,8.11764705882353,5.363636363636363,18.857142857142858,1.3405920747386586
728,170394,"Carrots, cooked, boiled, drained, without salt",Vegetables and Vegetable Products,3.1578947368421053,92.57777777777778,0.0,2.2,1.25,12.0,4.0,4.714285714285714,1.8888888888888888,4.499999999999999,3.0769230769230766,3.9523809523809526,2.857142857142857,1.619047619047619,3.49025974025974,1.0875,0.025,4.640000000000001,2.8571428571428568,5.454545454545454,6.714285714285714,1.3080895008605853,2.7499999999999996,1.0,2.4166666666666665,5.892857142857142,14.95238095238095,0.16530612244897963,3.571428571428571,3.0769230769230766,113.6,9.0,3.272727272727273,19.571428571428573,1.1171600622822155
729,170397,"Cauliflower, cooked, boiled, drained, without salt",Vegetables and Vegetable Products,1.6842105263157894,0.07777777777777778,0.0,9.775,0.8214285714285714,9.2,12.571428571428571,5.285714285714285,1.7777777777777777,5.0,3.9194139194139184,4.714285714285714,2.5714285714285716,2.4761904761904763,2.2186147186147185,0.625,4.175,10.16,3.7714285714285714,5.818181818181818,4.057142857142857,3.1669535283993118,3.25,0.8571428571428571,0.625,3.75,6.3809523809523805,0.41326530612244905,8.571428571428571,5.054945054945054,0.13333333333333333,10.176470588235293,40.27272727272727,19.714285714285715,0.9495860529398833
730,170398,"Cauliflower, frozen, unprepared",Vegetables and Vegetable Products,2.3157894736842106,0.07777777777777778,0.0,10.475,0.8571428571428571,9.2,18.285714285714285,5.857142857142858,3.0,5.5,4.322344322344321,5.142857142857143,3.4285714285714284,2.666666666666667,2.321428571428571,0.36250000000000004,2.45,2.72,4.114285714285713,6.363636363636363,5.514285714285714,3.459552495697074,4.375,1.1428571428571428,1.0,4.553571428571428,6.952380952380952,0.24795918367346942,9.285714285714285,5.549450549450549,0.13333333333333333,7.23529411764706,44.36363636363637,21.142857142857142,0.9495860529398833
731,170399,"Cauliflower, frozen, cooked, boiled, drained, without salt",Vegetables and Vegetable Products,1.7894736842105263,0.06666666666666667,0.0,8.375,0.6785714285714286,10.8,11.714285714285714,4.714285714285714,2.2777777777777777,4.357142857142857,3.443223443223443,4.095238095238095,2.5714285714285716,2.1904761904761902,1.6774891774891774,0.3,2.025,1.9600000000000002,3.314285714285714,4.363636363636363,3.9714285714285715,2.771084337349398,3.3124999999999996,0.8571428571428571,0.75,3.303571428571428,5.619047619047619,0.20204081632653065,7.5,4.45054945054945,0.0,5.1764705882352935,28.454545454545453,17.0,0.7261540404834401
732,170400,"Celeriac, raw",Vegetables and Vegetable Products,4.526315789473684,0.0,0.0,2.25,1.5,7.2,2.2857142857142856,,3.888888888888889,,,,5.714285714285714,,3.7878787878787876,1.8499999999999999,0.0,7.039999999999999,,20.90909090909091,8.571428571428571,2.581755593803787,3.75,1.0,4.166666666666667,4.4642857142857135,,0.2755102040816327,,,0.0,9.705882352941178,7.2727272727272725,58.57142857142857,1.8433141027656557
733,170401,"Chard, swiss, cooked, boiled, drained, without salt",Vegetables and Vegetable Products,6.105263157894737,40.577777777777776,0.0,7.175,0.7142857142857143,8.4,2.5714285714285716,5.428571428571428,12.555555555555554,11.0,4.945054945054944,4.904761904761904,24.571428571428573,1.9047619047619047,1.948051948051948,0.3125,0.075,3.2600000000000002,6.514285714285713,6.0,15.685714285714285,3.2358003442340797,5.374999999999999,1.2857142857142858,7.458333333333333,3.0357142857142856,8.19047619047619,0.07346938775510205,6.428571428571427,6.263736263736263,40.8,5.0,16.363636363636363,467.57142857142856,1.8433141027656557
734,170402,"Chayote, fruit, raw",Vegetables and Vegetable Products,1.7894736842105263,0.0,0.0,2.3,0.6785714285714286,6.8,26.571428571428573,2.142857142857143,1.8888888888888888,3.1428571428571423,2.8205128205128203,1.857142857142857,3.4285714285714284,0.09523809523809523,2.5432900432900434,0.2625,0.8999999999999999,4.9799999999999995,2.6857142857142855,3.272727272727273,3.5714285714285716,1.4113597246127367,1.8125000000000002,0.2857142857142857,0.08333333333333333,2.2321428571428568,3.8095238095238093,0.11938775510204083,3.928571428571428,3.461538461538461,0.0,4.470588235294118,7.0,5.857142857142857,4.1334922304441974
735,170403,"Chayote, fruit, cooked, boiled, drained, without salt",Vegetables and Vegetable Products,1.368421052631579,0.0,0.0,2.625,0.8571428571428571,11.2,5.142857142857143,1.5714285714285712,1.2222222222222223,2.357142857142857,2.1245421245421245,1.4285714285714286,3.4285714285714284,0.09523809523809523,2.2727272727272725,0.0,0.0,8.16,2.0571428571428565,5.2727272727272725,4.942857142857143,1.0671256454388987,2.5,0.42857142857142855,0.041666666666666664,2.321428571428571,2.9523809523809526,0.4408163265306123,2.857142857142857,2.582417582417582,0.0,6.941176470588235,7.2727272727272725,6.714285714285714,1.7315980965374342
736,170404,"Chicory, witloof, raw",Vegetables and Vegetable Products,2.0,,0.0,,0.6071428571428571,12.4,10.571428571428571,2.142857142857143,1.3333333333333333,3.857142857142857,1.4285714285714284,1.6666666666666667,2.857142857142857,0.47619047619047616,0.8658008658008658,0.46249999999999997,0.15,2.8999999999999995,1.257142857142857,4.7272727272727275,6.0285714285714285,1.5490533562822721,1.6875,0.2857142857142857,0.08333333333333333,5.535714285714286,2.380952380952381,0.09183673469387757,5.714285714285714,2.2527472527472527,0.13333333333333333,2.4705882352941178,2.5454545454545454,,0.8937280498257725
737,170405,"Chrysanthemum, garland, cooked, boiled, drained, without salt",Vegetables and Vegetable Products,7.2631578947368425,17.144444444444446,0.0,3.2,0.7142857142857143,9.2,14.285714285714286,,20.77777777777778,,,,5.142857142857143,,3.896103896103896,0.42500000000000004,0.15,0.8400000000000001,,7.818181818181818,16.257142857142856,2.8227194492254735,10.0,0.42857142857142855,2.2083333333333335,1.875,,0.08265306122448982,,,17.2,6.941176470588235,21.727272727272727,203.85714285714283,1.1171600622822155
738,170410,"Onions, frozen, chopped, unprepared",Vegetables and Vegetable Products,1.7894736842105263,,0.0,,1.0357142857142858,7.2,4.857142857142857,1.857142857142857,1.8333333333333333,2.0,1.0256410256410255,1.8095238095238093,2.0,0.6666666666666667,0.8170995670995671,0.46249999999999997,0.05,2.04,1.1428571428571428,4.0,3.5428571428571427,1.3597246127366611,1.6875,0.5714285714285714,0.5,2.6785714285714284,1.8095238095238093,0.09183673469387757,3.928571428571428,0.9890109890109887,0.26666666666666666,4.411764705882353,3.0,,0.3910060217987755
739,170411,"Onions, frozen, chopped, cooked, boiled, drained, without salt",Vegetables and Vegetable Products,1.6842105263157894,0.011111111111111112,0.0,1.1,1.0,7.2,3.7142857142857144,1.714285714285714,1.6666666666666667,1.9285714285714286,0.9890109890109889,1.714285714285714,1.7142857142857142,0.5714285714285714,0.7521645021645023,0.44999999999999996,0.05,1.98,1.1428571428571428,3.4545454545454546,3.085714285714286,1.3253012048192772,1.5625,0.5714285714285714,0.5,2.0535714285714284,1.714285714285714,0.09183673469387757,3.928571428571428,0.9890109890109887,0.0,4.058823529411765,2.3636363636363638,0.42857142857142855,0.3910060217987755
740,170412,"Onions, frozen, whole, unprepared",Vegetables and Vegetable Products,3.789473684210526,0.011111111111111112,0.0,1.375,1.25,6.8,6.0,2.142857142857143,2.5555555555555554,2.2857142857142856,1.1355311355311355,2.0476190476190474,2.857142857142857,0.6666666666666667,0.9469696969696969,0.3,0.025,1.98,1.314285714285714,4.181818181818182,4.057142857142857,1.5318416523235803,1.4999999999999998,0.5714285714285714,0.4166666666666667,2.321428571428571,2.095238095238095,0.05510204081632654,4.642857142857142,1.1538461538461537,0.0,5.470588235294119,7.2727272727272725,0.5714285714285714,0.6702960373693293
741,170413,"Onions, frozen, whole, cooked, boiled, drained, without salt",Vegetables and Vegetable Products,2.8421052631578947,0.011111111111111112,0.0,1.1,1.0,5.6,3.7142857142857144,1.714285714285714,1.8888888888888888,1.7857142857142856,0.9157509157509156,1.619047619047619,2.2857142857142856,0.5714285714285714,0.7142857142857143,0.2375,0.025,1.56,1.0285714285714282,0.36363636363636365,2.8857142857142857,1.2220309810671257,1.1249999999999998,0.5714285714285714,0.3333333333333333,1.4285714285714286,1.619047619047619,0.045918367346938785,3.571428571428571,0.879120879120879,0.0,4.11764705882353,4.636363636363636,0.42857142857142855,0.5027220280269971
742,170416,"Parsley, fresh",Vegetables and Vegetable Products,14.526315789473685,56.15555555555556,0.0,3.2,1.2857142857142858,13.2,43.42857142857143,8.714285714285714,34.44444444444444,8.428571428571427,7.472527472527471,8.619047619047617,14.285714285714286,4.0,7.104978354978354,1.4375,0.2,8.0,8.285714285714283,10.545454545454545,15.82857142857143,5.111876075731498,6.125,0.14285714285714285,2.3333333333333335,7.678571428571428,11.619047619047619,0.7255102040816328,16.07142857142857,9.450549450549449,56.13333333333333,5.294117647058823,120.9090909090909,2342.8571428571427,5.976806333209853
743,170417,"Parsnips, raw",Vegetables and Vegetable Products,3.789473684210526,0.0,0.0,,2.6785714285714284,19.6,19.142857142857142,,3.2777777777777777,,,,8.285714285714286,,3.7878787878787876,0.5125000000000001,0.075,12.0,,12.909090909090908,10.714285714285714,2.0654044750430294,3.125,2.5714285714285716,0.4166666666666667,8.035714285714285,,0.2755102040816327,,,0.0,5.294117647058823,15.454545454545455,32.142857142857146,3.295622183732536
744,170418,"Peas, edible-podded, frozen, cooked, boiled, drained, without salt",Vegetables and Vegetable Products,6.2105263157894735,8.444444444444445,0.0,5.25,1.8571428571428572,12.4,10.0,3.1428571428571423,13.333333333333334,14.428571428571429,10.476190476190474,12.0,8.0,1.3333333333333335,3.046536796536796,1.775,0.625,17.14,6.3999999999999995,10.545454545454545,6.2,6.024096385542169,7.437499999999999,1.1428571428571428,0.20833333333333334,5.714285714285714,11.714285714285715,0.34897959183673477,12.142857142857142,18.79120879120879,8.8,10.235294117647058,20.0,43.142857142857146,2.737042152591428
745,170419,"Peas, green, raw",Vegetables and Vegetable Products,2.6315789473684212,4.988888888888889,0.0,7.1,2.892857142857143,22.8,18.571428571428573,15.285714285714283,8.166666666666666,13.928571428571427,11.831501831501832,15.095238095238095,9.428571428571429,7.80952380952381,11.309523809523808,1.9,0.8750000000000001,2.08,11.428571428571427,19.636363636363637,6.9714285714285715,9.328743545611017,8.25,2.5714285714285716,0.20833333333333334,23.75,19.333333333333332,0.3673469387755103,13.214285714285712,12.91208791208791,5.066666666666666,9.941176470588237,36.36363636363637,35.42857142857143,6.926392386149737
746,170420,"Peas, green, cooked, boiled, drained, without salt",Vegetables and Vegetable Products,2.8421052631578947,5.222222222222222,0.0,7.425,3.0,22.0,18.0,14.999999999999998,8.555555555555555,13.785714285714285,11.721611721611719,14.95238095238095,11.142857142857142,7.7142857142857135,10.936147186147185,1.0250000000000001,0.475,3.0599999999999996,11.314285714285713,21.272727272727273,7.742857142857143,9.225473321858866,9.312499999999998,2.7142857142857144,0.125,23.125,19.142857142857142,0.20204081632653065,13.214285714285712,12.747252747252746,5.333333333333333,12.705882352941178,12.909090909090908,37.0,6.647102370579183
747,170422,"Peas, mature seeds, sprouted, raw",Vegetables and Vegetable Products,3.789473684210526,,0.0,,4.428571428571429,,41.142857142857146,23.857142857142854,12.555555555555554,12.214285714285714,13.369963369963369,18.285714285714285,16.0,6.571428571428571,16.70995670995671,3.3125,1.525,20.58,14.342857142857142,30.0,10.885714285714286,15.146299483648885,9.6875,0.8571428571428571,0.8333333333333334,20.08928571428571,17.714285714285715,0.6244897959183674,,12.087912087912086,,15.588235294117647,9.454545454545455,,5.8650903269816315
748,170423,"Peas, mature seeds, sprouted, cooked, boiled, drained, without salt",Vegetables and Vegetable Products,2.736842105263158,,0.0,,3.5,,10.285714285714286,30.999999999999996,9.277777777777779,15.785714285714285,17.32600732600732,23.666666666666668,11.714285714285714,8.476190476190476,5.800865800865801,2.4375,1.125,13.660000000000002,18.57142857142857,4.363636363636363,7.6571428571428575,12.134251290877797,17.812499999999996,0.8571428571428571,0.125,19.285714285714285,22.857142857142858,0.4683673469387756,,15.659340659340655,0.6666666666666666,7.529411764705883,6.0,,4.356924242900641
749,170425,"Peas and carrots, frozen, unprepared",Vegetables and Vegetable Products,2.8421052631578947,,0.0,,1.8928571428571428,13.6,10.285714285714286,9.428571428571429,6.055555555555556,8.785714285714285,7.2161172161172145,9.19047619047619,5.142857142857143,4.666666666666667,7.64069264069264,2.2624999999999997,1.0,3.9800000000000004,7.085714285714285,10.909090909090908,5.542857142857143,5.85197934595525,5.062499999999999,1.7142857142857142,3.2916666666666665,16.96428571428571,12.095238095238095,0.43163265306122456,8.571428571428571,8.076923076923075,63.333333333333336,5.941176470588236,10.181818181818182,,2.9046161619337605
750,170427,"Peppers, sweet, green, raw",Vegetables and Vegetable Products,1.0526315789473684,2.311111111111111,0.0,1.375,0.7142857142857143,6.8,2.857142857142857,1.4285714285714284,1.8888888888888888,1.714285714285714,1.3186813186813184,1.857142857142857,2.857142857142857,0.6666666666666667,2.5974025974025974,0.675,0.2,1.98,5.257142857142856,3.6363636363636362,5.0,1.4802065404475044,1.75,0.0,0.125,5.0892857142857135,3.428571428571428,0.15612244897959185,4.285714285714286,1.9780219780219774,2.4,13.176470588235295,73.0909090909091,10.571428571428571,0.7261540404834401
751,170428,"Peppers, sweet, green, cooked, boiled, drained, without salt",Vegetables and Vegetable Products,0.9473684210526315,2.933333333333333,0.0,1.85,1.0,4.8,4.571428571428571,2.714285714285714,2.5555555555555554,2.142857142857143,1.758241758241758,1.9523809523809526,2.857142857142857,1.0476190476190474,2.581168831168831,1.2,0.25,1.58,1.657142857142857,3.272727272727273,4.742857142857143,1.5834767641996559,1.875,0.42857142857142855,0.08333333333333333,5.2678571428571415,3.238095238095238,0.18367346938775514,4.285714285714286,2.1428571428571423,3.066666666666667,13.705882352941178,67.63636363636364,14.000000000000002,0.6702960373693293
752,170430,"Pigeonpeas, immature seeds, cooked, boiled, drained, without salt",Vegetables and Vegetable Products,4.315789473684211,0.3333333333333333,0.0,9.475,3.9642857142857144,16.8,28.571428571428573,,8.722222222222221,,,,11.428571428571429,,11.6504329004329,10.75,0.975,12.6,,21.454545454545453,13.028571428571428,10.25817555938038,10.375,1.7142857142857142,0.20833333333333334,31.249999999999996,,1.2489795918367348,,,0.26666666666666666,3.1176470588235294,25.545454545454547,28.285714285714285,4.580356255357084
753,170431,Poi,Vegetables and Vegetable Products,1.6842105263157894,0.34444444444444444,0.0,4.175,4.0,1.6,6.0,,4.888888888888889,,,,6.857142857142857,,5.952380952380953,0.5,0.44999999999999996,5.859999999999999,,7.090909090909091,5.228571428571429,0.6540447504302926,2.5,1.0,0.5,11.607142857142856,,0.12857142857142861,,,0.4,16.058823529411764,3.6363636363636362,1.4285714285714286,1.2288760685104372
754,170432,"Pokeberry shoots, (poke), raw",Vegetables and Vegetable Products,5.578947368421052,,0.0,,0.8214285714285714,6.8,4.571428571428571,,9.444444444444445,,,,5.142857142857143,,6.4935064935064934,,,0.9800000000000001,,8.0,6.914285714285715,4.475043029259897,20.625,1.2857142857142858,0.9583333333333334,7.142857142857142,,0.3673469387755103,,,58.0,8.588235294117647,123.63636363636364,,1.3405920747386586
755,170433,"Pokeberry shoots, (poke), cooked, boiled, drained, without salt",Vegetables and Vegetable Products,5.578947368421052,58.0,0.0,0.075,0.7142857142857143,6.0,2.5714285714285716,,6.666666666666667,,,,4.0,,5.952380952380953,2.075,0.22499999999999998,0.78,,6.0,5.257142857142857,3.958691910499139,15.625,1.2857142857142858,0.75,6.25,,0.3673469387755103,,,58.0,6.529411764705882,74.54545454545455,154.28571428571428,1.0613020591681048
756,170434,"Potatoes, white, flesh and skin, baked",Vegetables and Vegetable Products,1.0526315789473684,0.06666666666666667,0.0,3.6,3.2857142857142856,8.4,10.857142857142858,5.0,3.5555555555555554,4.857142857142857,3.6630036630036624,5.190476190476191,7.714285714285714,3.0476190476190474,8.268398268398268,0.6125,0.375,7.659999999999999,4.742857142857143,13.636363636363637,15.542857142857143,3.6144578313253017,2.6874999999999996,0.7142857142857143,0.2916666666666667,4.285714285714286,6.476190476190476,0.13775510204081634,7.5,5.769230769230768,0.13333333333333333,12.411764705882351,11.454545454545455,3.857142857142857,1.9550301089938773
757,170435,"Potatoes, red, flesh and skin, baked",Vegetables and Vegetable Products,0.9473684210526315,0.06666666666666667,0.0,4.725,3.107142857142857,7.2,7.714285714285714,5.571428571428571,3.888888888888889,5.285714285714285,3.9926739926739923,5.714285714285714,8.0,3.3333333333333335,8.630952380952381,0.6125,0.375,6.82,5.199999999999999,13.090909090909092,15.571428571428571,3.958691910499139,3.125,,0.5,6.428571428571427,7.142857142857142,0.13775510204081634,8.214285714285714,6.3186813186813175,0.13333333333333333,12.470588235294118,11.454545454545455,4.0,2.234320124564431
758,170438,"Potatoes, boiled, cooked in skin, flesh, without salt",Vegetables and Vegetable Products,0.5263157894736842,0.022222222222222223,0.0,3.375,3.107142857142857,7.2,2.857142857142857,5.857142857142858,1.7222222222222223,5.428571428571428,4.102564102564102,5.428571428571429,6.285714285714286,2.857142857142857,7.786796536796537,0.4,0.25,10.4,4.742857142857143,8.0,10.82857142857143,3.2185886402753874,1.25,0.42857142857142855,0.16666666666666666,9.464285714285714,6.476190476190476,0.09183673469387757,10.357142857142858,5.769230769230768,0.0,17.588235294117645,11.818181818181818,3.1428571428571432,1.6757400934233233
759,170439,"Potatoes, boiled, cooked in skin, skin, without salt",Vegetables and Vegetable Products,4.7368421052631575,,0.0,,2.7857142857142856,13.2,2.857142857142857,,33.72222222222222,,,,8.571428571428571,,6.612554112554113,0.4,0.25,7.220000000000001,,9.818181818181818,11.628571428571428,4.922547332185887,2.2499999999999996,0.42857142857142855,0.5833333333333334,2.857142857142857,,0.09183673469387757,,,0.0,14.058823529411764,4.7272727272727275,,2.4577521370208744
760,170440,"Potatoes, boiled, cooked without skin, flesh, without salt",Vegetables and Vegetable Products,0.8421052631578947,0.011111111111111112,0.0,3.3,3.0714285714285716,7.2,2.5714285714285716,5.428571428571428,1.7222222222222223,5.0,3.772893772893772,4.9523809523809526,5.714285714285714,2.5714285714285716,7.099567099567101,0.4,0.25,10.18,4.3428571428571425,7.2727272727272725,9.371428571428572,2.943201376936317,1.1874999999999998,0.42857142857142855,0.20833333333333334,8.75,5.904761904761905,0.09183673469387757,9.642857142857142,5.274725274725274,0.0,15.823529411764708,6.7272727272727275,3.1428571428571432,1.508166084080991
761,170441,"Potatoes, microwaved, cooked in skin, flesh, without salt",Vegetables and Vegetable Products,0.5263157894736842,,0.0,,3.5714285714285716,6.4,3.4285714285714284,6.57142857142857,2.2777777777777777,6.071428571428571,4.615384615384615,6.095238095238095,7.142857142857143,3.142857142857143,8.793290043290042,0.4,0.25,11.94,5.314285714285714,19.818181818181817,11.742857142857142,3.6144578313253017,1.5625,0.5714285714285714,0.2916666666666667,11.517857142857142,7.238095238095237,0.09183673469387757,11.785714285714285,6.483516483516482,0.0,18.764705882352942,13.727272727272727,,1.8433141027656557
762,170453,"Potatoes, o'brien, frozen, unprepared",Vegetables and Vegetable Products,1.368421052631579,,,,2.7142857142857144,7.6,2.2857142857142856,5.571428571428571,5.722222222222222,5.2142857142857135,3.9194139194139184,5.142857142857143,5.142857142857143,2.666666666666667,6.109307359307359,0.6125,0.3,8.559999999999999,4.457142857142856,8.909090909090908,7.114285714285714,3.14974182444062,2.8125,1.7142857142857142,1.375,4.821428571428571,6.19047619047619,0.12857142857142861,10.0,5.384615384615384,0.9333333333333333,12.294117647058822,10.272727272727273,,1.6198820903092124
763,170454,"Potatoes, o'brien, frozen, prepared",Vegetables and Vegetable Products,2.1052631578947367,,0.0,,7.285714285714286,6.8,3.4285714285714284,6.857142857142856,5.333333333333333,6.357142857142857,4.798534798534798,6.285714285714286,9.714285714285714,3.238095238095238,7.835497835497835,40.65,5.525,14.64,5.428571428571428,16.90909090909091,13.514285714285714,3.820998278829605,8.4375,1.7142857142857142,1.7916666666666667,4.642857142857142,7.619047619047619,12.131632653061226,12.142857142857142,6.593406593406592,1.2,22.176470588235297,9.454545454545455,,3.0721901712760933
764,170455,"Taro, tahitian, cooked, without salt",Vegetables and Vegetable Products,15.68421052631579,,0.0,,1.5714285714285714,,2.0,,8.666666666666666,,,,14.571428571428571,,2.5974025974025974,2.45,2.125,2.52,,12.181818181818182,17.8,7.160068846815835,12.375,1.1428571428571428,2.25,3.928571428571428,,0.6244897959183674,,,11.733333333333333,6.882352941176471,34.54545454545455,,0.5585800311411078
765,170456,"Tomatoes, green, raw",Vegetables and Vegetable Products,1.368421052631579,3.8444444444444446,0.0,2.15,0.8214285714285714,4.4,2.5714285714285716,2.5714285714285707,2.8333333333333335,2.0714285714285716,1.6117216117216113,2.095238095238095,2.857142857142857,0.9523809523809523,2.7056277056277054,0.975,0.075,10.0,1.7714285714285714,5.090909090909091,5.828571428571428,2.0654044750430294,2.5,0.5714285714285714,0.5416666666666666,5.357142857142857,2.857142857142857,0.18367346938775514,3.2142857142857135,1.703296703296703,4.266666666666667,4.764705882352941,21.272727272727273,14.428571428571429,0.3910060217987755
766,170457,"Tomatoes, red, ripe, raw, year round average",Vegetables and Vegetable Products,1.0526315789473684,4.988888888888889,0.0,1.675,0.6428571428571429,4.8,4.285714285714286,2.0,1.5,1.2857142857142854,0.9157509157509156,1.2857142857142858,3.142857142857143,0.5714285714285714,3.214285714285714,1.0,0.075,1.78,1.5428571428571427,4.363636363636363,6.771428571428571,1.5146299483648882,1.1874999999999998,0.0,0.20833333333333334,3.303571428571428,2.5714285714285716,0.18367346938775514,2.142857142857143,0.9890109890109887,5.6,4.705882352941177,12.454545454545455,11.285714285714286,0.9495860529398833
767,170464,"Tree fern, cooked, without salt",Vegetables and Vegetable Products,0.8421052631578947,,0.0,,1.4285714285714286,14.8,4.285714285714286,,0.8888888888888888,,,,1.4285714285714286,,18.939393939393938,0.17500000000000002,0.44999999999999996,1.26,,0.7272727272727273,0.14285714285714285,0.4991394148020654,18.75,1.2857142857142858,0.20833333333333334,0.0,,0.06428571428571431,,,1.3333333333333333,10.529411764705882,27.272727272727273,,1.7315980965374342
768,170465,"Turnips, raw",Vegetables and Vegetable Products,3.1578947368421053,0.0,0.0,2.775,1.0,7.2,4.285714285714286,2.0,1.6666666666666667,2.5714285714285707,1.2087912087912087,1.714285714285714,3.142857142857143,1.0476190476190474,2.1645021645021645,0.15,1.0,4.0,0.9714285714285714,4.909090909090909,5.457142857142857,1.5490533562822721,1.875,1.0,2.7916666666666665,3.571428571428571,2.380952380952381,0.09183673469387757,3.2142857142857135,1.648351648351648,0.0,5.294117647058823,19.09090909090909,0.14285714285714285,1.508166084080991
769,170466,"Turnip greens, cooked, boiled, drained, without salt",Vegetables and Vegetable Products,14.421052631578947,50.833333333333336,0.0,0.075,0.7142857142857143,14.0,33.714285714285715,4.0,4.444444444444445,4.2142857142857135,3.8461538461538454,3.5238095238095233,6.285714285714286,2.4761904761904763,2.224025974025974,0.35000000000000003,1.6,5.48,4.0,5.2727272727272725,5.8,1.9621342512908777,4.499999999999999,1.2857142857142858,1.2083333333333333,4.017857142857142,6.0,0.2112244897959184,7.142857142857142,4.285714285714285,50.8,10.588235294117647,24.90909090909091,525.1428571428571,0.782012043597551
770,170468,"Turnip greens, frozen, unprepared",Vegetables and Vegetable Products,12.421052631578947,,0.0,,0.7857142857142857,10.0,21.142857142857142,8.571428571428571,8.38888888888889,9.142857142857142,8.278388278388277,7.666666666666667,7.714285714285714,5.333333333333334,2.0725108225108224,0.475,2.175,2.8000000000000003,8.685714285714285,4.909090909090909,5.257142857142857,4.251290877796903,5.687499999999999,1.2857142857142858,0.5,3.928571428571428,12.857142857142856,0.28469387755102044,15.357142857142856,9.23076923076923,41.2,5.882352941176471,24.363636363636363,,0.9495860529398833
771,170469,"Turnip greens, frozen, cooked, boiled, drained, without salt",Vegetables and Vegetable Products,16.0,71.76666666666667,0.0,0.125,1.0357142857142858,13.6,11.142857142857142,11.57142857142857,10.777777777777779,12.357142857142854,11.245421245421243,10.380952380952381,7.428571428571429,7.238095238095237,2.5324675324675328,0.6375,2.9749999999999996,1.3800000000000001,11.771428571428569,6.181818181818182,6.4,5.765920826161791,4.624999999999999,1.7142857142857142,0.625,4.821428571428571,17.523809523809522,0.3857142857142858,20.714285714285715,12.527472527472526,71.73333333333333,3.9411764705882355,19.818181818181817,741.2857142857143,2.290178127678542
772,170470,"Turnip greens and turnips, frozen, unprepared",Vegetables and Vegetable Products,12.0,,0.0,,0.75,9.6,11.714285714285714,7.57142857142857,9.055555555555555,8.499999999999998,6.776556776556776,6.714285714285713,5.142857142857143,4.571428571428571,2.0995670995671,0.2875,1.625,2.46,6.914285714285713,4.363636363636363,2.342857142857143,4.23407917383821,5.499999999999999,1.2857142857142858,0.75,3.928571428571428,10.952380952380953,0.17448979591836739,13.214285714285712,7.8021978021978,40.666666666666664,4.352941176470588,23.454545454545453,,0.8937280498257725
773,170471,"Vegetables, mixed, frozen, unprepared",Vegetables and Vegetable Products,2.6315789473684212,,0.0,,2.5714285714285716,16.0,8.285714285714286,12.142857142857142,5.277777777777778,11.57142857142857,8.095238095238095,9.428571428571429,6.857142857142857,3.8095238095238093,6.774891774891775,2.1624999999999996,1.575,3.2600000000000002,7.942857142857143,10.727272727272727,6.057142857142857,5.731497418244407,5.3125,0.5714285714285714,1.9583333333333333,10.89285714285714,12.666666666666666,0.47755102040816333,12.142857142857142,9.560439560439558,33.86666666666667,5.647058823529412,9.454545454545455,,2.513610140134985
774,170472,"Vegetables, mixed, frozen, cooked, boiled, drained, without salt",Vegetables and Vegetable Products,2.6315789473684212,23.133333333333333,0.0,6.025,2.3214285714285716,17.6,5.428571428571429,10.428571428571427,4.555555555555555,9.928571428571429,6.959706959706959,8.095238095238095,6.285714285714286,3.238095238095238,4.604978354978354,0.6625,0.475,3.02,6.857142857142856,9.272727272727273,4.828571428571428,4.922547332185887,7.5,0.42857142857142855,1.4583333333333333,6.3392857142857135,10.952380952380953,0.13775510204081634,10.357142857142858,8.186813186813184,28.533333333333335,4.352941176470588,2.909090909090909,33.57142857142857,2.737042152591428
775,170474,"Vinespinach, (basella), raw",Vegetables and Vegetable Products,11.473684210526315,,0.0,,0.6785714285714286,,40.0,5.571428571428571,6.666666666666667,3.785714285714285,3.6996336996336994,4.095238095238095,18.571428571428573,1.8095238095238093,2.7056277056277054,,,1.06,4.857142857142857,9.454545454545455,14.571428571428571,3.0981067125645443,9.6875,1.1428571428571428,1.0,4.4642857142857135,5.238095238095238,0.2755102040816327,10.0,3.5714285714285707,53.333333333333336,14.117647058823529,92.72727272727273,,2.4018941339067634
776,170475,"Waxgourd, (chinese preserving melon), cooked, boiled, drained, without salt",Vegetables and Vegetable Products,1.894736842105263,0.0,0.0,1.225,0.5,4.0,1.1428571428571428,,2.111111111111111,,,0.4285714285714285,2.857142857142857,0.2857142857142857,2.0779220779220777,1.0999999999999999,0.0,2.42,,3.090909090909091,0.14285714285714285,0.6884681583476765,0.0625,0.2857142857142857,4.458333333333333,3.0357142857142856,,0.18367346938775514,0.7142857142857143,,0.0,1.8823529411764708,9.545454545454545,4.0,3.295622183732536
777,170476,"Winged beans, immature seeds, raw",Vegetables and Vegetable Products,8.842105263157896,,0.0,,1.75,,18.857142857142858,,8.333333333333334,,,,9.714285714285714,,4.87012987012987,2.0500000000000003,0.575,1.18,,6.7272727272727275,6.371428571428571,11.962134251290879,6.25,2.142857142857143,0.16666666666666666,12.5,,0.7989795918367348,,,,6.647058823529412,16.636363636363637,,2.1784621214503206
778,170477,"Winged beans, immature seeds, cooked, boiled, drained, without salt",Vegetables and Vegetable Products,6.421052631578948,,0.0,,1.3571428571428572,,10.0,,6.055555555555556,,,,8.571428571428571,,3.5281385281385282,1.5625,0.42500000000000004,0.8200000000000001,,4.545454545454546,7.828571428571428,9.139414802065405,4.499999999999999,1.5714285714285716,0.16666666666666666,7.678571428571428,,0.6061224489795919,,,0.5333333333333333,4.8235294117647065,8.90909090909091,,1.564024087195102
779,170478,"Winged bean leaves, raw",Vegetables and Vegetable Products,23.57894736842105,,0.0,,2.642857142857143,,4.571428571428571,11.714285714285715,22.22222222222222,14.57142857142857,13.150183150183148,10.857142857142858,2.2857142857142856,6.095238095238095,18.787878787878785,2.3375,0.65,2.72,10.742857142857142,11.454545454545455,5.0285714285714285,10.06884681583477,37.62499999999999,1.2857142857142858,0.375,74.37499999999999,17.333333333333332,1.0102040816326534,41.42857142857143,13.46153846153846,54.0,13.647058823529413,40.90909090909091,,7.14982439860618
780,170481,"Borage, raw",Vegetables and Vegetable Products,9.789473684210526,,0.0,,0.75,,3.7142857142857144,,18.333333333333332,,,,14.857142857142858,,4.87012987012987,1.3625,,0.8200000000000001,,9.636363636363637,13.428571428571429,3.0981067125645443,9.375,1.2857142857142858,3.3333333333333335,5.357142857142857,,0.6428571428571429,,,28.0,4.9411764705882355,31.818181818181817,,1.1171600622822155
781,170482,"Borage, cooked, boiled, drained, without salt",Vegetables and Vegetable Products,10.736842105263158,,0.0,,0.8928571428571429,,2.857142857142857,,20.22222222222222,,,,16.285714285714285,,5.086580086580087,1.5875,,0.9,,10.0,14.028571428571428,3.5972461273666094,10.3125,1.2857142857142858,3.6666666666666665,5.2678571428571415,,0.7438775510204083,,,29.2,5.1764705882352935,29.545454545454547,,1.2288760685104372
782,170483,"Drumstick pods, raw",Vegetables and Vegetable Products,3.1578947368421053,,0.0,,1.3214285714285714,12.8,12.571428571428571,,2.0,,,,12.857142857142858,,3.3549783549783547,,,15.88,,9.090909090909092,13.17142857142857,3.6144578313253017,4.624999999999999,1.0,1.75,4.732142857142857,,0.18367346938775514,,,0.5333333333333333,7.0588235294117645,128.1818181818182,,2.513610140134985
783,170484,"Drumstick pods, cooked, boiled, drained, without salt",Vegetables and Vegetable Products,2.1052631578947367,,0.0,,1.2857142857142858,16.8,8.571428571428571,,2.5,,,,12.0,,3.1926406926406927,0.0375,0.0,14.02,,8.909090909090908,13.057142857142857,3.5972461273666094,4.25,1.0,1.7916666666666667,4.107142857142857,,0.17448979591836739,,,0.5333333333333333,6.588235294117648,88.18181818181819,,2.346036130792653
784,170487,"Squash, summer, all varieties, raw",Vegetables and Vegetable Products,1.5789473684210527,1.3333333333333333,0.0,1.675,0.5714285714285714,4.4,8.285714285714286,3.571428571428571,1.9444444444444444,3.0,2.5274725274725274,3.095238095238095,4.857142857142857,1.619047619047619,2.635281385281385,0.41250000000000003,1.4000000000000001,3.1,2.342857142857143,6.909090909090909,7.485714285714286,2.0826161790017212,8.874999999999998,0.2857142857142857,0.08333333333333333,4.285714285714286,2.666666666666667,0.16530612244897963,3.928571428571428,2.9120879120879115,1.3333333333333333,12.823529411764707,15.454545454545455,4.285714285714286,1.6198820903092124
785,170488,"Squash, summer, all varieties, cooked, boiled, drained, without salt",Vegetables and Vegetable Products,2.8421052631578947,1.4111111111111112,0.0,1.975,0.7142857142857143,5.6,5.714285714285714,2.8571428571428568,2.0,2.357142857142857,1.941391941391941,2.380952380952381,6.857142857142857,1.2380952380952381,2.775974025974026,0.6125,2.0500000000000003,2.74,1.8285714285714285,7.090909090909091,5.485714285714286,1.566265060240964,2.5625,0.2857142857142857,0.041666666666666664,3.928571428571428,2.095238095238095,0.28469387755102044,2.857142857142857,2.2527472527472527,1.4666666666666666,3.823529411764706,5.0,5.0,2.1784621214503206
786,170489,"Squash, winter, all varieties, raw",Vegetables and Vegetable Products,2.9473684210526314,9.11111111111111,0.0,2.5,1.2142857142857142,6.0,6.857142857142857,3.857142857142857,3.222222222222222,4.071428571428571,3.0036630036630036,2.5238095238095237,4.0,1.714285714285714,2.7056277056277054,0.2625,0.8750000000000001,3.7600000000000002,3.2571428571428567,4.181818181818182,10.0,1.6351118760757317,3.875,0.5714285714285714,0.16666666666666666,2.6785714285714284,4.095238095238095,0.11938775510204083,7.5,3.406593406593406,9.066666666666666,9.176470588235293,11.181818181818182,1.5714285714285716,1.1730180653963265
787,170490,"Squash, winter, all varieties, cooked, baked, without salt",Vegetables and Vegetable Products,2.3157894736842106,31.033333333333335,0.0,2.65,1.3214285714285714,11.2,5.714285714285714,2.4285714285714284,2.4444444444444446,2.5,1.8315018315018312,1.5714285714285714,3.7142857142857144,1.0476190476190474,2.6785714285714284,0.6875,2.3,4.680000000000001,2.0,3.4545454545454546,6.885714285714286,1.5318416523235803,4.1875,0.5714285714285714,0.041666666666666664,1.4285714285714286,2.5714285714285716,0.32142857142857145,4.642857142857142,2.0879120879120876,34.8,9.47058823529412,8.727272727272727,6.2857142857142865,1.2288760685104372
788,170492,"Corn pudding, home prepared",Vegetables and Vegetable Products,4.105263157894737,0.4,24.0,13.875,4.678571428571429,4.8,8.285714285714286,15.714285714285714,2.9444444444444446,13.928571428571427,16.04395604395604,15.714285714285714,4.285714285714286,10.857142857142858,5.58982683982684,6.05,0.95,,12.342857142857142,16.363636363636363,5.0285714285714285,7.6075731497418255,9.625,8.714285714285714,11.75,6.160714285714286,16.095238095238095,4.628571428571429,21.071428571428566,14.01098901098901,7.6,7.470588235294118,3.3636363636363638,0.7142857142857143,2.681184149477317
789,170494,Spinach souffle,Vegetables and Vegetable Products,17.36842105263158,16.58888888888889,39.333333333333336,15.25,6.142857142857143,2.8,20.857142857142858,32.714285714285715,6.611111111111111,32.14285714285714,25.93406593406593,26.571428571428573,8.571428571428571,19.71428571428571,2.591991341991342,5.8375,2.775,8.76,23.2,25.272727272727273,6.6,13.580034423407918,16.4375,15.857142857142858,23.583333333333332,7.321428571428572,29.333333333333332,11.892857142857144,38.57142857142857,27.747252747252745,32.53333333333333,5.764705882352942,6.636363636363637,180.71428571428572,4.747930264699416
790,170496,"Seaweed, wakame, raw",Vegetables and Vegetable Products,15.789473684210526,2.4,0.0,3.475,1.6071428571428572,2.0,56.0,2.142857142857143,12.111111111111112,6.2142857142857135,9.413919413919412,5.333333333333334,30.571428571428573,6.0,8.658008658008658,0.125,0.05,13.939999999999998,6.3999999999999995,14.545454545454545,1.4285714285714286,5.215146299483649,14.375,1.0,36.333333333333336,5.357142857142857,15.714285714285714,0.5877551020408164,12.5,11.483516483516482,2.4,0.11764705882352942,2.727272727272727,7.571428571428571,2.1226041183362097
791,170497,"Peppers, hot chili, green, raw",Vegetables and Vegetable Products,1.894736842105263,7.455555555555556,0.0,2.775,1.4285714285714286,6.0,6.571428571428571,5.857142857142858,6.666666666666667,4.642857142857142,3.8461538461538454,4.238095238095238,7.142857142857143,2.2857142857142856,5.140692640692641,1.3,0.125,1.22,3.5428571428571427,8.363636363636363,9.714285714285714,3.4423407917383826,5.625,0.7142857142857143,0.2916666666666667,8.035714285714285,7.047619047619047,0.18367346938775514,9.285714285714285,4.615384615384615,7.866666666666666,16.35294117647059,220.45454545454547,20.428571428571427,1.6757400934233233
792,170498,"Potatoes, o'brien, home-prepared",Vegetables and Vegetable Products,3.789473684210526,,1.3333333333333333,,2.892857142857143,,2.2857142857142856,7.714285714285714,2.611111111111111,7.857142857142857,6.190476190476191,6.857142857142856,5.142857142857143,4.095238095238095,5.454545454545454,0.46249999999999997,0.44999999999999996,8.72,6.057142857142856,9.090909090909092,7.6,4.044750430292599,3.5,1.7142857142857142,9.041666666666666,6.696428571428571,8.476190476190476,1.1755102040816328,12.5,7.307692307692307,,12.529411764705882,15.181818181818182,,1.6757400934233233
793,170499,"Shallots, raw",Vegetables and Vegetable Products,3.8947368421052633,0.03333333333333333,0.0,2.825,2.5714285714285716,12.8,9.714285714285714,6.142857142857142,6.666666666666667,7.57142857142857,5.457875457875456,5.9523809523809526,6.0,2.5714285714285716,1.0822510822510822,0.46249999999999997,0.05,5.799999999999999,4.628571428571428,10.909090909090908,9.542857142857143,4.302925989672978,1.25,1.7142857142857142,0.5,5.357142857142857,9.333333333333334,0.09183673469387757,10.0,6.043956043956043,0.0,20.294117647058822,7.2727272727272725,1.1428571428571428,2.234320124564431
794,170502,"Tomatoes, orange, raw",Vegetables and Vegetable Products,0.5263157894736842,,0.0,,0.5714285714285714,3.6,8.285714285714286,2.5714285714285707,2.611111111111111,1.9285714285714286,1.5384615384615383,2.0,2.2857142857142856,0.9523809523809523,3.2088744588744587,0.9125,0.075,3.72,1.714285714285714,5.2727272727272725,6.057142857142857,1.9965576592082617,2.125,0.5714285714285714,1.75,4.107142857142857,2.7619047619047623,0.17448979591836739,2.857142857142857,1.648351648351648,10.0,3.5294117647058822,14.545454545454545,,0.782012043597551
795,170503,"Mustard greens, cooked, boiled, drained, with salt",Vegetables and Vegetable Products,12.421052631578947,70.0,0.0,0.075,0.9285714285714286,8.0,2.5714285714285716,,4.833333333333333,,,,3.7142857142857144,,2.343073593073593,0.3,0.5499999999999999,2.4,,7.636363636363637,4.628571428571429,4.40619621342513,3.9374999999999996,0.8571428571428571,10.5,3.660714285714286,,0.43163265306122456,,,70.26666666666667,5.764705882352942,23.0,846.7142857142858,0.8378700467116617
796,170504,"Mustard greens, frozen, cooked, boiled, drained, with salt",Vegetables and Vegetable Products,10.631578947368421,47.17777777777778,0.0,0.075,0.6785714285714286,11.2,20.0,5.857142857142858,6.222222222222223,5.928571428571429,2.564102564102564,4.904761904761904,3.7142857142857144,2.0,1.396103896103896,0.3,0.5499999999999999,0.32,3.428571428571428,4.363636363636363,3.9714285714285715,3.907056798623064,3.3124999999999996,0.8571428571428571,10.875,3.571428571428571,5.714285714285714,0.2295918367346939,8.928571428571427,4.835164835164834,47.2,6.352941176470589,12.545454545454545,478.7142857142857,1.1171600622822155
797,170505,"Mustard spinach, (tendergreen), cooked, boiled, drained, with salt",Vegetables and Vegetable Products,16.63157894736842,,0.0,,0.5714285714285714,8.0,20.857142857142858,,4.444444444444445,,,,2.0,,2.326839826839827,,,2.38,,3.272727272727273,8.142857142857142,2.925989672977625,3.875,0.8571428571428571,10.416666666666666,3.660714285714286,,0.18367346938775514,,,54.666666666666664,5.7058823529411775,59.09090909090909,,0.6144380342552186
798,170506,"New zealand spinach, cooked, boiled, drained, with salt",Vegetables and Vegetable Products,5.052631578947368,,0.0,,0.42857142857142855,5.6,2.2857142857142856,,3.6666666666666665,,,,9.142857142857142,,2.1103896103896105,0.13749999999999998,1.4000000000000001,5.12,,4.0,2.914285714285714,2.2375215146299485,6.687499999999999,1.2857142857142858,14.291666666666666,2.6785714285714284,,0.15612244897959185,,,,13.941176470588236,14.545454545454545,417.14285714285717,1.7315980965374342
799,170507,"Onions, frozen, whole, cooked, boiled, drained, with salt",Vegetables and Vegetable Products,2.8421052631578947,0.011111111111111112,0.0,1.1,0.9285714285714286,5.6,3.7142857142857144,1.714285714285714,1.8888888888888888,1.7857142857142856,0.9157509157509156,1.619047619047619,2.2857142857142856,0.5714285714285714,0.7142857142857143,0.2375,0.025,1.56,1.0285714285714282,0.36363636363636365,2.8857142857142857,1.2220309810671257,1.1249999999999998,0.5714285714285714,10.166666666666666,1.4285714285714286,1.619047619047619,0.045918367346938785,3.571428571428571,0.879120879120879,0.0,4.11764705882353,4.636363636363636,0.42857142857142855,0.5027220280269971
800,170508,"Parsnips, cooked, boiled, drained, with salt",Vegetables and Vegetable Products,3.8947368421052633,0.0,0.0,6.75,2.5357142857142856,16.0,16.571428571428573,,3.222222222222222,,,,8.285714285714286,,3.9177489177489173,0.5125000000000001,0.075,11.76,,12.545454545454545,10.485714285714286,2.2719449225473323,3.1874999999999996,2.4285714285714284,10.25,7.410714285714286,,0.2755102040816327,,,0.0,5.470588235294119,11.818181818181818,1.4285714285714286,1.4523080809668802
801,170509,"Peas, edible-podded, cooked, boiled, drained, with salt",Vegetables and Vegetable Products,4.421052631578948,6.633333333333334,0.0,4.35,1.4285714285714286,11.2,8.285714285714286,2.8571428571428568,10.944444444444445,13.428571428571427,9.78021978021978,11.19047619047619,7.428571428571429,1.2380952380952381,2.916666666666667,1.0625,0.375,13.460000000000003,5.999999999999999,10.0,6.857142857142857,5.628227194492255,4.749999999999999,1.0,10.0,11.428571428571429,10.952380952380953,0.2112244897959184,11.428571428571429,17.527472527472526,6.933333333333334,8.470588235294118,43.54545454545455,35.714285714285715,2.0667461152220987
802,170510,"Peas, edible-podded, frozen, cooked, boiled, drained, with salt",Vegetables and Vegetable Products,6.2105263157894735,8.444444444444445,0.0,5.25,1.7857142857142858,12.4,10.0,3.1428571428571423,13.333333333333334,14.428571428571429,10.476190476190474,12.0,8.0,1.3333333333333335,3.046536796536796,1.775,0.625,17.14,6.3999999999999995,10.545454545454545,6.2,6.024096385542169,7.437499999999999,1.1428571428571428,10.041666666666666,5.714285714285714,11.714285714285715,0.34897959183673477,12.142857142857142,18.79120879120879,8.8,10.235294117647058,20.0,43.142857142857146,2.737042152591428
803,170511,"Peas, mature seeds, sprouted, cooked, boiled, drained, with salt",Vegetables and Vegetable Products,2.736842105263158,,0.0,,3.5,,10.285714285714286,30.999999999999996,9.277777777777779,15.785714285714285,17.32600732600732,23.666666666666668,11.714285714285714,8.476190476190476,5.800865800865801,2.4375,1.125,13.660000000000002,18.57142857142857,4.363636363636363,7.6571428571428575,12.134251290877797,17.812499999999996,0.8571428571428571,9.958333333333334,19.285714285714285,22.857142857142858,0.4683673469387756,,15.659340659340655,0.6666666666666666,7.529411764705883,6.0,,4.356924242900641
804,170513,"Peas and carrots, frozen, cooked, boiled, drained, with salt",Vegetables and Vegetable Products,2.4210526315789473,52.5,0.0,4.525,1.7142857142857142,12.4,7.428571428571429,8.571428571428571,5.222222222222222,8.0,6.556776556776555,8.333333333333332,4.571428571428571,4.19047619047619,6.244588744588744,2.0500000000000003,0.8999999999999999,3.2600000000000002,6.457142857142856,8.909090909090908,4.514285714285714,5.3184165232358005,4.0,1.5714285714285716,12.666666666666666,20.08928571428571,11.04761904761905,0.3857142857142858,7.857142857142856,7.362637362637361,63.46666666666667,5.117647058823529,7.363636363636363,26.857142857142858,2.513610140134985
805,170514,"Peas and onions, frozen, cooked, boiled, drained, with salt",Vegetables and Vegetable Products,1.4736842105263157,6.955555555555556,0.0,3.975,1.6071428571428572,8.8,5.714285714285714,7.0,5.222222222222222,6.499999999999999,5.42124542124542,6.999999999999999,3.7142857142857144,3.5238095238095233,5.64935064935065,0.975,0.4,1.8,5.257142857142856,6.181818181818182,3.342857142857143,4.371772805507746,4.3125,0.5714285714285714,11.375,13.392857142857142,8.857142857142858,0.18367346938775514,6.785714285714285,5.879120879120878,7.066666666666666,5.117647058823529,6.2727272727272725,17.285714285714285,1.6198820903092124
806,170515,"Peppers, sweet, red, cooked, boiled, drained, with salt",Vegetables and Vegetable Products,0.9473684210526315,16.944444444444443,0.0,1.45,0.9285714285714286,4.8,4.571428571428571,2.714285714285714,2.5555555555555554,2.142857142857143,1.758241758241758,1.9523809523809526,2.857142857142857,1.0476190476190474,2.581168831168831,1.2,0.25,1.58,1.657142857142857,3.272727272727273,4.742857142857143,1.5834767641996559,1.875,0.42857142857142855,9.916666666666666,5.2678571428571415,3.238095238095238,0.18367346938775514,4.285714285714286,2.1428571428571423,19.6,13.705882352941178,155.45454545454547,7.285714285714285,0.6702960373693293
807,170516,"Peppers, sweet, green, frozen, chopped, cooked, boiled, drained, with salt",Vegetables and Vegetable Products,0.8421052631578947,,0.0,,0.5714285714285714,3.6,2.857142857142857,2.714285714285714,2.888888888888889,2.214285714285714,1.7948717948717947,2.0,2.0,1.0476190476190474,5.854978354978355,1.125,0.22499999999999998,0.45999999999999996,1.657142857142857,2.3636363636363638,2.057142857142857,1.6351118760757317,1.9375,0.2857142857142857,10.0,4.553571428571428,3.3333333333333335,0.16530612244897963,4.285714285714286,2.1978021978021975,,6.352941176470589,37.45454545454545,,0.2792900155705539
808,170517,"Pigeonpeas, immature seeds, cooked, boiled, drained, with salt",Vegetables and Vegetable Products,4.315789473684211,0.3333333333333333,0.0,9.475,3.9642857142857144,16.8,28.571428571428573,,8.722222222222221,,,,11.428571428571429,,11.6504329004329,10.75,0.975,12.6,,21.454545454545453,13.028571428571428,10.25817555938038,10.375,1.7142857142857142,10.0,31.249999999999996,,1.2489795918367348,,,0.26666666666666666,3.1176470588235294,25.545454545454547,28.285714285714285,4.580356255357084
809,170518,"Pokeberry shoots, (poke), cooked, boiled, drained, with salt",Vegetables and Vegetable Products,5.578947368421052,58.0,0.0,0.075,0.7142857142857143,6.0,2.5714285714285716,,6.666666666666667,,,,4.0,,5.952380952380953,,,0.78,,6.0,5.257142857142857,3.958691910499139,15.625,1.2857142857142858,10.583333333333334,6.25,,0.3673469387755103,,,58.0,6.529411764705882,74.54545454545455,154.28571428571428,1.0613020591681048
810,170519,"Potatoes, boiled, cooked in skin, skin, with salt",Vegetables and Vegetable Products,4.7368421052631575,,0.0,,2.7857142857142856,13.2,2.857142857142857,,33.72222222222222,,,,8.571428571428571,,6.612554112554113,0.4,0.25,7.220000000000001,,9.818181818181818,11.628571428571428,4.922547332185887,2.2499999999999996,0.42857142857142855,10.416666666666666,2.857142857142857,,0.09183673469387757,,,0.0,14.058823529411764,4.7272727272727275,,2.4577521370208744
811,170520,"Potatoes, boiled, cooked without skin, flesh, with salt",Vegetables and Vegetable Products,0.8421052631578947,0.011111111111111112,0.0,3.3,3.0714285714285716,8.0,2.5714285714285716,5.428571428571428,1.7222222222222223,5.0,3.772893772893772,4.9523809523809526,5.714285714285714,2.5714285714285716,7.099567099567101,0.4,0.25,10.18,4.3428571428571425,7.2727272727272725,9.371428571428572,2.943201376936317,1.1874999999999998,0.42857142857142855,10.041666666666666,8.75,5.904761904761905,0.09183673469387757,9.642857142857142,5.274725274725274,0.0,15.823529411764708,6.7272727272727275,3.1428571428571432,1.508166084080991
812,170521,"Potatoes, microwaved, cooked, in skin, flesh and skin, with salt",Vegetables and Vegetable Products,1.1578947368421053,,0.0,,3.75,9.2,3.4285714285714284,7.714285714285714,6.888888888888889,7.071428571428571,5.384615384615383,7.095238095238094,7.714285714285714,3.714285714285714,9.274891774891776,0.4,0.25,9.08,6.228571428571428,19.09090909090909,12.771428571428572,4.199655765920826,2.0,0.5714285714285714,10.166666666666666,10.714285714285714,8.476190476190476,0.09183673469387757,13.57142857142857,7.582417582417581,0.0,20.235294117647058,13.727272727272727,,2.0108881121079882
813,170522,"Potatoes, microwaved, cooked in skin, flesh, with salt",Vegetables and Vegetable Products,0.5263157894736842,,0.0,,3.5714285714285716,6.4,3.4285714285714284,6.57142857142857,2.2777777777777777,6.071428571428571,4.615384615384615,6.095238095238095,7.142857142857143,3.142857142857143,8.793290043290042,0.4,0.25,11.94,5.314285714285714,19.818181818181817,11.742857142857142,3.6144578313253017,1.5625,0.5714285714285714,10.125,11.517857142857142,7.238095238095237,0.09183673469387757,11.785714285714285,6.483516483516482,0.0,18.764705882352942,13.727272727272727,,1.8433141027656557
814,170526,"Pumpkin, cooked, boiled, drained, with salt",Vegetables and Vegetable Products,1.5789473684210527,23.288888888888888,0.0,1.55,0.6428571428571429,4.4,2.5714285714285716,1.5714285714285712,3.166666666666666,1.6428571428571426,1.2454212454212454,1.857142857142857,2.5714285714285716,0.7619047619047619,2.234848484848485,0.025,0.05,4.0200000000000005,1.314285714285714,5.454545454545454,6.571428571428571,1.2392426850258176,4.875,0.2857142857142857,9.875,2.767857142857143,2.0,0.06428571428571431,3.2142857142857135,1.3736263736263734,38.4,2.5882352941176467,4.2727272727272725,1.1428571428571428,1.284734071624548
815,170528,"Rutabagas, cooked, boiled, drained, with salt",Vegetables and Vegetable Products,1.894736842105263,0.011111111111111112,0.0,3.8,1.0714285714285714,7.2,4.285714285714286,,1.0,,,,2.857142857142857,,3.869047619047619,0.475,1.425,3.1,,7.454545454545454,6.171428571428572,1.6006884681583478,2.5625,1.0,10.583333333333334,7.321428571428572,,0.16530612244897963,,,0.0,6.0,17.09090909090909,0.2857142857142857,0.6702960373693293
816,170529,"Salsify, cooked, boiled, drained, with salt",Vegetables and Vegetable Products,4.947368421052632,0.0,0.0,6.475,2.4285714285714284,12.4,4.285714285714286,,3.055555555555556,,,,5.142857142857143,,2.121212121212121,,,5.5200000000000005,,10.181818181818182,8.085714285714285,4.698795180722892,10.812499999999998,0.8571428571428571,10.5,5.0,,0.15612244897959185,,,0.0,12.823529411764707,4.181818181818182,0.42857142857142855,1.6757400934233233
817,170530,"Soybeans, green, cooked, boiled, drained, with salt",Vegetables and Vegetable Products,15.263157894736842,,0.0,,5.035714285714286,16.8,31.714285714285715,47.42857142857143,13.88888888888889,38.785714285714285,32.344322344322336,35.19047619047619,17.142857142857142,14.285714285714285,6.764069264069264,33.2125,8.85,2.56,31.942857142857143,28.727272727272727,15.4,21.256454388984512,9.6875,2.0,10.416666666666666,23.21428571428571,46.85714285714286,5.8775510204081645,53.57142857142857,30.164835164835164,1.0666666666666667,3.5294117647058822,15.454545454545455,,5.083078283384081
818,170531,"Spinach, cooked, boiled, drained, with salt",Vegetables and Vegetable Products,14.31578947368421,69.86666666666666,0.0,4.925,0.8214285714285714,9.6,41.714285714285715,9.428571428571429,19.833333333333332,10.857142857142856,8.46153846153846,8.666666666666666,24.857142857142858,5.238095238095238,2.6515151515151514,0.21250000000000002,2.3,2.8999999999999995,7.657142857142857,10.181818181818182,13.314285714285715,5.111876075731498,14.749999999999998,2.142857142857143,12.75,8.482142857142856,12.095238095238095,0.23877551020408166,14.285714285714285,9.23076923076923,69.86666666666666,14.235294117647058,8.90909090909091,705.1428571428571,4.245208236672419
819,170532,"Squash, summer, crookneck and straightneck, frozen, cooked, boiled, drained, with salt",Vegetables and Vegetable Products,2.1052631578947367,1.3333333333333333,0.0,2.425,0.8928571428571429,5.6,3.7142857142857144,4.0,2.888888888888889,3.285714285714285,2.747252747252747,3.3809523809523805,7.714285714285714,1.714285714285714,2.380952380952381,0.3875,1.275,2.04,2.571428571428571,7.454545454545454,7.228571428571429,2.203098106712565,2.9375,0.42857142857142855,10.083333333333334,3.2142857142857135,2.9523809523809526,0.18367346938775514,3.928571428571428,3.1868131868131866,1.3333333333333333,5.8235294117647065,6.181818181818182,7.714285714285714,1.8991721058797666
820,170533,"Squash, summer, scallop, cooked, boiled, drained, with salt",Vegetables and Vegetable Products,1.5789473684210527,0.5666666666666667,0.0,1.55,0.5714285714285714,7.6,6.0,3.1428571428571423,1.8333333333333333,2.6428571428571423,2.234432234432234,2.7142857142857144,5.428571428571429,1.4285714285714286,2.510822510822511,0.3375,1.125,1.58,2.0571428571428565,5.090909090909091,4.0,1.772805507745267,1.5625,0.2857142857142857,9.875,4.553571428571428,2.380952380952381,0.15612244897959185,3.2142857142857135,2.582417582417582,0.5333333333333333,5.0,9.818181818181818,5.0,1.3405920747386586
821,170534,"Squash, summer, zucchini, includes skin, cooked, boiled, drained, with salt",Vegetables and Vegetable Products,1.894736842105263,7.444444444444445,0.0,2.35,0.5357142857142857,4.0,8.0,2.0,2.0555555555555554,1.6428571428571426,1.355311355311355,1.6666666666666667,5.428571428571429,0.857142857142857,2.75974025974026,0.7250000000000001,2.35,5.76,1.257142857142857,6.7272727272727275,7.542857142857143,1.9621342512908777,1.4999999999999998,0.2857142857142857,9.958333333333334,3.125,1.4285714285714286,0.33061224489795926,2.142857142857143,1.5934065934065933,7.466666666666667,4.705882352941177,11.727272727272727,6.0,1.8433141027656557
822,170535,"Squash, summer, zucchini, includes skin, frozen, cooked, boiled, drained, with salt",Vegetables and Vegetable Products,1.7894736842105263,1.1777777777777778,0.0,2.35,0.5,5.2,2.2857142857142856,3.571428571428571,2.6666666666666665,2.928571428571429,2.454212454212454,3.0476190476190474,3.7142857142857144,1.5238095238095237,2.088744588744589,0.2625,0.8500000000000001,5.3,2.2857142857142856,4.545454545454546,5.542857142857143,1.9793459552495696,2.5,0.2857142857142857,9.916666666666666,3.660714285714286,2.666666666666667,0.11938775510204083,3.571428571428571,2.8571428571428568,1.2,2.6470588235294117,3.3636363636363638,6.0,1.1171600622822155
823,170537,"Squash, winter, hubbard, baked, with salt",Vegetables and Vegetable Products,1.7894736842105263,39.77777777777778,0.0,3.65,1.7857142857142858,19.6,4.571428571428571,4.0,2.611111111111111,4.142857142857143,3.0769230769230766,2.619047619047619,6.285714285714286,1.714285714285714,3.0194805194805197,1.2125000000000001,4.05,8.940000000000001,3.314285714285714,4.181818181818182,10.228571428571428,4.268502581755595,2.9375,0.8571428571428571,10.166666666666666,6.607142857142856,4.19047619047619,0.5693877551020409,7.5,3.516483516483516,44.666666666666664,10.117647058823529,8.636363636363637,2.2857142857142856,0.8378700467116617
824,170538,"Squash, winter, hubbard, cooked, boiled, mashed, with salt",Vegetables and Vegetable Products,1.0526315789473684,23.766666666666666,0.0,2.175,1.0714285714285714,11.6,2.857142857142857,4.0,1.5555555555555558,4.142857142857143,3.0769230769230766,2.619047619047619,3.7142857142857144,1.714285714285714,1.8073593073593073,0.7250000000000001,2.4250000000000003,5.9399999999999995,3.314285714285714,2.5454545454545454,6.114285714285714,2.547332185886403,1.75,0.42857142857142855,10.041666666666666,3.75,4.19047619047619,0.339795918367347,7.5,3.516483516483516,26.666666666666668,6.0588235294117645,5.909090909090909,1.4285714285714286,0.5585800311411078
825,170539,"Squash, winter, spaghetti, cooked, boiled, drained, or baked, with salt",Vegetables and Vegetable Products,2.210526315789474,0.6555555555555556,0.0,1.875,0.9642857142857143,5.6,2.2857142857142856,1.5714285714285712,1.8888888888888888,1.714285714285714,1.2454212454212454,1.0476190476190474,3.142857142857143,0.6666666666666667,4.383116883116883,0.5875,1.95,7.1,1.3714285714285712,,3.342857142857143,1.1359724612736661,1.3749999999999998,0.42857142857142855,10.583333333333334,3.3928571428571423,1.714285714285714,0.23877551020408166,3.2142857142857135,1.4285714285714284,0.8,5.8235294117647065,3.1818181818181817,1.1428571428571428,1.1171600622822155
826,170540,"Succotash, (corn and limas), cooked, boiled, drained, with salt",Vegetables and Vegetable Products,1.7894736842105263,,0.0,,3.9642857142857144,,9.428571428571429,23.0,8.444444444444445,20.428571428571423,16.336996336996336,14.142857142857142,15.142857142857142,6.476190476190476,7.1807359307359295,4.0125,1.5,11.34,13.999999999999998,21.272727272727273,11.714285714285714,8.7263339070568,5.999999999999999,0.8571428571428571,10.541666666666666,15.0,20.09523809523809,0.7346938775510206,20.357142857142854,16.92307692307692,2.0,6.8235294117647065,7.454545454545453,,3.519054196188979
827,170541,"Sweet potato, cooked, boiled, without skin, with salt",Vegetables and Vegetable Products,2.8421052631578947,104.93333333333334,0.0,2.7,2.7142857142857144,10.0,1.7142857142857142,4.428571428571428,4.0,5.857142857142858,4.432234432234432,3.8571428571428568,5.142857142857143,3.904761904761905,2.911255411255411,1.0,0.0,11.62,5.657142857142857,5.818181818181818,6.571428571428571,2.358003442340792,2.9375,0.2857142857142857,10.958333333333334,5.0,7.80952380952381,0.12857142857142861,7.142857142857142,5.934065934065933,104.93333333333334,9.705882352941178,11.636363636363637,3.0,1.1171600622822155
828,170542,"Sweet potato, frozen, cooked, baked, with salt",Vegetables and Vegetable Products,3.6842105263157894,,0.0,,3.5714285714285716,7.2,6.285714285714286,4.571428571428571,3.0,6.142857142857142,4.615384615384615,4.0,6.0,4.0,3.0032467532467537,0.5625,0.2,11.200000000000001,5.885714285714284,8.0,10.771428571428572,2.943201376936317,3.5,0.8571428571428571,10.166666666666666,5.892857142857142,8.095238095238095,0.11020408163265308,7.5,6.153846153846153,109.46666666666667,10.941176470588237,8.272727272727273,,1.6757400934233233
829,170543,"Taro, cooked, with salt",Vegetables and Vegetable Products,1.894736842105263,0.43333333333333335,0.0,5.325,5.071428571428571,20.4,5.428571428571429,1.714285714285714,4.0,1.357142857142857,1.3919413919413917,1.0952380952380951,8.571428571428571,0.6666666666666667,2.75974025974026,0.4,0.35000000000000003,6.720000000000001,1.5999999999999999,13.818181818181818,13.82857142857143,0.8950086058519794,1.75,1.2857142857142858,10.458333333333334,9.553571428571427,2.2857142857142856,0.10102040816326532,2.857142857142857,1.5384615384615383,0.5333333333333333,19.47058823529412,4.545454545454546,1.7142857142857142,1.508166084080991
830,170544,"Taro, leaves, cooked, steamed, with salt",Vegetables and Vegetable Products,9.052631578947368,,0.0,,0.8571428571428571,8.0,13.714285714285714,8.857142857142856,6.555555555555555,10.14285714285714,7.838827838827837,6.3809523809523805,5.714285714285714,4.095238095238095,6.8560606060606055,1.4625000000000001,1.275,0.8799999999999999,6.114285714285713,4.909090909090909,13.142857142857142,4.6815834767642,23.75,1.2857142857142858,9.916666666666666,12.410714285714286,8.666666666666666,0.37653061224489803,9.285714285714285,7.6923076923076925,28.266666666666666,4.235294117647059,32.27272727272727,,1.1730180653963265
831,170547,"Turnips, cooked, boiled, drained, with salt",Vegetables and Vegetable Products,2.3157894736842106,0.0,0.0,2.175,0.7857142857142857,8.0,2.5714285714285716,1.5714285714285712,1.2222222222222223,2.0714285714285716,0.9523809523809522,1.3333333333333335,2.2857142857142856,0.857142857142857,1.6179653679653678,0.11249999999999999,0.8,2.84,0.7999999999999999,3.4545454545454546,3.857142857142857,1.2220309810671257,1.4374999999999998,0.8571428571428571,11.916666666666666,2.4107142857142856,1.9047619047619047,0.07346938775510205,2.5,1.2637362637362635,0.0,3.9411764705882355,10.545454545454545,0.14285714285714285,1.1171600622822155
832,170548,"Turnips, frozen, cooked, boiled, drained, with salt",Vegetables and Vegetable Products,3.3684210526315788,0.0,0.0,2.175,0.75,8.0,2.2857142857142856,3.428571428571428,5.444444444444445,4.428571428571428,2.0879120879120876,2.9047619047619047,4.0,1.8095238095238093,3.0303030303030307,0.35000000000000003,2.35,2.8199999999999994,1.714285714285714,4.7272727272727275,5.2,2.6333907056798624,1.75,0.8571428571428571,11.333333333333334,3.125,4.0,0.22040816326530616,5.357142857142857,2.8021978021978016,0.0,3.9411764705882355,3.5454545454545454,0.14285714285714285,1.1171600622822155
833,170549,"Waxgourd, (chinese preserving melon), cooked, boiled, drained, with salt",Vegetables and Vegetable Products,1.894736842105263,0.0,0.0,1.225,0.39285714285714285,4.0,1.1428571428571428,,2.111111111111111,,,0.4285714285714285,2.857142857142857,0.2857142857142857,2.0779220779220777,1.0999999999999999,,2.42,,3.090909090909091,0.14285714285714285,0.6884681583476765,0.0625,0.2857142857142857,14.291666666666666,3.0357142857142856,,0.18367346938775514,0.7142857142857143,,0.0,1.8823529411764708,9.545454545454545,4.0,3.295622183732536
834,170550,"Winged bean, immature seeds, cooked, boiled, drained, with salt",Vegetables and Vegetable Products,6.421052631578948,,0.0,,1.3214285714285714,,10.0,,6.055555555555556,,,,8.571428571428571,,3.5281385281385282,1.95,0.525,0.8200000000000001,,4.545454545454546,7.828571428571428,9.139414802065405,4.499999999999999,1.5714285714285716,10.0,7.678571428571428,,0.6061224489795919,,,0.5333333333333333,4.8235294117647065,8.90909090909091,,1.564024087195102
835,170551,"Yam, cooked, boiled, drained, or baked, with salt",Vegetables and Vegetable Products,1.4736842105263157,0.8111111111111111,0.0,4.05,4.071428571428571,15.6,4.571428571428571,4.714285714285714,2.888888888888889,3.571428571428571,3.443223443223443,2.7619047619047623,5.142857142857143,1.9047619047619047,2.987012987012987,0.625,0.22499999999999998,6.220000000000001,3.9428571428571426,8.909090909090908,19.142857142857142,2.564543889845095,1.75,1.0,10.166666666666666,8.482142857142856,4.9523809523809526,0.12857142857142861,4.285714285714286,3.296703296703296,0.8,13.411764705882353,11.0,3.285714285714285,1.1171600622822155
836,170552,"Seeds, breadnut tree seeds, raw",Nut and Seed Products,10.31578947368421,,0.0,,7.75,,18.857142857142858,12.999999999999998,11.61111111111111,24.142857142857142,23.699633699633697,12.38095238095238,19.428571428571427,3.3333333333333335,4.761904761904762,5.075,3.05,22.06,16.11428571428571,12.181818181818182,33.8,10.275387263339072,3.4375,,1.2916666666666667,4.910714285714286,22.0952380952381,0.9091836734693879,57.85714285714285,31.758241758241752,1.6,23.70588235294118,24.90909090909091,,6.311954351894517
837,170553,"Seeds, breadnut tree seeds, dried",Nut and Seed Products,9.894736842105264,,0.0,,13.107142857142858,59.6,32.285714285714285,18.857142857142858,25.555555555555554,34.857142857142854,34.24908424908424,17.904761904761905,32.857142857142854,4.761904761904762,11.363636363636363,8.625,5.175,37.5,23.257142857142853,32.36363636363637,57.457142857142856,14.836488812392426,8.75,2.7142857142857144,2.2083333333333335,2.6785714285714284,31.904761904761905,1.5428571428571431,83.57142857142857,45.82417582417581,1.4666666666666666,40.294117647058826,42.36363636363637,,10.668878594795158
838,170554,"Seeds, chia seeds, dried",Nut and Seed Products,66.42105263157895,,0.0,,17.357142857142858,137.6,14.0,75.85714285714285,42.888888888888886,57.214285714285715,50.21978021978021,46.19047619047619,95.71428571428571,55.99999999999999,47.78138528138528,72.9375,445.74999999999994,,58.05714285714285,156.36363636363637,11.628571428571428,28.46815834767642,10.625,78.85714285714286,0.6666666666666666,55.357142857142854,67.52380952380952,28.230612244897962,155.7142857142857,52.19780219780219,,,1.4545454545454546,,25.58296542626274
839,170556,"Seeds, pumpkin and squash seed kernels, dried",Nut and Seed Products,4.842105263157895,0.1,0.0,15.75,19.964285714285715,24.0,16.571428571428573,111.42857142857142,49.0,91.49999999999999,88.6080586080586,58.857142857142854,169.14285714285714,57.42857142857142,26.985930735930733,258.875,3.0,15.0,99.02857142857142,224.1818181818182,23.114285714285714,52.03098106712565,9.562499999999998,13.428571428571429,0.2916666666666667,24.375,95.04761904761904,45.04591836734694,205.71428571428567,86.75824175824175,0.13333333333333333,8.411764705882353,1.7272727272727273,10.428571428571429,43.62510043212052
840,170557,"Seeds, pumpkin and squash seed kernels, roasted, without salt",Nut and Seed Products,5.473684210526316,0.05555555555555555,0.0,15.75,20.5,26.0,16.285714285714285,109.99999999999999,44.833333333333336,90.35714285714283,87.47252747252745,58.095238095238095,157.14285714285714,56.666666666666664,23.97186147186147,244.875,2.775,11.399999999999999,97.77142857142856,213.45454545454547,22.514285714285716,51.35972461273666,9.375,13.428571428571429,0.75,6.25,93.80952380952381,45.04591836734694,203.21428571428567,85.65934065934064,0.0,5.882352941176471,1.6363636363636365,6.428571428571429,42.67551437918063
841,170558,"Seeds, safflower seed kernels, dried",Nut and Seed Products,8.210526315789474,,0.0,,18.464285714285715,,45.714285714285715,64.57142857142857,27.222222222222225,51.21428571428571,42.27106227106226,25.42857142857143,100.85714285714286,27.047619047619044,12.359307359307358,351.05,2.775,80.6,46.05714285714286,117.0909090909091,19.62857142857143,27.848537005163514,25.9375,,0.125,103.83928571428571,55.8095238095238,35.311224489795926,65.35714285714285,56.3186813186813,0.4,68.82352941176471,0.0,,28.208291572625942
842,170559,"Seeds, safflower seed meal, partially defatted",Nut and Seed Products,8.105263157894736,,0.0,,12.214285714285714,,45.42857142857143,142.14285714285714,27.000000000000004,112.78571428571428,93.04029304029302,55.99999999999999,100.0,59.52380952380952,12.256493506493506,19.7,0.15,79.92,101.37142857142857,116.0,1.9428571428571428,61.30808950086058,25.749999999999996,,0.125,102.94642857142856,122.85714285714285,2.194897959183674,143.92857142857142,124.06593406593406,0.26666666666666666,68.29411764705883,0.0,,27.9848595601695
843,170560,"Seeds, sesame flour, low-fat",Nut and Seed Products,15.68421052631579,,0.0,,11.892857142857142,,8.285714285714286,210.85714285714283,79.0,154.07142857142856,140.6959706959707,76.57142857142857,96.57142857142857,157.7142857142857,67.81926406926407,7.725,0.27499999999999997,54.9,151.88571428571427,137.63636363636363,11.342857142857143,86.29948364888125,16.8125,,1.625,224.6428571428571,198.19047619047618,1.6071428571428574,391.7857142857143,153.8461538461538,0.4,8.352941176470589,0.0,,55.85800311411078
844,170561,"Seeds, sesame meal, partially defatted",Nut and Seed Products,16.105263157894736,,0.0,,20.25,,8.571428571428571,71.28571428571428,80.83333333333333,52.14285714285714,47.58241758241758,25.904761904761905,98.85714285714286,53.333333333333336,69.35064935064936,258.175,9.075,56.14,51.37142857142857,140.72727272727272,11.6,29.191049913941484,17.1875,,1.625,229.73214285714283,67.04761904761904,44.081632653061234,132.5,52.032967032967015,0.4,8.588235294117647,0.0,,57.14273718573533
845,170562,"Seeds, sunflower seed kernels, dried",Nut and Seed Products,8.210526315789474,0.3333333333333333,0.0,13.775,20.857142857142858,34.4,64.85714285714286,90.28571428571428,29.166666666666668,81.35714285714285,60.76923076923076,44.61904761904762,92.85714285714286,47.047619047619044,45.10281385281386,288.125,1.5,22.599999999999998,66.8,120.0,18.428571428571427,35.765920826161796,22.1875,75.71428571428571,0.375,132.14285714285714,88.3809523809524,47.259183673469394,124.28571428571426,72.25274725274724,0.4,79.11764705882354,1.2727272727272727,0.0,27.92900155705539
846,170563,"Seeds, sunflower seed kernels, dry roasted, without salt",Nut and Seed Products,7.368421052631579,0.05555555555555555,0.0,13.775,20.785714285714285,44.4,67.71428571428571,76.57142857142857,21.11111111111111,69.07142857142857,51.57509157509156,37.857142857142854,36.857142857142854,40.0,38.1060606060606,409.775,1.725,140.83999999999997,56.68571428571428,210.0,24.285714285714285,33.27022375215146,15.375,113.28571428571429,0.125,9.464285714285714,75.04761904761904,45.73469387755103,105.35714285714285,61.318681318681314,0.0,47.294117647058826,1.2727272727272727,3.857142857142857,29.5488836473646
847,170564,"Seeds, sunflower seed kernels, oil roasted, without salt",Nut and Seed Products,9.157894736842104,0.05555555555555555,0.0,13.775,21.142857142857142,42.4,66.85714285714286,79.42857142857143,23.77777777777778,71.64285714285712,53.516483516483504,39.285714285714285,36.285714285714285,41.42857142857142,22.348484848484848,427.59999999999997,2.025,138.84,58.79999999999999,207.0909090909091,13.8,34.526678141135974,17.5,111.71428571428571,0.125,28.57142857142857,77.8095238095238,47.112244897959194,109.28571428571426,63.62637362637361,0.0,46.58823529411765,1.0000000000000002,4.428571428571429,29.102019622451717
848,170565,"Nuts, acorns, dried",Nut and Seed Products,5.684210526315789,,0.0,,18.178571428571427,,32.857142857142854,32.0,5.777777777777778,26.857142857142854,23.589743589743588,24.047619047619047,23.428571428571427,12.952380952380953,13.01948051948052,75.64999999999999,,18.8,20.228571428571424,18.727272727272727,20.257142857142856,13.941480206540449,9.625,,0.0,13.303571428571425,29.71428571428571,28.845918367346943,35.0,24.999999999999996,0.0,40.88235294117647,0.0,,3.7424862086454223
849,170566,"Nuts, acorn flour, full fat",Nut and Seed Products,4.526315789473684,,0.0,,17.892857142857142,,32.57142857142857,29.71428571428571,6.722222222222222,24.857142857142854,21.831501831501825,22.28571428571429,31.428571428571427,12.0,12.88961038961039,72.6625,,18.62,18.742857142857144,18.727272727272727,20.34285714285714,12.891566265060241,9.625,,0.0,13.035714285714285,27.428571428571423,27.707142857142863,32.14285714285714,23.131868131868128,0.4,40.470588235294116,0.0,,3.57491219930309
850,170567,"Nuts, almonds",Nut and Seed Products,28.31578947368421,0.011111111111111112,0.0,13.025,20.678571428571427,50.0,12.571428571428571,77.0,20.61111111111111,53.64285714285713,53.95604395604395,27.047619047619044,77.14285714285714,14.95238095238095,19.57792207792208,154.05,0.075,9.419999999999998,64.68571428571427,87.45454545454545,20.942857142857143,36.4027538726334,71.12499999999999,5.857142857142857,0.041666666666666664,18.303571428571427,57.238095238095234,45.85408163265307,75.35714285714285,46.97802197802197,0.0,8.058823529411766,0.0,0.0,17.427696971602565
851,170568,"Nuts, almonds, blanched",Nut and Seed Products,24.842105263157894,0.044444444444444446,0.0,13.025,21.071428571428573,39.6,14.0,85.14285714285712,18.22222222222222,49.71428571428571,54.17582417582417,28.809523809523807,76.57142857142857,18.095238095238095,18.939393939393938,154.5625,0.1,6.279999999999999,66.05714285714285,87.45454545454545,18.82857142857143,36.83304647160069,44.43749999999999,4.571428571428571,0.7916666666666666,17.053571428571427,64.95238095238095,48.2326530612245,68.92857142857143,44.230769230769226,0.0,6.764705882352941,0.0,0.0,16.5898269248909
852,170569,"Nuts, brazilnuts, dried, unblanched",Nut and Seed Products,16.842105263157894,0.0,0.0,7.2,23.535714285714285,30.0,6.285714285714286,58.42857142857142,13.500000000000002,37.0,43.589743589743584,23.333333333333332,107.42857142857143,107.04761904761905,1.5963203463203464,304.5375,0.8999999999999999,3.6799999999999997,36.514285714285705,131.8181818181818,18.82857142857143,24.64716006884682,2.1875,2738.5714285714284,0.125,55.08928571428571,34.76190476190476,61.62244897959184,48.21428571428571,41.75824175824175,0.0,5.941176470588236,0.6363636363636364,0.0,22.678349264328972
853,170570,"Nuts, butternuts, dried",Nut and Seed Products,5.578947368421052,,0.0,,21.857142857142858,18.8,18.857142857142858,115.42857142857143,22.33333333333333,84.21428571428571,80.54945054945053,36.666666666666664,67.71428571428571,58.19047619047619,5.654761904761904,421.5875,217.95,12.66,82.39999999999998,81.0909090909091,12.028571428571428,42.85714285714286,9.249999999999998,24.571428571428573,0.041666666666666664,34.19642857142856,89.52380952380952,52.328571428571436,130.7142857142857,84.67032967032965,0.8,32.94117647058824,2.909090909090909,,17.483554974716675
854,170571,"Nuts, cashew nuts, dry roasted, without salt added",Nut and Seed Products,4.7368421052631575,0.0,0.0,15.25,20.5,12.0,19.714285714285715,57.0,33.333333333333336,52.21428571428571,47.069597069597066,38.9047619047619,74.28571428571429,26.095238095238095,7.575757575757575,95.75,4.025,24.34,45.199999999999996,89.0909090909091,16.142857142857142,26.351118760757316,12.5,16.714285714285715,0.6666666666666666,17.857142857142854,56.38095238095237,42.56632653061225,84.64285714285714,57.14285714285713,0.0,15.058823529411766,0.0,49.57142857142858,31.280481743902037
855,170572,"Nuts, cashew nuts, oil roasted, without salt added",Nut and Seed Products,4.526315789473684,0.0,0.0,15.25,20.714285714285715,13.2,7.142857142857143,60.14285714285714,33.611111111111114,52.07142857142856,49.85347985347985,40.857142857142854,78.0,31.809523809523807,9.393939393939393,105.975,1.7000000000000002,17.6,50.22857142857143,96.54545454545455,18.057142857142857,28.98450946643718,13.625,29.0,0.5416666666666666,32.41071428571428,60.57142857142857,43.87040816326531,94.64285714285714,55.54945054945054,0.0,19.000000000000004,0.2727272727272727,49.57142857142858,29.884031666049268
856,170573,"Nuts, chestnuts, chinese, roasted",Nut and Seed Products,2.0,,0.0,,8.535714285714286,,20.571428571428573,18.428571428571427,8.333333333333334,11.928571428571427,10.10989010989011,11.571428571428571,25.714285714285715,10.285714285714286,8.116883116883116,3.4375000000000004,0.75,11.84,11.6,18.545454545454547,13.628571428571428,7.710843373493978,5.625,,0.16666666666666666,13.392857142857142,16.952380952380953,1.092857142857143,18.57142857142857,12.91208791208791,0.0,25.705882352941178,34.90909090909091,,5.194794289612302
857,170574,"Nuts, chestnuts, european, raw, unpeeled",Nut and Seed Products,2.8421052631578947,,0.0,,7.607142857142857,32.4,17.714285714285715,9.571428571428571,5.611111111111111,6.785714285714285,5.238095238095237,6.809523809523808,9.142857142857142,5.428571428571429,6.37987012987013,9.975000000000001,2.375,10.18,5.828571428571427,16.90909090909091,14.8,4.1652323580034425,10.5,,0.125,21.249999999999996,8.19047619047619,2.075510204081633,9.642857142857142,7.417582417582416,0.13333333333333333,22.117647058823533,39.09090909090909,,2.9046161619337605
858,170575,"Nuts, chestnuts, european, raw, peeled",Nut and Seed Products,2.0,,0.0,,7.0,,16.571428571428573,6.428571428571428,5.222222222222222,4.571428571428571,3.516483516483516,4.571428571428571,8.571428571428571,3.6190476190476186,5.963203463203463,5.5,1.325,9.52,3.9428571428571426,6.909090909090909,13.82857142857143,2.8055077452667816,1.0,,0.08333333333333333,12.857142857142854,5.523809523809525,1.1479591836734695,6.428571428571427,4.999999999999999,0.13333333333333333,20.705882352941174,36.54545454545455,,2.737042152591428
859,170576,"Nuts, chestnuts, european, dried, unpeeled",Nut and Seed Products,7.052631578947368,,0.0,,13.357142857142858,46.8,31.142857142857142,25.28571428571428,13.222222222222221,17.999999999999996,13.846153846153843,17.999999999999996,21.142857142857142,14.38095238095238,4.5995670995671,19.625,4.7,17.94,15.428571428571427,31.818181818181817,28.17142857142857,10.998278829604132,22.5,2.5714285714285716,1.5416666666666667,26.33928571428571,21.714285714285715,4.086734693877552,25.357142857142854,19.61538461538461,0.0,39.0,13.636363636363637,,1.9550301089938773
860,170577,"Nuts, coconut meat, dried (desiccated), sweetened, flaked, packaged",Nut and Seed Products,1.1578947368421053,0.0,0.0,4.825,16.285714285714285,39.6,0.8571428571428571,10.57142857142857,8.38888888888889,4.785714285714286,6.886446886446886,6.952380952380952,14.571428571428571,5.714285714285714,3.771645021645021,2.775,0.0,2.8000000000000003,7.485714285714286,18.181818181818183,10.314285714285715,5.387263339070569,0.9375,23.000000000000004,11.875,1.3392857142857142,8.0,25.70510204081633,7.142857142857142,6.593406593406592,0.0,1.7647058823529411,0.0,0.0,3.9659182211018655
861,170578,"Nuts, coconut meat, dried (desiccated), sweetened, flaked, canned",Nut and Seed Products,1.4736842105263157,,0.0,,15.821428571428571,18.0,2.0,11.0,10.222222222222221,9.428571428571429,9.120879120879119,7.047619047619047,14.0,6.0,1.6504329004329004,4.3374999999999995,,12.66,9.714285714285714,18.727272727272727,9.257142857142858,5.765920826161791,1.25,,0.8333333333333334,2.6785714285714284,11.619047619047619,29.1030612244898,13.928571428571427,11.153846153846153,0.0,13.941176470588236,0.0,,8.881422495143614
862,170579,"Nuts, coconut meat, dried (desiccated), toasted",Nut and Seed Products,2.8421052631578947,,0.0,,21.142857142857142,,2.5714285714285716,17.428571428571427,18.833333333333332,14.857142857142856,14.395604395604394,11.142857142857144,26.285714285714285,9.428571428571429,3.3333333333333335,6.425,,16.339999999999996,15.37142857142857,38.36363636363637,15.82857142857143,9.122203098106713,6.374999999999999,,1.5416666666666667,5.44642857142857,18.38095238095238,43.163265306122454,22.142857142857142,17.637362637362635,0.0,18.0,1.3636363636363635,,11.450890638392709
863,170580,"Nuts, coconut cream, raw (liquid expressed from grated meat)",Nut and Seed Products,1.1578947368421053,,0.0,,11.785714285714286,8.8,6.571428571428571,11.857142857142858,12.666666666666664,10.14285714285714,9.853479853479852,7.619047619047619,8.0,6.476190476190476,4.816017316017316,4.7375,0.0,5.220000000000001,10.514285714285712,22.181818181818183,9.285714285714286,6.247848537005164,0.0,,0.16666666666666666,2.6785714285714284,12.571428571428571,31.84897959183674,15.0,12.087912087912086,0.0,2.7647058823529416,2.5454545454545454,,5.362368298954634
864,170581,"Nuts, hazelnuts or filberts",Nut and Seed Products,12.0,0.12222222222222222,0.0,11.4,22.428571428571427,38.8,32.285714285714285,61.714285714285715,26.11111111111111,38.92857142857143,38.93772893772893,20.0,46.57142857142857,21.047619047619047,9.74025974025974,97.91250000000001,2.175,18.36,37.88571428571428,52.72727272727273,19.428571428571427,25.73149741824441,7.0625,3.4285714285714284,0.0,57.41071428571428,47.333333333333336,55.790816326530624,68.92857142857143,38.516483516483504,0.13333333333333333,33.11764705882353,5.7272727272727275,20.285714285714285,13.685210762957142
865,170582,"Nuts, hazelnuts or filberts, blanched",Nut and Seed Products,15.68421052631579,0.25555555555555554,0.0,,22.464285714285715,44.0,22.285714285714285,56.57142857142857,18.333333333333332,35.64285714285714,35.67765567765567,18.333333333333332,45.714285714285715,19.333333333333332,8.387445887445887,68.7375,1.4500000000000002,16.3,34.74285714285714,56.36363636363637,18.8,23.58003442340792,6.875,5.857142857142857,0.0,42.410714285714285,43.33333333333333,56.15816326530613,63.21428571428571,35.32967032967032,0.26666666666666666,34.411764705882355,1.8181818181818181,,12.288760685104373
866,170583,"Nuts, hazelnuts or filberts, dry roasted, without salt added",Nut and Seed Products,12.947368421052632,0.4,0.0,,23.071428571428573,37.6,25.142857142857142,61.99999999999999,24.333333333333332,39.14285714285714,39.157509157509146,20.09523809523809,49.42857142857143,21.142857142857142,11.09307359307359,105.03750000000001,1.5,18.46,38.114285714285714,56.36363636363637,21.571428571428573,25.869191049913944,7.6875,5.857142857142857,0.0,30.17857142857143,47.52380952380952,57.3061224489796,69.28571428571429,38.73626373626373,0.4,36.470588235294116,3.4545454545454546,,13.964500778527695
867,170584,"Nuts, ginkgo nuts, raw",Nut and Seed Products,0.21052631578947367,,0.0,,6.5,,15.428571428571429,14.57142857142857,5.555555555555555,14.928571428571425,11.575091575091573,9.809523809523808,7.714285714285714,5.238095238095238,32.467532467532465,7.225,0.525,3.2,9.77142857142857,22.545454545454547,14.571428571428571,7.435456110154906,5.625,,0.2916666666666667,19.642857142857142,25.523809523809522,1.5428571428571431,25.357142857142854,15.549450549450546,3.7333333333333334,19.294117647058826,13.636363636363637,,1.8991721058797666
868,170585,"Nuts, mixed nuts, dry roasted, with peanuts, without salt added",Nut and Seed Products,9.157894736842104,0.022222222222222223,0.0,14.8,21.678571428571427,25.6,17.142857142857142,72.14285714285714,20.72222222222222,53.28571428571428,50.32967032967032,35.333333333333336,64.85714285714286,24.76190476190476,33.658008658008654,121.9,2.0500000000000003,,57.14285714285714,79.63636363636364,18.37142857142857,33.56282271944923,25.0,13.285714285714286,0.16666666666666666,26.785714285714285,64.0952380952381,49.132653061224495,79.28571428571428,51.703296703296694,0.0,21.176470588235293,0.7272727272727273,17.142857142857142,22.678349264328972
869,170586,"Nuts, mixed nuts, dry roasted, with peanuts, salt added, PLANTERS pistachio blend",Nut and Seed Products,13.578947368421053,0.6,,,20.428571428571427,32.4,17.142857142857142,,19.055555555555557,,,,59.714285714285715,,24.404761904761905,144.3125,2.0,15.6,,89.63636363636364,21.65714285714286,40.068846815834775,35.62499999999999,15.714285714285714,9.666666666666666,31.249999999999996,,43.64081632653062,,,0.5333333333333333,29.11764705882353,,12.714285714285714,19.103437065025886
870,170587,"Nuts, mixed nuts, oil roasted, with peanuts, without salt added",Nut and Seed Products,12.31578947368421,0.022222222222222223,0.0,13.0,21.678571428571427,28.0,23.714285714285715,81.7142857142857,14.5,58.99999999999999,60.65934065934065,37.23809523809524,65.42857142857143,26.95238095238095,41.71536796536796,181.1875,2.0500000000000003,22.799999999999997,67.54285714285713,82.9090909090909,18.057142857142857,34.492254733218594,12.25,48.42857142857143,0.20833333333333334,16.874999999999996,66.95238095238095,49.54591836734695,78.57142857142857,54.999999999999986,0.0,20.705882352941174,0.45454545454545453,8.142857142857142,18.768289046341224
871,170588,"Nuts, mixed nuts, oil roasted, without peanuts, without salt added",Nut and Seed Products,11.157894736842104,,0.0,,21.964285714285715,22.0,16.0,59.42857142857142,14.277777777777779,50.21428571428571,46.33699633699632,32.476190476190474,71.71428571428571,32.95238095238095,10.627705627705629,139.2125,6.225,19.240000000000002,46.857142857142854,81.63636363636364,15.542857142857143,26.712564543889847,30.375,,0.4583333333333333,44.99999999999999,54.09523809523809,51.584693877551025,89.99999999999999,52.30769230769229,0.13333333333333333,10.588235294117647,0.45454545454545453,,26.029829451175623
872,170589,"Nuts, pecans, oil roasted, without salt added",Nut and Seed Products,7.052631578947368,0.6888888888888889,0.0,,25.535714285714285,38.0,4.285714285714286,37.42857142857143,13.722222222222223,24.07142857142857,21.978021978021975,13.714285714285712,34.57142857142857,17.428571428571427,6.4935064935064934,281.9,25.775,14.74,24.457142857142852,47.81818181818182,11.2,15.834767641996557,6.875,8.571428571428571,0.041666666666666664,42.232142857142854,29.238095238095237,69.08877551020409,33.214285714285715,22.692307692307686,0.6666666666666666,11.0,0.6363636363636364,,24.96852739200752
873,170590,"Nuts, pilinuts, dried",Nut and Seed Products,15.263157894736842,,0.0,,25.678571428571427,,17.142857142857142,36.42857142857142,19.61111111111111,34.49999999999999,32.6007326007326,17.57142857142857,86.28571428571429,37.61904761904762,2.8084415584415585,95.0625,,9.58,28.4,104.54545454545455,14.485714285714286,18.588640275387267,5.8125,,0.125,81.51785714285714,38.76190476190476,73.05612244897961,67.49999999999999,38.516483516483504,0.26666666666666666,6.764705882352941,0.5454545454545454,,16.5898269248909
874,170591,"Nuts, pine nuts, dried",Nut and Seed Products,1.6842105263157894,0.18888888888888888,0.0,13.95,24.035714285714285,14.8,9.714285714285714,48.71428571428571,30.72222222222222,38.714285714285715,36.30036630036629,25.71428571428571,71.71428571428571,24.666666666666668,23.739177489177486,414.375,4.1000000000000005,6.26,29.942857142857143,104.54545454545455,17.057142857142857,23.562822719449226,14.187499999999998,1.0,0.08333333333333333,32.49999999999999,35.238095238095234,62.78877551020409,38.21428571428571,37.747252747252745,0.13333333333333333,5.529411764705883,0.7272727272727273,77.0,36.02841200860145
875,170592,"Nuts, pine nuts, pinyon, dried",Nut and Seed Products,0.8421052631578947,,0.0,,22.464285714285715,42.8,16.571428571428573,39.57142857142857,17.0,32.14285714285714,30.54945054945054,20.666666666666664,66.85714285714286,19.71428571428571,23.647186147186147,311.02500000000003,19.675,4.2,25.31428571428571,6.363636363636363,17.942857142857143,19.913941480206542,13.9375,,3.0,110.98214285714286,34.952380952380956,56.00204081632654,52.14285714285714,32.85714285714285,0.13333333333333333,6.529411764705882,1.8181818181818181,,23.907225332839413
876,170593,"Nuts, walnuts, glazed",Nut and Seed Products,7.473684210526316,,0.0,,17.857142857142858,14.4,,,7.166666666666667,,,,,,,,,,,,6.628571428571429,14.251290877796901,,,18.583333333333332,,,32.79489795918368,,,,,0.0,,
877,170594,"Nuts, walnuts, dry roasted, with salt added",Nut and Seed Products,7.473684210526316,0.12222222222222222,0.0,9.5,22.964285714285715,28.4,26.0,,14.277777777777779,,,,43.142857142857146,,11.996753246753247,446.1,212.32500000000002,,,59.81818181818182,13.114285714285714,24.595524956970742,18.624999999999996,7.142857142857143,26.791666666666668,46.51785714285714,,55.75408163265307,,,0.13333333333333333,30.941176470588236,1.2727272727272727,4.714285714285714,16.64568492800501
878,170595,"Seeds, breadfruit seeds, roasted",Nut and Seed Products,9.052631578947368,,0.0,,7.392857142857143,24.0,16.857142857142858,24.714285714285708,5.0,26.5,17.289377289377285,22.71428571428571,17.714285714285715,7.7142857142857135,40.04329004329004,13.825000000000001,8.3,20.18,38.171428571428564,31.818181818181817,30.914285714285715,10.671256454388985,15.0,,1.1666666666666667,36.607142857142854,30.761904761904766,2.479591836734694,36.78571428571428,24.615384615384613,2.0,24.705882352941178,6.909090909090909,,5.7533743207534105
879,170596,"Seeds, cottonseed kernels, roasted (glandless)",Nut and Seed Products,10.526315789473685,,0.0,,18.071428571428573,22.0,66.57142857142857,146.7142857142857,30.0,83.85714285714285,81.53846153846152,78.76190476190474,125.71428571428571,50.38095238095239,16.233766233766232,223.31249999999997,1.725,9.120000000000001,115.94285714285712,145.45454545454547,38.57142857142857,56.09294320137695,15.9375,,1.0416666666666667,66.96428571428571,114.76190476190476,33.327551020408166,175.7142857142857,91.86813186813185,2.933333333333333,46.0,8.181818181818182,,33.51480186846647
880,170683,"Amaranth grain, cooked",Cereal Grains and Pasta,4.947368421052632,,,,3.642857142857143,8.4,6.285714285714286,,11.666666666666666,,,,18.571428571428573,,1.2716450216450217,,,,,26.90909090909091,3.857142857142857,6.540447504302927,1.3749999999999998,7.857142857142857,0.25,1.3392857142857142,,1.4510204081632656,,,,6.647058823529412,,,4.803788267813527
881,170684,Arrowroot flour,Cereal Grains and Pasta,4.2105263157894735,,0.0,,12.75,13.6,2.0,0.5714285714285714,1.8333333333333333,0.7142857142857142,0.6959706959706958,0.6190476190476191,0.8571428571428571,0.5714285714285714,0.0,0.44999999999999996,0.22499999999999998,2.6,0.6857142857142856,0.9090909090909091,0.3142857142857143,0.5163511187607573,0.0,,0.08333333333333333,0.08928571428571429,1.1428571428571428,0.09183673469387757,1.4285714285714286,0.7692307692307692,0.0,0.29411764705882354,0.0,,0.3910060217987755
882,170686,"Buckwheat groats, roasted, cooked",Cereal Grains and Pasta,0.7368421052631579,0.0,0.0,5.025,3.2857142857142856,10.8,4.0,11.285714285714285,4.444444444444445,9.07142857142857,7.765567765567764,8.19047619047619,14.571428571428571,4.19047619047619,5.086580086580087,2.175,0.35000000000000003,7.18,7.6,12.727272727272727,2.5142857142857142,5.8175559380378665,2.4375,3.1428571428571432,0.16666666666666666,3.571428571428571,12.285714285714285,0.5693877551020409,17.5,9.505494505494502,0.0,4.529411764705882,0.0,2.7142857142857144,3.4073381899607575
883,170687,"Buckwheat flour, whole-groat",Cereal Grains and Pasta,4.315789473684211,0.0,0.0,13.55,11.964285714285714,40.0,15.428571428571429,41.99999999999999,22.555555555555554,33.857142857142854,29.010989010989007,30.476190476190474,71.71428571428571,15.61904761904762,33.27922077922078,10.9625,1.775,8.8,28.28571428571428,61.27272727272727,16.485714285714284,21.721170395869194,11.875,8.142857142857142,0.4583333333333333,37.23214285714285,45.9047619047619,2.8469387755102047,65.35714285714285,35.494505494505496,0.0,34.23529411764706,0.0,10.0,17.427696971602565
884,171011,"Shortening, household, soybean (partially hydrogenated)-cottonseed (partially hydrogenated)",Fats and Oils,0.0,0.0,0.0,0.05,31.571428571428573,0.0,0.0,0.0,0.0,0.0,0.0,0.0,0.0,0.0,0.0,306.25,40.0,0.0,0.0,0.0,0.0,0.0,0.0,0.0,0.0,0.0,0.0,91.83673469387756,0.0,0.0,0.0,0.0,0.0,61.42857142857143,0.0
885,171012,"Oil, soybean, salad or cooking, (partially hydrogenated)",Fats and Oils,0.0,0.0,0.0,0.05,31.571428571428573,0.0,0.0,0.0,0.0,0.0,0.0,0.0,0.0,0.0,0.0,436.25,65.0,0.0,0.0,0.0,0.0,0.0,0.0,0.0,0.0,0.0,0.0,91.83673469387756,0.0,0.0,0.0,0.0,0.0,35.285714285714285,0.0
886,171014,"Oil, wheat germ",Fats and Oils,0.0,0.0,0.0,5.0,31.571428571428573,0.0,0.0,0.0,0.0,0.0,0.0,0.0,0.0,0.0,0.0,685.0,172.5,0.0,0.0,0.0,0.0,0.0,0.0,0.0,0.0,0.0,0.0,91.83673469387756,0.0,0.0,0.0,0.0,0.0,35.285714285714285,0.0
887,171015,"Oil, palm",Fats and Oils,0.0,0.0,0.0,0.075,31.571428571428573,0.0,0.0,0.0,0.05555555555555555,0.0,0.0,0.0,0.0,0.0,0.0,113.75,5.0,0.0,0.0,0.0,0.0,0.0,0.0,0.0,0.0,0.0,0.0,91.83673469387756,0.0,0.0,0.0,0.0,0.0,11.428571428571429,0.0
888,171016,"Oil, sesame, salad or cooking",Fats and Oils,0.0,0.0,0.0,0.05,31.571428571428573,0.0,0.0,0.0,0.0,0.0,0.0,0.0,0.0,0.0,0.0,516.25,7.5,0.0,0.0,0.0,0.0,0.0,0.0,0.0,0.0,0.0,0.0,91.83673469387756,0.0,0.0,0.0,0.0,0.0,19.428571428571427,0.0
889,171017,"Oil, sunflower, linoleic (less than 60%)",Fats and Oils,0.0,0.0,0.0,,31.571428571428573,0.0,0.0,0.0,0.16666666666666666,0.0,0.0,0.0,0.0,0.0,0.0,497.49999999999994,5.0,0.0,0.0,0.0,0.0,0.0,0.0,0.0,0.0,0.0,0.0,91.83673469387756,0.0,0.0,0.0,0.0,0.0,7.714285714285714,0.0
890,171024,"Oil, cottonseed, salad or cooking",Fats and Oils,0.0,0.0,0.0,0.05,31.571428571428573,0.0,0.0,0.0,0.0,0.0,0.0,0.0,0.0,0.0,0.0,643.75,5.0,0.0,0.0,0.0,0.0,0.0,0.0,0.0,0.0,0.0,0.0,91.83673469387756,0.0,0.0,0.0,0.0,0.0,35.285714285714285,0.0
891,171025,"Oil, sunflower, linoleic, (approx. 65%)",Fats and Oils,0.0,0.0,0.0,0.05,31.571428571428573,0.0,0.0,0.0,0.0,0.0,0.0,0.0,0.0,0.0,0.0,821.25,0.0,0.0,0.0,0.0,0.0,0.0,0.0,0.0,0.0,0.0,0.0,91.83673469387756,0.0,0.0,0.0,0.0,0.0,7.714285714285714,0.0
892,171026,"Oil, safflower, salad or cooking, linoleic, (over 70%)",Fats and Oils,0.0,0.0,0.0,,31.571428571428573,0.0,0.0,0.0,0.0,0.0,0.0,0.0,0.0,0.0,0.0,932.7875,0.0,0.0,0.0,0.0,0.0,0.0,0.0,0.0,0.0,0.0,0.0,91.83673469387756,0.0,0.0,0.0,0.0,0.0,10.142857142857142,0.0
893,171027,"Oil, safflower, salad or cooking, high oleic (primary safflower oil of commerce)",Fats and Oils,0.0,0.0,0.0,0.05,31.571428571428573,0.0,0.0,0.0,0.0,0.0,0.0,0.0,0.0,0.0,0.0,159.05,2.4,0.0,0.0,0.0,0.0,0.0,0.0,0.0,0.0,0.0,0.0,91.83673469387756,0.0,0.0,0.0,0.0,0.0,10.142857142857142,0.0
894,171028,"Oil, grapeseed",Fats and Oils,0.0,0.0,0.0,,31.571428571428573,0.0,0.0,0.0,0.0,0.0,0.0,0.0,0.0,0.0,0.0,869.9999999999999,2.5,0.0,0.0,0.0,0.0,0.0,0.0,0.0,0.0,0.0,0.0,91.83673469387756,0.0,0.0,0.0,0.0,0.0,,0.0
895,171029,"Oil, corn, industrial and retail, all purpose salad or cooking",Fats and Oils,0.0,0.0,0.0,0.05,32.142857142857146,0.0,0.0,0.0,0.0,0.0,0.0,0.0,0.0,0.0,0.0,668.9375,29.025000000000002,0.0,0.0,0.0,0.0,0.0,0.0,0.0,0.0,0.0,0.0,91.83673469387756,0.0,0.0,0.0,0.0,0.0,2.7142857142857144,0.0
896,171030,"Oil, walnut",Fats and Oils,0.0,0.0,0.0,0.1,31.571428571428573,0.0,0.0,0.0,0.0,0.0,0.0,0.0,0.0,0.0,0.0,661.25,260.0,0.0,0.0,0.0,0.0,0.0,0.0,0.0,0.0,0.0,0.0,91.83673469387756,0.0,0.0,0.0,0.0,0.0,21.428571428571427,0.0
897,171031,"Oil, almond",Fats and Oils,0.0,0.0,0.0,0.1,31.571428571428573,0.0,0.0,0.0,0.0,0.0,0.0,0.0,0.0,0.0,0.0,217.49999999999997,0.0,0.0,0.0,0.0,0.0,0.0,0.0,0.0,0.0,0.0,0.0,91.83673469387756,0.0,0.0,0.0,0.0,0.0,10.0,0.0
898,171032,"Oil, apricot kernel",Fats and Oils,0.0,0.0,0.0,,31.571428571428573,0.0,0.0,0.0,0.0,0.0,0.0,0.0,0.0,0.0,0.0,366.25,0.0,0.0,0.0,0.0,0.0,0.0,0.0,0.0,0.0,0.0,0.0,91.83673469387756,0.0,0.0,0.0,0.0,0.0,,0.0
899,171033,"Oil, vegetable, Natreon canola, high stability, non trans, high oleic (70%)",Fats and Oils,,,0.0,,31.571428571428573,0.0,,,,,,,,,0.0,181.2625,64.925,,,,,0.0,0.0,,0.0,0.0,,91.83673469387756,,,,,0.0,,
900,171042,"Oil, industrial, canola, high oleic",Fats and Oils,0.0,0.0,0.0,0.05,32.142857142857146,0.0,0.0,,0.0,,,,0.0,,0.0,167.425,59.775,,,0.0,0.0,0.0,0.0,0.0,0.0,0.0,,91.83673469387756,,,0.0,0.0,0.0,101.85714285714286,0.0
901,171410,"Oil, peanut, salad or cooking",Fats and Oils,0.0,0.0,0.0,0.025,31.571428571428573,0.0,0.0,0.0,0.16666666666666666,0.0,0.0,0.0,0.0,0.0,0.0,400.0,0.0,0.0,0.0,0.0,0.0,0.0,0.0,0.0,0.0,0.0,0.0,91.83673469387756,0.0,0.0,0.0,0.0,0.0,1.0,0.05585800311411078
902,171411,"Oil, soybean, salad or cooking",Fats and Oils,0.0,0.0,0.0,0.05,31.571428571428573,0.0,0.0,0.0,0.2777777777777778,0.0,0.0,0.0,0.0,0.0,0.0,636.9,169.725,0.0,0.0,0.0,0.0,0.0,0.0,0.0,0.0,0.0,0.0,91.83673469387756,0.0,0.0,0.0,0.0,0.0,262.7142857142857,0.05585800311411078
903,171412,"Oil, coconut",Fats and Oils,0.10526315789473684,0.0,0.0,0.075,31.857142857142858,0.0,0.0,0.0,0.2777777777777778,0.0,0.0,0.0,0.0,0.0,0.0,21.0375,0.475,0.0,0.0,0.0,0.0,0.0,0.0,0.0,0.0,0.0,0.0,90.97346938775512,0.0,0.0,0.0,0.0,0.0,0.8571428571428571,0.11171600622822156
904,171413,"Oil, olive, salad or cooking",Fats and Oils,0.10526315789473684,0.0,0.0,0.075,31.571428571428573,0.0,0.0,0.0,3.1111111111111116,0.0,0.0,0.0,0.0,0.0,0.0,122.025,19.025,0.0,0.0,0.0,0.02857142857142857,0.0,0.0,0.0,0.08333333333333333,0.0,0.0,91.83673469387756,0.0,0.0,0.0,0.0,0.0,86.0,0.0
905,171422,"Vegetable oil, palm kernel",Fats and Oils,0.0,0.0,0.0,0.05,30.785714285714285,0.0,0.0,0.0,0.0,0.0,0.0,0.0,0.0,0.0,0.0,20.0,0.0,0.0,0.0,0.0,0.0,0.0,0.0,0.0,0.0,0.0,0.0,91.83673469387756,0.0,0.0,0.0,0.0,0.0,35.285714285714285,0.0
906,171423,"Oil, poppyseed",Fats and Oils,0.0,0.0,0.0,,31.571428571428573,0.0,0.0,0.0,0.0,0.0,0.0,0.0,0.0,0.0,0.0,780.0,0.0,0.0,0.0,0.0,0.0,0.0,0.0,0.0,0.0,0.0,0.0,91.83673469387756,0.0,0.0,0.0,0.0,0.0,,0.0
907,171424,"Oil, tomatoseed",Fats and Oils,0.0,0.0,0.0,,31.571428571428573,0.0,0.0,0.0,0.0,0.0,0.0,0.0,0.0,0.0,0.0,635.0,57.49999999999999,0.0,0.0,0.0,0.0,0.0,0.0,0.0,0.0,0.0,0.0,91.83673469387756,0.0,0.0,0.0,0.0,0.0,,0.0
908,171425,"Oil, teaseed",Fats and Oils,0.0,0.0,0.0,,31.571428571428573,0.0,0.0,0.0,0.0,0.0,0.0,0.0,0.0,0.0,0.0,277.5,17.5,0.0,0.0,0.0,0.0,0.0,0.0,0.0,0.0,0.0,0.0,91.83673469387756,0.0,0.0,0.0,0.0,0.0,,0.0
909,171426,"Oil, soybean lecithin",Fats and Oils,0.0,0.0,0.0,87.5,27.25,0.0,0.0,,0.0,,,,0.0,,0.0,502.27500000000003,128.4,0.0,,0.0,0.0,0.0,0.0,0.0,0.0,0.0,,91.83673469387756,,,0.0,0.0,0.0,262.7142857142857,0.0
910,171427,"Oil, hazelnut",Fats and Oils,0.0,0.0,0.0,,31.571428571428573,0.0,0.0,0.0,0.0,0.0,0.0,0.0,0.0,0.0,0.0,126.25,0.0,0.0,0.0,0.0,0.0,0.0,0.0,0.0,0.0,0.0,0.0,91.83673469387756,0.0,0.0,0.0,0.0,0.0,,0.0
911,171428,"Oil, babassu",Fats and Oils,0.0,0.0,0.0,,31.571428571428573,0.0,0.0,0.0,0.0,0.0,0.0,0.0,0.0,0.0,0.0,20.0,0.0,0.0,0.0,0.0,0.0,0.0,0.0,0.0,0.0,0.0,0.0,91.83673469387756,0.0,0.0,0.0,0.0,0.0,,0.0
912,171429,"Oil, sheanut",Fats and Oils,0.0,0.0,0.0,,31.571428571428573,0.0,0.0,0.0,0.0,0.0,0.0,0.0,0.0,0.0,0.0,61.25000000000001,7.5,0.0,0.0,0.0,0.0,0.0,0.0,0.0,0.0,0.0,0.0,91.83673469387756,0.0,0.0,0.0,0.0,0.0,,0.0
913,171430,"Oil, PAM cooking spray, original",Fats and Oils,0.0,0.0,0.0,0.0,28.285714285714285,0.0,0.0,,0.0,,,,0.0,,0.0,186.9375,179.75,,,0.0,0.0,0.4475043029259897,0.0,0.0,2.4583333333333335,0.0,,72.26632653061226,,,0.0,0.0,0.0,0.0,0.0
914,171433,"Oil, cooking and salad, ENOVA, 80% diglycerides",Fats and Oils,,,,,31.571428571428573,,,,,,,,,,,574.225,185.8,,,,,0.0,,,0.0,,,91.83673469387756,,,,,,,
915,171438,"Oil, industrial, soy, low linolenic",Fats and Oils,0.0,0.0,0.0,0.05,32.142857142857146,0.0,0.0,,0.2777777777777778,,,,0.0,,0.0,699.5875,74.125,,,0.0,0.0,0.0,0.0,0.0,0.0,0.0,,91.83673469387756,,,0.0,0.0,0.0,262.7142857142857,0.05585800311411078
916,171439,"Oil, industrial, soy, ultra low linolenic",Fats and Oils,0.0,0.0,0.0,0.05,31.571428571428573,0.0,0.0,,0.2777777777777778,,,,0.0,,0.0,636.3249999999999,31.075000000000003,,,0.0,0.0,0.0,0.0,0.0,0.0,0.0,,91.83673469387756,,,0.0,0.0,0.0,262.7142857142857,0.05585800311411078
917,171440,"Oil, industrial, soy, fully hydrogenated",Fats and Oils,0.0,0.0,0.0,0.05,31.571428571428573,0.0,0.0,,0.2777777777777778,,,,0.0,,0.0,2.3875,4.775,,,0.0,0.0,0.0,0.0,0.0,0.0,0.0,,91.83673469387756,,,0.0,0.0,0.0,262.7142857142857,0.05585800311411078
918,171441,"Oil, industrial, cottonseed, fully hydrogenated",Fats and Oils,0.0,0.0,0.0,0.05,31.571428571428573,0.0,0.0,,0.0,,,,0.0,,0.0,3.5875,5.0,,,0.0,0.0,0.0,0.0,0.0,0.0,0.0,,91.83673469387756,,,0.0,0.0,0.0,35.285714285714285,0.0
919,171686,"Acerola, (west indian cherry), raw",Fruits and Fruit Juices,1.263157894736842,,0.0,,1.1428571428571428,4.4,4.0,,1.1111111111111112,,,,5.142857142857143,,2.1645021645021645,0.575,1.0999999999999999,6.18,,2.0,4.171428571428572,0.6884681583476765,3.75,0.8571428571428571,0.2916666666666667,1.7857142857142856,,0.2755102040816327,,,5.066666666666666,0.5294117647058824,1525.090909090909,,0.5585800311411078
920,171688,"Apples, raw, with skin (Includes foods for USDA's Food Distribution Program)",Fruits and Fruit Juices,0.631578947368421,0.3,0.0,0.85,1.8571428571428572,9.6,0.8571428571428571,0.7142857142857142,0.6666666666666666,0.4285714285714285,0.4761904761904761,0.5714285714285714,1.4285714285714286,0.09523809523809523,0.4924242424242424,0.5375,0.22499999999999998,1.22,0.3428571428571428,2.0,3.057142857142857,0.4475043029259897,1.625,0.0,0.041666666666666664,1.5178571428571428,0.5714285714285714,0.15612244897959185,0.35714285714285715,0.6593406593406592,0.4,2.4117647058823533,4.181818181818182,3.1428571428571432,0.22343201245644312
921,171689,"Apples, raw, without skin",Fruits and Fruit Juices,0.5263157894736842,0.18888888888888888,0.0,0.85,1.7142857142857142,5.2,0.0,0.7142857142857142,0.38888888888888895,0.4285714285714285,0.5128205128205128,0.6190476190476191,1.1428571428571428,0.09523809523809523,0.4924242424242424,0.3875,0.17500000000000002,1.42,0.39999999999999997,2.0,2.5714285714285716,0.4647160068846816,1.75,0.0,0.0,1.6964285714285712,0.5714285714285714,0.11938775510204083,0.35714285714285715,0.6593406593406592,0.26666666666666666,2.176470588235294,3.6363636363636362,0.8571428571428571,0.2792900155705539
922,171694,"Apples, frozen, unsweetened, unheated (Includes foods for USDA's Food Distribution Program)",Fruits and Fruit Juices,0.42105263157894735,,0.0,,1.7142857142857142,5.2,0.2857142857142857,0.5714285714285714,1.0,0.7857142857142856,0.6227106227106227,0.8095238095238095,0.8571428571428571,0.2857142857142857,0.22727272727272727,0.975,0.42500000000000004,1.08,0.45714285714285713,1.4545454545454546,2.2,0.4819277108433736,0.6874999999999999,0.2857142857142857,0.125,1.1607142857142856,0.9523809523809523,0.2938775510204082,1.0714285714285714,0.7142857142857142,,2.0000000000000004,0.09090909090909091,,0.2792900155705539
923,171697,"Apricots, raw",Fruits and Fruit Juices,1.368421052631579,12.155555555555555,0.0,0.7,1.7142857142857142,8.0,2.5714285714285716,3.857142857142857,2.1666666666666665,2.928571428571429,2.8205128205128203,4.6190476190476195,2.857142857142857,0.5714285714285714,3.2467532467532467,0.9625,0.0,4.8,2.971428571428571,4.181818181818182,7.4,2.4096385542168677,2.5,0.14285714285714285,0.041666666666666664,2.6785714285714284,4.476190476190476,0.3581632653061225,5.357142857142857,2.582417582417582,12.8,3.1764705882352944,9.090909090909092,4.714285714285714,1.1171600622822155
924,171703,"Apricots, frozen, sweetened",Fruits and Fruit Juices,1.0526315789473684,,0.0,,3.5,8.8,0.5714285714285714,1.857142857142857,5.0,1.4285714285714284,1.4285714285714284,2.3333333333333335,2.5714285714285716,0.2857142857142857,4.329004329004329,0.25,0.0,4.0,1.4857142857142855,3.4545454545454546,6.542857142857143,1.2048192771084338,2.5,0.5714285714285714,0.16666666666666666,1.7857142857142856,2.2857142857142856,0.09183673469387757,2.857142857142857,1.3186813186813184,11.2,3.5294117647058822,8.181818181818182,,0.5585800311411078
925,171705,"Avocados, raw, all commercial varieties",Fruits and Fruit Juices,1.263157894736842,0.6888888888888889,0.0,3.55,5.714285714285714,26.8,23.142857142857142,7.0,3.055555555555556,6.0,5.238095238095237,6.285714285714286,8.285714285714286,3.6190476190476186,9.404761904761905,20.925,3.125,27.78,5.542857142857143,9.454545454545455,13.857142857142858,3.4423407917383826,8.125,0.5714285714285714,0.2916666666666667,5.982142857142857,6.952380952380952,13.463265306122452,8.928571428571427,5.879120879120878,0.9333333333333333,15.117647058823529,9.090909090909092,30.0,3.57491219930309
926,171706,"Avocados, raw, California",Fruits and Fruit Juices,1.368421052631579,0.7,0.0,3.55,5.964285714285714,27.2,25.428571428571427,6.857142857142856,3.388888888888889,5.928571428571429,5.164835164835163,6.142857142857142,8.285714285714286,3.5238095238095233,10.346320346320345,20.925,3.125,29.26,5.428571428571428,9.818181818181818,14.485714285714286,3.3734939759036147,8.937499999999998,0.5714285714285714,0.3333333333333333,6.696428571428571,6.857142857142856,14.152040816326533,8.928571428571427,5.769230769230768,0.9333333333333333,16.88235294117647,8.000000000000002,30.0,3.798344211759533
927,171707,"Avocados, raw, Florida",Fruits and Fruit Juices,1.0526315789473684,0.5888888888888889,0.0,,4.285714285714286,22.4,10.0,7.857142857142857,0.9444444444444444,6.7142857142857135,5.8608058608058595,6.999999999999999,6.857142857142857,4.0,3.6363636363636362,19.75,2.4,18.62,6.171428571428571,7.2727272727272725,10.028571428571428,3.8382099827882965,3.3124999999999996,,0.08333333333333333,1.875,7.80952380952381,9.238775510204084,10.0,6.593406593406592,0.9333333333333333,4.588235294117647,15.818181818181817,,2.234320124564431
928,171710,"Blackberries, frozen, unsweetened",Fruits and Fruit Juices,3.0526315789473686,0.7555555555555555,0.0,2.125,2.2857142857142856,20.0,9.714285714285714,,4.444444444444445,,,,6.285714285714286,,6.5313852813852815,2.0375,2.0500000000000003,3.02,,5.454545454545454,4.0,2.0309810671256456,2.8749999999999996,0.5714285714285714,0.041666666666666664,2.5892857142857144,,0.39489795918367354,,,0.8,3.5882352941176467,2.8181818181818183,28.285714285714285,1.3964500778527695
929,171711,"Blueberries, raw",Fruits and Fruit Juices,0.631578947368421,0.35555555555555557,0.0,1.5,2.0357142857142856,9.6,1.7142857142857142,1.5714285714285712,1.5555555555555558,1.6428571428571426,1.6117216117216113,0.6190476190476191,1.7142857142857142,1.1428571428571428,2.261904761904762,1.0999999999999999,1.4500000000000002,2.48,1.4857142857142855,2.1818181818181817,2.2,1.2736660929432015,2.5625,0.14285714285714285,0.041666666666666664,3.303571428571428,1.9047619047619047,0.30306122448979594,1.0714285714285714,1.703296703296703,0.4,3.058823529411765,8.818181818181817,27.571428571428573,0.8937280498257725
930,171713,"Boysenberries, frozen, unsweetened",Fruits and Fruit Juices,2.8421052631578947,0.4444444444444444,0.0,2.55,1.7857142857142858,21.2,18.0,,4.722222222222222,,,,4.571428571428571,,4.1504329004329,1.225,1.25,5.0,,4.909090909090909,3.9714285714285715,1.8932874354561107,2.3124999999999996,0.2857142857142857,0.041666666666666664,4.732142857142857,,0.23877551020408166,,,0.4,3.294117647058824,2.8181818181818183,11.142857142857142,1.2288760685104372
931,171714,"Breadfruit, raw",Fruits and Fruit Juices,1.7894736842105263,0.0,0.0,2.45,3.6785714285714284,19.6,4.0,,3.0,4.571428571428571,2.3809523809523805,1.7619047619047616,7.142857142857143,0.9523809523809523,4.87012987012987,0.6,0.44999999999999996,9.14,1.4857142857142855,5.454545454545454,14.0,1.8416523235800346,1.875,0.8571428571428571,0.08333333333333333,9.821428571428571,4.9523809523809526,0.2112244897959184,,2.582417582417582,0.0,5.882352941176471,26.363636363636363,0.7142857142857143,0.6702960373693293
932,171715,"Carambola, (starfruit), raw",Fruits and Fruit Juices,0.3157894736842105,0.2777777777777778,0.0,1.9,1.1071428571428572,11.2,3.4285714285714284,1.1428571428571428,0.4444444444444444,3.1428571428571423,2.8205128205128203,3.6666666666666665,2.857142857142857,2.0,1.985930735930736,1.9625,0.675,7.82,2.114285714285714,2.1818181818181817,3.8,1.7900172117039588,1.0,0.8571428571428571,0.08333333333333333,1.25,4.19047619047619,0.30306122448979594,2.857142857142857,2.747252747252747,0.4,1.0000000000000002,31.272727272727273,0.0,0.6702960373693293
933,171718,"Cherries, sour, red, frozen, unsweetened (Includes foods for USDA's Food Distribution Program)",Fruits and Fruit Juices,1.368421052631579,5.8,0.0,1.4,1.6428571428571428,6.4,1.4285714285714286,,2.9444444444444446,,,,2.5714285714285716,,0.7413419913419914,0.8375,1.625,3.56,,2.909090909090909,3.5428571428571427,1.5834767641996559,2.125,0.0,0.041666666666666664,3.928571428571428,,0.4040816326530613,,,5.866666666666666,3.9411764705882355,1.5454545454545454,2.142857142857143,0.5585800311411078
934,171719,"Cherries, sweet, raw",Fruits and Fruit Juices,1.368421052631579,0.4222222222222222,0.0,1.525,2.25,8.4,1.1428571428571428,2.142857142857143,2.0,1.4285714285714284,1.0989010989010988,1.5238095238095237,3.142857142857143,0.9523809523809523,0.8333333333333334,0.3375,0.65,3.9800000000000004,1.3714285714285712,3.8181818181818183,6.3428571428571425,1.8244406196213427,2.0625,0.0,0.0,2.4107142857142856,2.095238095238095,0.18367346938775514,3.2142857142857135,1.3186813186813184,0.4,2.882352941176471,6.363636363636363,3.0,0.3910060217987755
935,171721,"Crabapples, raw",Fruits and Fruit Juices,1.894736842105263,,0.0,,2.7142857142857144,,,0.857142857142857,2.0,1.1428571428571428,0.9157509157509156,1.1904761904761905,2.0,0.38095238095238093,0.5411255411255411,0.9125,0.375,,0.6285714285714284,2.727272727272727,5.542857142857143,0.6884681583476765,1.25,,0.041666666666666664,2.6785714285714284,1.3333333333333335,0.2755102040816327,1.4285714285714286,1.0439560439560438,0.26666666666666666,,7.2727272727272725,,
936,171722,"Cranberries, raw",Fruits and Fruit Juices,0.8421052631578947,0.4222222222222222,0.0,1.375,1.6428571428571428,14.4,0.2857142857142857,2.5714285714285707,1.2777777777777777,2.357142857142857,1.941391941391941,1.857142857142857,1.7142857142857142,0.2857142857142857,0.5465367965367967,0.41250000000000003,0.5499999999999999,5.9,2.0571428571428565,2.0,2.2857142857142856,0.7917383820998279,1.25,0.14285714285714285,0.08333333333333333,1.0714285714285714,2.666666666666667,0.11938775510204083,1.0714285714285714,2.472527472527472,0.4,3.3529411764705883,12.727272727272727,7.142857142857143,0.5027220280269971
937,171725,"Custard-apple, (bullock's-heart), raw",Fruits and Fruit Juices,3.1578947368421053,,0.0,,3.607142857142857,9.6,,,3.9444444444444446,,,1.7619047619047616,5.142857142857143,0.38095238095238093,2.7056277056277054,,,2.7,,3.8181818181818183,10.914285714285715,2.925989672977625,6.25,,0.16666666666666666,7.142857142857142,,0.5510204081632654,2.5,,0.26666666666666666,13.000000000000002,17.454545454545453,,
938,171726,"Dates, deglet noor",Fruits and Fruit Juices,4.105263157894737,0.06666666666666667,0.0,1.575,10.071428571428571,32.0,5.428571428571429,4.571428571428571,5.666666666666667,3.5,3.0769230769230766,3.142857142857143,12.285714285714286,2.095238095238095,6.8939393939393945,0.2,0.075,11.78,2.8571428571428568,11.272727272727273,18.742857142857144,4.216867469879519,4.125,4.285714285714286,0.08333333333333333,4.642857142857142,4.095238095238095,0.3581632653061225,4.285714285714286,3.9010989010989,0.0,9.705882352941178,0.36363636363636365,3.857142857142857,1.6198820903092124
939,171727,"Elderberries, raw",Fruits and Fruit Juices,4.0,,0.0,,2.607142857142857,28.0,1.7142857142857142,2.142857142857143,8.88888888888889,1.9285714285714286,2.1978021978021975,1.2380952380952381,1.4285714285714286,1.3333333333333335,2.7056277056277054,2.025,2.125,2.8000000000000003,2.2857142857142856,7.090909090909091,8.0,1.1359724612736661,3.75,0.8571428571428571,0.25,6.25,2.5714285714285716,0.4591836734693878,4.642857142857142,1.813186813186813,4.0,13.529411764705882,32.72727272727273,,0.6144380342552186
940,172023,Millet flour,Cereal Grains and Pasta,1.4736842105263157,,,,13.642857142857142,14.0,12.0,36.71428571428571,21.88888888888889,33.78571428571428,56.300366300366285,6.857142857142856,34.0,30.380952380952383,32.57575757575758,31.900000000000002,1.0999999999999999,25.339999999999996,38.57142857142857,51.81818181818182,6.4,18.502581755593805,4.5625,46.71428571428572,0.16666666666666666,36.87499999999999,33.71428571428571,3.9030612244897966,60.71428571428571,32.08791208791208,,21.882352941176475,0.0,1.1428571428571428,14.690654819011135
941,172026,"Pasta, gluten-free, brown rice flour, cooked, TINKYADA",Cereal Grains and Pasta,0.5263157894736842,0.0,0.0,0.675,4.928571428571429,6.8,1.1428571428571428,12.0,2.9444444444444446,8.142857142857142,9.67032967032967,9.904761904761905,10.285714285714286,7.523809523809524,7.927489177489178,5.35,0.35000000000000003,5.2,9.942857142857141,15.818181818181818,0.7142857142857143,5.9552495697074015,5.125,15.857142857142858,0.16666666666666666,8.482142857142856,10.380952380952381,1.5336734693877554,14.285714285714285,7.362637362637361,0.0,4.411764705882353,0.0,0.42857142857142855,4.6362142584711945
942,172027,"Pasta, gluten-free, corn flour and quinoa flour, cooked, ANCIENT HARVEST",Cereal Grains and Pasta,0.7368421052631579,0.03333333333333333,0.0,1.45,5.428571428571429,13.2,2.2857142857142856,12.714285714285714,4.0,6.357142857142857,13.003663003663002,7.523809523809524,11.714285714285714,5.619047619047619,2.435064935064935,11.4,0.8,4.2,8.457142857142856,16.545454545454547,1.8,5.559380378657488,5.8125,3.1428571428571432,0.16666666666666666,10.714285714285714,9.428571428571429,1.9010204081632653,7.142857142857142,5.934065934065933,0.13333333333333333,2.9411764705882355,0.0,0.0,3.9100602179877546
943,172328,"Oil, sunflower, linoleic, (partially hydrogenated)",Fats and Oils,0.0,0.0,0.0,,31.571428571428573,0.0,0.0,0.0,0.0,0.0,0.0,0.0,0.0,0.0,0.0,441.24999999999994,22.5,0.0,0.0,0.0,0.0,0.0,0.0,0.0,0.0,0.0,0.0,91.83673469387756,0.0,0.0,0.0,0.0,0.0,7.714285714285714,0.0
944,172329,"Shortening bread, soybean (hydrogenated) and cottonseed",Fats and Oils,0.0,,0.0,,31.571428571428573,0.0,0.0,0.0,0.0,0.0,0.0,0.0,0.0,0.0,0.0,458.75000000000006,100.0,0.0,0.0,0.0,0.0,0.0,0.0,0.0,0.0,0.0,0.0,91.83673469387756,0.0,0.0,0.0,0.0,0.0,,0.0
945,172330,"Shortening cake mix, soybean (hydrogenated) and cottonseed (hydrogenated)",Fats and Oils,0.0,0.0,0.0,0.05,31.571428571428573,0.0,0.0,0.0,0.0,0.0,0.0,0.0,0.0,0.0,0.0,163.75,27.500000000000004,0.0,0.0,0.0,0.0,0.0,0.0,0.0,0.0,0.0,0.0,91.83673469387756,0.0,0.0,0.0,0.0,0.0,61.42857142857143,0.0
946,172331,"Shortening frying (heavy duty), palm (hydrogenated)",Fats and Oils,0.0,,0.0,,31.571428571428573,0.0,0.0,0.0,0.0,0.0,0.0,0.0,0.0,0.0,0.0,93.75,0.0,0.0,0.0,0.0,0.0,0.0,0.0,0.0,0.0,0.0,0.0,91.83673469387756,0.0,0.0,0.0,0.0,0.0,,0.0
947,172332,Shortening household soybean (hydrogenated) and palm,Fats and Oils,0.0,,0.0,,31.571428571428573,0.0,0.0,0.0,0.0,0.0,0.0,0.0,0.0,0.0,0.0,314.5,37.0,0.0,0.0,0.0,0.0,0.0,0.0,0.0,0.0,0.0,0.0,91.83673469387756,0.0,0.0,0.0,0.0,0.0,,0.0
948,172333,"Shortening frying (heavy duty), soybean (hydrogenated), linoleic (less than 1%)",Fats and Oils,0.0,0.0,0.0,,31.571428571428573,0.0,0.0,0.0,0.0,0.0,0.0,0.0,0.0,0.0,0.0,3.75,2.5,0.0,0.0,0.0,0.0,0.0,0.0,0.0,0.0,0.0,0.0,91.83673469387756,0.0,0.0,0.0,0.0,0.0,61.42857142857143,0.0
949,172334,"Shortening, confectionery, fractionated palm",Fats and Oils,0.0,,0.0,,31.571428571428573,0.0,0.0,0.0,0.0,0.0,0.0,0.0,0.0,0.0,0.0,6.25,0.0,0.0,0.0,0.0,0.0,0.0,0.0,0.0,0.0,0.0,0.0,91.83673469387756,0.0,0.0,0.0,0.0,0.0,,0.0
950,172336,"Oil, canola",Fats and Oils,0.0,0.0,0.0,0.05,31.571428571428573,0.0,0.0,,0.0,,,,0.0,,0.0,237.5625,228.425,0.0,,0.0,0.0,0.0,0.0,0.0,0.0,0.0,,91.83673469387756,,,0.0,0.0,0.0,101.85714285714286,0.0
951,172337,"Oil, mustard",Fats and Oils,0.0,,,,31.571428571428573,0.0,0.0,,0.0,,,,0.0,,0.0,191.65,147.475,0.0,,0.0,0.0,0.0,0.0,0.0,0.0,0.0,,91.83673469387756,,,0.0,0.0,0.0,,0.0
952,172338,"Oil, sunflower, high oleic (70% and over)",Fats and Oils,0.0,0.0,0.0,0.05,31.571428571428573,0.0,0.0,,0.0,,,,0.0,,0.0,45.074999999999996,4.8,0.0,,0.0,0.0,0.0,0.0,0.0,0.0,0.0,,91.83673469387756,,,0.0,0.0,0.0,7.714285714285714,0.0
953,172357,"Oil, industrial, mid-oleic, sunflower",Fats and Oils,0.0,0.0,0.0,0.05,31.571428571428573,0.0,0.0,,0.16666666666666666,,,,0.0,,0.0,361.55,0.9249999999999999,0.0,,0.0,0.0,0.0,0.0,0.0,0.0,0.0,,91.83673469387756,,,0.0,0.0,0.0,7.714285714285714,0.0
954,172358,"Oil, industrial, canola with antifoaming agent, principal uses salads, woks and light frying",Fats and Oils,0.0,0.0,0.0,0.05,31.571428571428573,0.0,0.0,,0.0,,,,0.0,,0.0,223.9375,159.925,0.0,,0.0,0.0,0.0,0.0,0.0,0.0,0.0,,91.83673469387756,,,0.0,0.0,0.0,174.28571428571428,0.0
955,172359,"Oil, industrial, canola for salads, woks and light frying",Fats and Oils,0.0,0.0,0.0,0.05,31.571428571428573,0.0,0.0,,0.0,,,,0.0,,0.0,234.525,190.875,0.0,,0.0,0.0,0.0,0.0,0.0,0.0,0.0,,91.83673469387756,,,0.0,0.0,0.0,101.85714285714286,0.0
956,172362,"Oil, industrial, soy ( partially hydrogenated), all purpose",Fats and Oils,0.0,0.0,0.0,0.05,31.571428571428573,0.0,0.0,0.0,0.0,0.0,0.0,0.0,0.0,0.0,0.0,107.38749999999999,5.225,0.0,0.0,0.0,0.0,0.0,0.0,0.0,0.0,0.0,0.0,91.83673469387756,0.0,0.0,0.0,0.0,0.0,35.285714285714285,0.0
957,172363,"Oil, industrial, soy (partially hydrogenated ) and soy (winterized), pourable clear fry",Fats and Oils,0.0,0.0,0.0,0.05,31.571428571428573,0.0,0.0,0.0,0.0,0.0,0.0,0.0,0.0,0.0,0.0,511.9125,95.92500000000001,0.0,0.0,0.0,0.0,0.0,0.0,0.0,0.0,0.0,0.0,91.83673469387756,0.0,0.0,0.0,0.0,0.0,35.285714285714285,0.0
958,172364,"Oil, industrial, soy (partially hydrogenated)  and cottonseed, principal use as a tortilla shortening",Fats and Oils,0.0,0.0,0.0,0.05,31.571428571428573,0.0,0.0,0.0,0.0,0.0,0.0,0.0,0.0,0.0,0.0,120.125,4.05,0.0,0.0,0.0,0.0,0.0,0.0,0.0,0.0,0.0,0.0,91.83673469387756,0.0,0.0,0.0,0.0,0.0,35.285714285714285,0.0
959,172366,"Oil, industrial, palm kernel (hydrogenated) , used for whipped toppings, non-dairy",Fats and Oils,0.10526315789473684,0.0,0.0,0.05,31.571428571428573,0.0,0.0,0.0,0.8333333333333334,0.0,0.0,0.0,0.0,0.0,0.0,0.0,0.0,0.0,0.0,0.0,0.05714285714285714,0.0,0.0,0.0,0.25,0.0,0.0,91.83673469387756,0.0,0.0,0.0,0.0,0.0,35.285714285714285,0.22343201245644312
960,172367,"Oil, industrial, coconut (hydrogenated), used for whipped toppings and coffee whiteners",Fats and Oils,0.10526315789473684,0.0,0.0,0.075,31.428571428571427,0.0,0.0,0.0,0.8333333333333334,0.0,0.0,0.0,0.0,0.0,0.0,0.0,0.0,0.0,0.0,0.0,0.05714285714285714,0.0,0.0,0.0,0.2916666666666667,0.0,0.0,91.37755102040818,0.0,0.0,0.0,0.0,0.0,0.7142857142857143,0.22343201245644312
961,172370,"Oil, vegetable, soybean, refined",Fats and Oils,0.0,0.0,0.0,0.05,31.571428571428573,0.0,0.0,0.0,0.1111111111111111,0.0,0.0,0.0,0.0,0.0,0.0,628.7375,175.85,0.0,0.0,0.0,0.0,0.0,0.0,0.0,0.0,0.0,0.0,91.83673469387756,0.0,0.0,0.0,0.0,0.0,262.7142857142857,0.0
962,172421,"Lentils, mature seeds, cooked, boiled, without salt",Legumes and Legume Products,2.0,0.05555555555555555,0.0,8.175,4.142857142857143,31.6,51.714285714285715,36.28571428571428,18.5,27.857142857142854,23.956043956043953,30.0,10.285714285714286,7.333333333333333,5.735930735930736,1.7125000000000001,0.9249999999999999,12.760000000000002,25.428571428571427,32.72727272727273,10.542857142857143,15.524956970740105,4.5625,4.0,0.08333333333333333,15.089285714285715,30.761904761904766,0.34897959183673477,28.928571428571423,24.615384615384613,0.0,10.470588235294118,1.3636363636363635,2.4285714285714284,7.093966395492069
963,172422,"Lima beans, thin seeded (baby), mature seeds, cooked, boiled, without salt",Legumes and Legume Products,3.0526315789473686,,0.0,,4.5,30.8,42.857142857142854,35.14285714285714,13.333333333333334,30.214285714285708,25.421245421245413,25.666666666666668,15.142857142857142,9.714285714285714,3.571428571428571,1.4625000000000001,1.3,9.44,26.457142857142856,23.09090909090909,11.457142857142857,13.838209982788296,3.4375,7.000000000000001,0.125,14.375,33.047619047619044,0.34897959183673477,33.92857142857142,26.593406593406588,0.0,4.588235294117647,0.0,,5.7533743207534105
964,172424,"Lupins, mature seeds, cooked, boiled, without salt",Legumes and Legume Products,5.368421052631579,,0.0,,4.25,11.2,16.857142857142858,63.28571428571428,6.666666666666667,49.64285714285714,43.260073260073256,39.61904761904762,15.428571428571429,10.476190476190476,2.6785714285714284,7.4624999999999995,3.35,3.7600000000000002,35.31428571428571,23.272727272727273,7.0,26.79862306368331,3.3124999999999996,3.7142857142857144,0.16666666666666666,11.964285714285714,54.57142857142857,2.681632653061225,44.64285714285714,35.71428571428571,0.0,0.5294117647058824,1.0000000000000002,,7.708404429747287
965,172426,"Mothbeans, mature seeds, cooked, boiled, without salt",Legumes and Legume Products,0.3157894736842105,,0.0,,4.178571428571429,,40.857142857142854,37.57142857142857,17.444444444444443,27.714285714285715,19.230769230769226,20.238095238095237,29.714285714285715,7.142857142857142,3.6147186147186146,2.0625,2.25,7.82,19.999999999999996,27.272727272727273,8.685714285714285,13.442340791738383,1.4374999999999998,4.0,0.4166666666666667,11.071428571428571,,0.5051020408163267,17.857142857142854,13.736263736263734,0.13333333333333333,5.470588235294119,0.9090909090909091,,3.295622183732536
966,172427,"Mungo beans, mature seeds, cooked, boiled, without salt",Legumes and Legume Products,5.578947368421052,0.2111111111111111,0.0,7.4,3.75,25.6,26.857142857142858,30.142857142857135,9.722222222222221,27.499999999999996,22.89377289377289,23.80952380952381,18.0,10.476190476190476,8.116883116883116,0.3,8.375,8.66,25.14285714285714,28.363636363636363,6.6,12.977624784853703,4.6875,3.5714285714285716,0.2916666666666667,13.392857142857142,24.952380952380953,0.5051020408163267,27.857142857142854,23.241758241758237,0.26666666666666666,3.4117647058823533,0.9090909090909091,3.857142857142857,4.6362142584711945
967,172429,"Peas, split, mature seeds, cooked, boiled, without salt",Legumes and Legume Products,1.4736842105263157,0.044444444444444446,0.0,8.2,4.214285714285714,33.2,18.571428571428573,29.0,7.166666666666667,24.57142857142857,21.9047619047619,28.666666666666664,10.285714285714286,8.095238095238095,4.816017316017316,1.7125000000000001,0.7000000000000001,11.9,21.94285714285714,18.0,10.342857142857143,14.354561101549054,3.5,0.8571428571428571,0.08333333333333333,16.96428571428571,28.190476190476186,0.3581632653061225,33.214285714285715,21.648351648351642,0.0,2.823529411764706,0.36363636363636365,7.142857142857143,5.585800311411078
968,172431,"Peanuts, spanish, oil-roasted, with salt",Legumes and Legume Products,10.526315789473685,,0.0,,20.678571428571427,35.6,36.0,101.14285714285712,12.666666666666664,70.35714285714285,66.52014652014651,47.85714285714285,48.0,32.76190476190476,80.80627705627705,212.45,0.25,27.839999999999996,82.97142857142856,70.36363636363636,22.17142857142857,48.209982788296045,5.3125,10.714285714285714,18.041666666666668,28.303571428571423,91.33333333333331,45.036734693877555,97.14285714285714,64.56043956043955,0.0,15.058823529411766,0.0,,11.171600622822156
969,172433,"Peanuts, valencia, oil-roasted, with salt",Legumes and Legume Products,5.684210526315789,,0.0,,21.035714285714285,35.6,36.0,97.71428571428571,9.166666666666666,67.92857142857142,64.21245421245419,46.238095238095234,45.714285714285715,31.61904761904762,77.58658008658008,222.00000000000003,0.25,27.74,80.1142857142857,58.0,17.485714285714284,46.54044750430293,9.562499999999998,10.714285714285714,32.166666666666664,8.035714285714285,88.19047619047619,47.057142857142864,93.92857142857142,62.30769230769229,0.0,14.294117647058824,0.0,,17.20426495914612
970,172437,"Pigeon peas (red gram), mature seeds, cooked, boiled, without salt",Legumes and Legume Products,4.526315789473684,,0.0,,4.321428571428571,26.8,31.714285714285715,34.42857142857142,6.166666666666668,17.5,17.69230769230769,22.57142857142857,13.142857142857142,7.238095238095237,4.226190476190476,2.45,0.22499999999999998,6.380000000000001,33.08571428571428,21.636363636363637,10.971428571428572,11.635111876075733,3.6874999999999996,4.142857142857143,0.20833333333333334,13.035714285714285,22.76190476190476,0.34897959183673477,23.57142857142857,16.04395604395604,0.0,2.9411764705882355,0.0,,5.02722028026997
971,172440,"Soybeans, mature seeds, roasted, salted",Legumes and Legume Products,14.526315789473685,1.3333333333333333,0.0,31.075,16.75,70.8,60.285714285714285,135.7142857142857,21.666666666666668,122.07142857142857,105.05494505494504,111.6190476190476,41.42857142857143,45.238095238095234,7.62987012987013,158.05,42.35,9.06,105.02857142857142,66.0,42.0,66.35111876075732,9.062499999999998,27.28571428571429,6.791666666666667,8.928571428571427,145.7142857142857,23.326530612244902,182.85714285714286,96.59340659340658,1.3333333333333333,12.23529411764706,2.0000000000000004,72.0,17.539412977830786
972,172442,Miso,Legumes and Legume Products,6.0,0.5777777777777777,0.0,18.05,7.071428571428571,21.6,5.428571428571429,34.714285714285715,13.833333333333336,36.28571428571428,30.036630036630033,22.76190476190476,13.714285714285714,12.285714285714285,4.902597402597403,30.9875,10.125,6.74,27.77142857142857,28.90909090909091,6.0,22.013769363166954,14.5625,10.0,155.33333333333334,8.75,45.61904761904761,5.519387755102041,55.357142857142854,30.05494505494505,0.5333333333333333,11.705882352941178,0.0,41.857142857142854,14.29964879721236
973,172443,Natto,Legumes and Legume Products,22.842105263157894,0.0,0.0,14.25,7.535714285714286,21.6,2.2857142857142856,73.14285714285714,47.77777777777778,66.5,55.274725274725256,54.52380952380952,32.857142857142854,19.80952380952381,0.0,68.45,18.35,4.3,53.77142857142856,31.636363636363637,20.82857142857143,33.39070567986231,11.875,12.571428571428573,0.2916666666666667,14.285714285714285,77.42857142857142,10.102040816326532,79.64285714285714,55.93406593406593,0.0,7.647058823529412,11.818181818181818,33.0,16.924974943575567
974,172452,Okara,Legumes and Legume Products,8.421052631578947,,0.0,,2.7142857142857144,,7.428571428571429,13.285714285714285,7.222222222222222,11.357142857142856,8.937728937728936,10.095238095238095,7.428571428571429,3.904761904761905,0.5411255411255411,8.325000000000001,2.225,1.7599999999999998,8.97142857142857,10.909090909090908,6.085714285714285,6.058519793459553,1.25,15.142857142857142,0.375,1.7857142857142856,12.476190476190476,1.588775510204082,17.857142857142854,8.9010989010989,0.0,6.764705882352941,0.0,,3.128048174390204
975,172453,"Winged beans, mature seeds, cooked, boiled, without salt",Legumes and Legume Products,14.947368421052632,,0.0,,5.25,,2.857142857142857,34.42857142857142,24.055555555555557,32.0,27.91208791208791,31.047619047619047,15.428571428571429,10.380952380952381,4.491341991341991,18.212500000000002,2.35,3.12,24.91428571428571,27.818181818181817,8.0,18.27882960413081,8.0625,4.142857142857143,0.5416666666666666,26.33928571428571,34.285714285714285,5.36326530612245,83.21428571428571,25.659340659340657,0.0,2.7647058823529416,0.0,,8.043552448431953
976,172454,"Hummus, home prepared",Legumes and Legume Products,5.157894736842105,0.022222222222222223,0.0,6.95,6.321428571428571,16.0,16.857142857142858,19.142857142857142,8.666666666666666,14.714285714285712,12.67399267399267,13.857142857142856,8.285714285714286,7.619047619047619,2.159090909090909,25.4375,1.8499999999999999,5.74,14.628571428571428,20.0,4.942857142857143,8.36488812392427,3.25,3.4285714285714284,10.083333333333334,7.946428571428571,17.333333333333332,7.888775510204083,20.357142857142854,11.813186813186812,0.0,23.470588235294123,7.181818181818182,4.285714285714286,6.088522339438076
977,172455,"Falafel, home-prepared",Legumes and Legume Products,5.684210526315789,,0.0,,11.892857142857142,,26.571428571428573,51.99999999999999,19.0,40.49999999999999,34.57875457875457,40.76190476190476,23.428571428571427,17.809523809523807,5.64935064935065,6.1875,2.775,5.84,40.4,34.90909090909091,16.714285714285715,22.908777969018935,10.375,1.4285714285714286,12.25,13.035714285714285,46.85714285714286,16.346938775510207,47.857142857142854,30.879120879120876,0.13333333333333333,7.352941176470589,1.4545454545454546,,8.378700467116618
978,172461,"MORI-NU, Tofu, silken, firm",Legumes and Legume Products,3.3684210526315788,,0.0,,2.2142857142857144,0.4,,24.142857142857142,5.722222222222222,24.928571428571423,21.46520146520146,21.857142857142854,7.714285714285714,10.095238095238095,1.3365800865800865,,,,22.51428571428571,16.363636363636363,5.542857142857143,11.87607573149742,2.5625,,1.5,9.017857142857144,27.238095238095234,2.479591836734694,30.357142857142854,21.15384615384615,0.0,0.6470588235294117,0.0,,3.4073381899607575
979,172462,"MORI-NU, Tofu, silken, extra firm",Legumes and Legume Products,3.263157894736842,,0.0,,1.9642857142857142,0.4,,25.999999999999996,6.611111111111111,27.428571428571423,23.4065934065934,23.57142857142857,7.714285714285714,8.952380952380953,1.2716450216450217,,,,24.57142857142857,18.181818181818183,4.4,12.736660929432015,2.125,,2.625,7.053571428571428,29.428571428571427,1.7448979591836737,43.92857142857142,21.923076923076923,0.0,0.6470588235294117,0.0,,3.3514801868466466
980,172463,"MORI-NU, Tofu, silken, lite firm",Legumes and Legume Products,3.789473684210526,,0.0,,1.3214285714285714,0.0,,22.285714285714285,4.166666666666667,21.21428571428571,18.35164835164835,18.285714285714285,2.857142857142857,7.333333333333333,0.5952380952380952,,,,18.4,14.727272727272727,1.8,10.843373493975905,1.25,,3.5416666666666665,3.571428571428571,20.952380952380953,0.7346938775510206,33.92857142857142,15.71428571428571,0.0,0.0,0.0,,1.8433141027656557
981,172464,"MORI-NU, Tofu, silken, lite extra firm",Legumes and Legume Products,4.526315789473684,,0.0,,1.3571428571428572,0.0,,24.999999999999996,4.388888888888889,23.14285714285714,19.926739926739927,20.38095238095238,2.857142857142857,8.38095238095238,0.5952380952380952,,,,20.74285714285714,15.090909090909092,1.6285714285714286,12.048192771084338,1.25,,4.083333333333333,2.6785714285714284,22.666666666666664,0.6428571428571429,34.285714285714285,17.637362637362635,0.0,0.0,0.0,,1.4523080809668802
982,172467,"Tempeh, cooked",Legumes and Legume Products,10.105263157894736,,,,6.964285714285714,,6.0,,11.833333333333334,,,,22.0,,11.553030303030301,31.474999999999998,3.0,9.06,,46.0,11.457142857142857,34.2685025817556,22.312499999999996,0.0,0.5833333333333334,4.821428571428571,,10.451020408163266,,,,11.705882352941178,,,8.769706488915393
983,172468,"Vitasoy USA, Nasoya Lite Firm Tofu",Legumes and Legume Products,19.36842105263158,,0.0,,1.9285714285714286,2.4,,,8.88888888888889,,,,,,,,,,,32.90909090909091,,14.285714285714288,,,1.4166666666666667,,,1.5612244897959187,,,12.666666666666666,,,,
984,172472,"Pigeon peas (red gram), mature seeds, cooked, boiled, with salt",Legumes and Legume Products,4.526315789473684,,0.0,,4.321428571428571,26.8,31.714285714285715,34.42857142857142,6.166666666666668,17.5,17.69230769230769,22.57142857142857,13.142857142857142,7.238095238095237,4.226190476190476,2.45,0.22499999999999998,6.380000000000001,33.08571428571428,21.636363636363637,10.971428571428572,11.635111876075733,3.6874999999999996,4.142857142857143,10.041666666666666,13.035714285714285,22.76190476190476,0.34897959183673477,23.57142857142857,16.04395604395604,0.0,2.9411764705882355,0.0,,5.02722028026997
985,172473,"Soy sauce made from soy and wheat (shoyu), low sodium",Legumes and Legume Products,3.1578947368421053,0.0,0.0,7.7,2.0357142857142856,2.8,12.571428571428571,24.142857142857142,7.5,29.14285714285714,21.794871794871792,16.19047619047619,19.714285714285715,8.857142857142858,6.168831168831168,1.5375,0.375,8.5,19.257142857142856,30.181818181818183,10.057142857142857,15.576592082616182,15.0,0.7142857142857143,149.91666666666666,3.571428571428571,35.99999999999999,0.2755102040816327,0.0,23.791208791208785,0.0,9.411764705882353,0.0,0.0,4.412782246014752
986,172474,"Soy sauce, reduced sodium, made from hydrolyzed vegetable protein",Legumes and Legume Products,1.1578947368421053,0.0,0.0,7.9,3.2142857142857144,1.2,1.1428571428571428,,2.388888888888889,,,,9.714285714285714,,2.4512987012987013,0.9625,0.3,2.96,,16.181818181818183,88.51428571428572,14.096385542168676,2.6874999999999996,1.2857142857142858,120.41666666666667,2.6785714285714284,,0.28469387755102044,,,0.0,2.176470588235294,0.0,0.0,1.3964500778527695
987,172477,"Winged beans, mature seeds, cooked, boiled, with salt",Legumes and Legume Products,14.947368421052632,,0.0,,5.25,,2.857142857142857,34.42857142857142,24.055555555555557,32.0,27.91208791208791,31.047619047619047,15.428571428571429,10.380952380952381,4.491341991341991,18.212500000000002,2.35,3.12,24.91428571428571,27.818181818181817,8.0,18.27882960413081,8.0625,4.142857142857143,10.375,26.33928571428571,34.285714285714285,5.36326530612245,83.21428571428571,25.659340659340657,0.0,2.7647058823529416,0.0,,8.043552448431953
988,173021,"Figs, raw",Fruits and Fruit Juices,3.6842105263157894,0.9444444444444444,0.0,1.175,2.642857142857143,11.6,1.7142857142857142,1.5714285714285712,2.0555555555555554,1.6428571428571426,1.2087912087912087,1.4285714285714286,4.857142857142857,0.5714285714285714,2.1645021645021645,1.7999999999999998,0.0,6.0,1.0285714285714282,2.5454545454545454,6.628571428571429,1.2908777969018934,3.125,0.2857142857142857,0.041666666666666664,5.357142857142857,2.2857142857142856,0.2755102040816327,2.142857142857143,1.5384615384615383,0.9333333333333333,6.647058823529412,1.8181818181818181,6.714285714285714,0.8378700467116617
989,173030,"Gooseberries, raw",Fruits and Fruit Juices,2.6315789473684212,,0.0,,1.5714285714285714,17.2,1.7142857142857142,,1.7222222222222223,,,,2.857142857142857,,1.6233766233766234,3.3875,1.15,5.72,,4.909090909090909,5.6571428571428575,1.5146299483648882,1.875,0.8571428571428571,0.041666666666666664,3.571428571428571,,0.5326530612244899,,,2.0,4.705882352941177,25.181818181818183,,0.6702960373693293
990,173033,"Grapefruit, raw, pink and red and white, all areas",Fruits and Fruit Juices,1.263157894736842,6.133333333333334,0.0,1.925,1.1428571428571428,4.4,2.857142857142857,0.857142857142857,0.5,0.5,0.4395604395604395,0.7619047619047619,2.2857142857142856,0.5714285714285714,1.3528138528138527,0.2375,0.125,5.659999999999999,2.1714285714285713,1.4545454545454546,3.9714285714285715,1.0843373493975905,1.25,0.42857142857142855,0.0,3.2142857142857135,1.0476190476190474,0.09183673469387757,2.142857142857143,0.6593406593406592,6.133333333333334,2.4705882352941178,31.272727272727273,0.0,0.3910060217987755
991,173034,"Grapefruit, raw, white, Florida",Fruits and Fruit Juices,1.5789473684210527,,0.0,,1.1428571428571428,,2.5714285714285716,0.857142857142857,0.2777777777777778,0.5,0.4395604395604395,0.7619047619047619,2.5714285714285716,0.5714285714285714,1.0822510822510822,0.2375,0.125,5.659999999999999,2.1714285714285713,1.2727272727272727,4.285714285714286,1.0843373493975905,1.25,,0.0,3.571428571428571,1.0476190476190474,0.09183673469387757,2.142857142857143,0.6593406593406592,0.0,2.5294117647058822,33.63636363636363,,0.3910060217987755
992,173040,"Grapes, muscadine, raw",Fruits and Fruit Juices,3.8947368421052633,0.43333333333333335,,,2.0357142857142856,15.6,0.5714285714285714,,1.4444444444444444,,,,4.0,,,,,,,4.363636363636363,5.8,1.3941480206540449,93.75,,0.041666666666666664,,,0.43163265306122456,,,0.4,,5.909090909090909,,0.6144380342552186
993,173043,"Groundcherries, (cape-gooseberries or poha), raw",Fruits and Fruit Juices,0.9473684210526315,,0.0,,1.8928571428571428,,,,5.555555555555555,,,,,,15.15151515151515,,,,,7.2727272727272725,,3.2702237521514634,2.5,,,9.821428571428571,,0.6428571428571429,,,4.8,,10.0,,
994,173044,"Guavas, common, raw",Fruits and Fruit Juices,1.894736842105263,4.155555555555556,0.0,1.9,2.4285714285714284,21.6,14.0,3.1428571428571423,1.4444444444444444,6.642857142857142,6.263736263736264,3.428571428571428,6.285714285714286,1.5238095238095237,5.865800865800866,3.5999999999999996,2.8000000000000003,9.02,0.3428571428571428,7.2727272727272725,11.914285714285715,4.388984509466437,2.5,0.8571428571428571,0.08333333333333333,5.982142857142857,9.142857142857142,0.8724489795918369,7.857142857142856,4.780219780219779,4.133333333333334,6.470588235294118,207.54545454545453,3.7142857142857144,1.284734071624548
995,173045,"Guavas, strawberry, raw",Fruits and Fruit Juices,2.210526315789474,,0.0,,2.4642857142857144,21.6,,0.7142857142857142,1.2222222222222223,1.5,1.4285714285714284,0.7619047619047619,4.857142857142857,0.38095238095238093,3.2467532467532467,2.275,1.775,,0.05714285714285714,4.909090909090909,8.342857142857143,0.9982788296041308,1.875,,1.5416666666666667,2.6785714285714284,2.095238095238095,0.5510204081632654,1.7857142857142856,1.0989010989010988,0.6666666666666666,,33.63636363636363,,
996,173263,"Rice, brown, parboiled, cooked, UNCLE BENS",Cereal Grains and Pasta,0.3157894736842105,,,1.1,5.25,6.8,1.1428571428571428,,2.9444444444444446,,,,11.142857142857142,,10.297619047619047,3.2375000000000003,0.2,5.500000000000001,,17.454545454545453,1.7428571428571429,5.3184165232358005,4.375,13.428571428571429,0.16666666666666666,8.660714285714286,,0.7806122448979593,,,,6.470588235294118,,0.5714285714285714,4.30106623978653
997,173265,"Pasta, gluten-free, corn and rice flour, cooked",Cereal Grains and Pasta,0.21052631578947367,0.35555555555555557,0.0,0.425,6.392857142857143,5.6,1.1428571428571428,13.14285714285714,1.2222222222222223,7.357142857142856,16.556776556776555,7.80952380952381,3.142857142857143,6.857142857142856,1.2987012987012987,3.9375,0.325,2.8000000000000003,9.999999999999998,6.0,0.6857142857142857,5.507745266781412,4.9375,3.1428571428571432,0.16666666666666666,4.4642857142857135,9.809523809523808,0.9183673469387756,7.142857142857142,5.659340659340658,0.5333333333333333,2.176470588235294,0.0,0.0,1.508166084080991
998,173563,"Oil, cupu assu",Fats and Oils,0.0,0.0,0.0,,31.571428571428573,0.0,0.0,0.0,,0.0,0.0,0.0,0.0,0.0,0.0,47.5,0.0,0.0,0.0,0.0,0.0,0.0,0.0,0.0,0.0,0.0,0.0,91.83673469387756,0.0,0.0,0.0,0.0,0.0,,0.0
999,173565,"Oil, soybean, salad or cooking, (partially hydrogenated) and cottonseed",Fats and Oils,0.0,0.0,0.0,0.05,31.571428571428573,0.0,0.0,0.0,0.0,0.0,0.0,0.0,0.0,0.0,0.0,566.25,70.0,0.0,0.0,0.0,0.0,0.0,0.0,0.0,0.0,0.0,0.0,91.83673469387756,0.0,0.0,0.0,0.0,0.0,35.285714285714285,0.0
1000,173568,"Shortening confectionery, coconut (hydrogenated) and or palm kernel (hydrogenated)",Fats and Oils,0.0,0.0,0.0,0.075,31.571428571428573,0.0,0.0,0.0,0.0,0.0,0.0,0.0,0.0,0.0,0.0,12.5,0.0,0.0,0.0,0.0,0.0,0.0,0.0,0.0,0.0,0.0,0.0,91.83673469387756,0.0,0.0,0.0,0.0,0.0,61.42857142857143,0.0
1001,173569,"Shortening industrial, soybean (hydrogenated) and cottonseed",Fats and Oils,0.0,0.0,0.0,0.05,31.571428571428573,0.0,0.0,0.0,0.0,0.0,0.0,0.0,0.0,0.0,0.0,142.5,15.0,0.0,0.0,0.0,0.0,0.0,0.0,0.0,0.0,0.0,0.0,91.83673469387756,0.0,0.0,0.0,0.0,0.0,61.42857142857143,0.0
1002,173573,"Oil, avocado",Fats and Oils,0.0,,,,31.571428571428573,0.0,0.0,,0.0,,,,0.0,,0.0,156.625,23.925,0.0,,0.0,0.0,0.0,0.0,0.0,0.0,0.0,,91.83673469387756,,,0.0,0.0,0.0,,0.0
1003,173574,"Shortening, special purpose for cakes and frostings, soybean (hydrogenated)",Fats and Oils,0.0,0.0,0.0,,31.571428571428573,0.0,0.0,,0.0,,,,0.0,,0.0,447.375,55.025,0.0,,0.0,0.0,0.0,0.0,0.0,0.0,0.0,,91.83673469387756,,,0.0,0.0,0.0,61.42857142857143,0.0
1004,173575,"Shortening, special purpose for baking, soybean (hydrogenated) palm and cottonseed",Fats and Oils,0.0,0.0,0.0,,31.571428571428573,0.0,0.0,,0.0,,,,0.0,,0.0,424.8,79.75,0.0,,0.0,0.0,0.0,0.0,0.0,0.0,0.0,,91.83673469387756,,,0.0,0.0,0.0,61.42857142857143,0.0
1005,173576,"Oil, oat",Fats and Oils,0.0,0.0,0.0,,31.571428571428573,0.0,0.0,,0.0,,,,0.0,,0.0,488.5,44.75,0.0,,0.0,0.0,0.0,0.0,0.0,0.0,0.0,,91.83673469387756,,,0.0,0.0,0.0,35.285714285714285,0.0
1006,173579,"Shortening, multipurpose, soybean (hydrogenated) and palm (hydrogenated)",Fats and Oils,0.0,,0.0,,31.571428571428573,0.0,0.0,,0.0,,,,0.0,,0.0,170.0,15.1,0.0,,0.0,0.0,0.0,0.0,0.0,0.0,0.0,,91.83673469387756,,,0.0,0.0,0.0,,0.0
1007,173584,"Shortening, vegetable, household, composite",Fats and Oils,0.10526315789473684,0.0,0.0,0.05,31.571428571428573,0.0,0.0,,0.38888888888888895,,,,0.0,,0.0,327.6625,47.075,13.6,,0.0,0.0,0.0,0.0,0.0,0.16666666666666666,1.7857142857142856,,91.8091836734694,,,0.0,0.05882352941176471,0.0,76.0,0.0
1008,173595,"Oil, industrial, coconut, principal uses candy coatings, oil sprays, roasting nuts",Fats and Oils,0.0,0.0,0.0,0.075,31.571428571428573,0.0,0.0,0.0,0.2222222222222222,0.0,0.0,0.0,0.0,0.0,0.0,20.7125,0.0,0.0,0.0,0.0,0.0,0.0,0.0,0.0,0.0,0.0,0.0,91.83673469387756,0.0,0.0,0.0,0.0,0.0,0.7142857142857143,0.0
1009,173596,"Oil, industrial, soy (partially hydrogenated), principal uses popcorn and flavoring vegetables",Fats and Oils,0.0,0.0,0.0,0.05,31.571428571428573,0.0,0.0,0.0,0.0,0.0,0.0,0.0,0.0,0.0,0.0,412.75000000000006,48.55,0.0,0.0,0.0,0.0,0.0,0.0,0.0,0.0,0.0,0.0,91.83673469387756,0.0,0.0,0.0,0.0,0.0,35.285714285714285,0.0
1010,173597,"Shortening, industrial, soy (partially hydrogenated), pourable liquid fry shortening",Fats and Oils,0.0,0.0,0.0,0.05,31.571428571428573,0.0,0.0,0.0,0.0,0.0,0.0,0.0,0.0,0.0,0.0,435.3625,62.125,0.0,0.0,0.0,0.0,0.0,0.0,0.0,0.0,0.0,0.0,91.83673469387756,0.0,0.0,0.0,0.0,0.0,35.285714285714285,0.0
1011,173598,"Oil, industrial, soy, refined, for woks and light frying",Fats and Oils,0.0,0.0,0.0,0.05,31.571428571428573,0.0,0.0,0.0,0.1111111111111111,0.0,0.0,0.0,0.0,0.0,0.0,641.2,172.8,0.0,0.0,0.0,0.0,0.0,0.0,0.0,0.0,0.0,0.0,91.83673469387756,0.0,0.0,0.0,0.0,0.0,262.7142857142857,0.0
1012,173604,"Oil, industrial, soy (partially hydrogenated ), palm, principal uses icings and fillings",Fats and Oils,0.0,0.0,0.0,0.05,31.571428571428573,0.0,0.0,0.0,0.0,0.0,0.0,0.0,0.0,0.0,0.0,82.625,0.0,0.0,0.0,0.0,0.0,0.0,0.0,0.0,0.0,0.0,0.0,91.83673469387756,0.0,0.0,0.0,0.0,0.0,35.285714285714285,0.0
1013,173606,"Shortening, industrial, soy (partially hydrogenated ) and corn for frying",Fats and Oils,0.0,0.0,0.0,0.05,31.571428571428573,0.0,0.0,,0.0,,,,0.0,,0.0,421.43750000000006,58.074999999999996,0.0,,0.0,0.0,0.0,0.0,0.0,0.0,0.0,,91.83673469387756,,,0.0,0.0,0.0,61.42857142857143,0.0
1014,173607,"Shortening, industrial, soy (partially hydrogenated ) for baking and confections",Fats and Oils,0.0,0.0,0.0,0.05,31.571428571428573,0.0,0.0,0.0,0.0,0.0,0.0,0.0,0.0,0.0,0.0,62.5,0.0,0.0,0.0,0.0,0.0,0.0,0.0,0.0,0.0,0.0,0.0,91.83673469387756,0.0,0.0,0.0,0.0,0.0,61.42857142857143,0.0
1015,173728,"Beans, adzuki, mature seeds, cooked, boiled, without salt",Legumes and Legume Products,2.9473684210526314,,0.0,,4.571428571428571,29.2,34.57142857142857,28.285714285714285,11.11111111111111,21.428571428571427,23.150183150183146,26.999999999999996,14.857142857142858,7.523809523809524,3.87987012987013,0.2625,,8.6,22.742857142857144,30.545454545454547,15.2,12.943201376936319,4.0,1.7142857142857142,0.3333333333333333,10.267857142857142,24.285714285714285,0.09183673469387757,25.714285714285708,21.263736263736263,0.0,5.647058823529412,0.0,,9.886866551197608
1016,173730,"Yokan, prepared from adzuki beans and sugar",Legumes and Legume Products,2.8421052631578947,,0.0,,9.285714285714286,,2.2857142857142856,12.428571428571427,6.444444444444444,9.357142857142858,10.10989010989011,11.80952380952381,5.142857142857143,3.3333333333333335,0.30844155844155846,0.325,,1.98,9.942857142857141,7.2727272727272725,1.2857142857142858,5.662650602409639,0.25,3.285714285714285,3.4583333333333335,0.4464285714285714,10.666666666666668,0.11020408163265308,11.428571428571429,9.285714285714285,0.0,0.4705882352941177,0.0,,0.3910060217987755
1017,173731,"Beans, baked, home prepared",Legumes and Legume Products,6.421052631578948,,1.6666666666666667,,5.535714285714286,22.0,13.714285714285714,21.857142857142854,11.055555555555555,17.285714285714285,15.677655677655673,18.047619047619047,12.285714285714286,8.19047619047619,2.2077922077922074,7.4125,3.675,3.1,16.4,19.818181818181817,10.228571428571428,9.53528399311532,3.0625,8.142857142857142,17.583333333333332,12.142857142857142,21.714285714285715,4.729591836734695,23.928571428571427,15.49450549450549,0.0,5.294117647058823,1.0000000000000002,,4.077634227330087
1018,173735,"Beans, black, mature seeds, cooked, boiled, without salt",Legumes and Legume Products,2.8421052631578947,0.0,0.0,8.15,4.714285714285714,34.8,42.57142857142857,35.285714285714285,11.666666666666666,27.928571428571427,25.93406593406593,28.95238095238095,20.0,12.666666666666666,2.732683982683983,1.575,2.625,4.84,27.371428571428567,25.454545454545453,10.142857142857142,15.249569707401035,3.6874999999999996,1.7142857142857142,0.041666666666666664,21.78571428571428,35.52380952380952,0.49591836734693884,37.49999999999999,25.494505494505493,0.0,4.058823529411765,0.0,4.714285714285714,6.256096348780408
1019,173736,"Beans, cranberry (roman), mature seeds, cooked, boiled, without salt",Legumes and Legume Products,5.2631578947368425,,0.0,,4.857142857142857,34.4,59.142857142857146,37.14285714285714,11.61111111111111,29.428571428571423,27.32600732600732,30.52380952380952,14.285714285714286,13.333333333333334,2.786796536796537,1.35,2.275,4.8,28.857142857142854,24.545454545454547,11.057142857142857,16.075731497418246,4.3125,1.8571428571428572,0.041666666666666664,18.749999999999996,37.42857142857143,0.4224489795918368,39.64285714285714,26.86813186813186,,4.764705882352941,0.0,,6.367812355008628
1020,173739,"Beans, french, mature seeds, cooked, boiled, without salt",Legumes and Legume Products,6.631578947368421,,0.0,,4.607142857142857,37.6,21.428571428571427,28.0,6.0,22.21428571428571,20.622710622710617,23.047619047619047,16.0,10.095238095238095,2.9545454545454546,2.075,7.175,4.4399999999999995,21.77142857142857,18.545454545454547,10.571428571428571,12.134251290877797,3.875,1.7142857142857142,0.25,11.607142857142856,28.285714285714285,0.6979591836734695,29.642857142857142,20.27472527472527,0.0,6.176470588235294,1.0909090909090908,,3.57491219930309
1021,173740,"Beans, kidney, all types, mature seeds, cooked, boiled, without salt",Legumes and Legume Products,3.6842105263157894,0.0,0.0,7.625,4.535714285714286,25.6,37.142857142857146,33.99999999999999,12.333333333333336,29.285714285714285,26.959706959706953,28.9047619047619,12.0,10.761904761904763,3.1277056277056277,1.35,4.25,4.4,29.199999999999996,25.09090909090909,11.571428571428571,14.922547332185887,3.6250000000000004,1.5714285714285716,0.041666666666666664,14.285714285714285,30.380952380952383,0.4591836734693878,37.14285714285714,27.472527472527467,0.0,7.0588235294117645,1.0909090909090908,12.0,5.585800311411078
1022,173743,"Beans, kidney, california red, mature seeds, cooked, boiled, without salt",Legumes and Legume Products,6.947368421052632,,0.0,,4.428571428571429,37.2,21.142857142857142,36.28571428571428,16.555555555555557,28.785714285714285,26.703296703296697,29.857142857142858,13.714285714285714,13.047619047619047,2.922077922077922,0.25,0.8,4.38,28.228571428571424,24.90909090909091,11.971428571428572,15.714285714285717,3.875,1.7142857142857142,0.16666666666666666,11.517857142857142,36.57142857142857,0.08265306122448982,38.57142857142857,26.26373626373626,0.0,6.11764705882353,1.0909090909090908,,4.803788267813527
1023,173746,"Beans, navy, mature seeds, cooked, boiled, without salt",Legumes and Legume Products,7.2631578947368425,0.0,,11.175,5.0,42.0,40.0,29.428571428571423,13.11111111111111,27.642857142857142,25.64102564102564,24.76190476190476,15.142857142857142,10.571428571428571,3.5119047619047623,1.7000000000000002,4.425,5.32,26.914285714285707,26.181818181818183,11.114285714285714,14.165232358003443,4.125,4.142857142857143,0.0,21.160714285714285,27.523809523809522,0.5693877551020409,35.71428571428571,27.692307692307686,0.0,8.11764705882353,0.8181818181818182,0.8571428571428571,5.7533743207534105
1024,173750,"Beans, small white, mature seeds, cooked, boiled, without salt",Legumes and Legume Products,7.684210526315789,,0.0,,5.071428571428571,41.6,39.142857142857146,35.71428571428571,15.777777777777779,28.285714285714285,26.22710622710622,29.333333333333332,19.428571428571427,12.857142857142856,1.471861471861472,1.875,3.15,5.0200000000000005,27.71428571428571,30.727272727272727,13.228571428571428,15.438898450946647,3.6874999999999996,1.8571428571428572,0.08333333333333333,21.071428571428566,35.904761904761905,0.5877551020408164,37.857142857142854,25.769230769230763,0.0,7.470588235294118,0.0,,6.088522339438076
1025,173752,"Beans, yellow, mature seeds, cooked, boiled, without salt",Legumes and Legume Products,6.526315789473684,0.0,0.0,8.8,5.142857142857143,41.6,23.142857142857142,36.42857142857142,13.777777777777779,28.928571428571427,26.81318681318681,29.95238095238095,21.142857142857142,13.142857142857142,3.831168831168831,3.1625,5.3,4.58,28.34285714285714,33.27272727272727,9.285714285714286,15.765920826161791,6.437499999999999,1.8571428571428572,0.20833333333333334,16.69642857142857,36.76190476190476,0.9918367346938777,38.57142857142857,26.318681318681314,0.0,7.588235294117648,1.6363636363636365,5.0,5.920948330095743
1026,173753,"Broadbeans (fava beans), mature seeds, cooked, boiled, without salt",Legumes and Legume Products,3.789473684210526,0.1,0.0,7.65,3.9285714285714284,21.6,29.714285714285715,27.57142857142857,8.333333333333334,21.857142857142854,20.95238095238095,23.142857142857142,12.285714285714286,5.904761904761905,3.847402597402597,1.9,0.3,3.1399999999999997,18.34285714285714,22.727272727272727,7.6571428571428575,13.080895008605854,5.5625,3.7142857142857144,0.20833333333333334,8.660714285714286,25.71428571428571,0.3673469387755103,25.714285714285708,18.57142857142857,0.13333333333333333,4.235294117647059,0.2727272727272727,4.142857142857143,5.641658314525189
1027,173755,Carob flour,Legumes and Legume Products,36.63157894736842,0.08888888888888889,0.0,2.975,7.928571428571429,159.2,8.285714285714286,17.428571428571427,16.333333333333332,14.928571428571425,16.19047619047619,9.333333333333334,15.428571428571429,7.7142857142857135,10.265151515151514,2.65,0.1,0.9400000000000001,8.628571428571428,14.363636363636363,23.62857142857143,7.951807228915664,28.8125,7.571428571428571,1.4583333333333333,4.732142857142857,25.80952380952381,0.5969387755102041,17.142857142857142,24.505494505494504,0.13333333333333333,21.529411764705884,0.18181818181818182,0.0,5.138936286498192
1028,173757,"Chickpeas (garbanzo beans, bengal gram), mature seeds, cooked, boiled, without salt",Legumes and Legume Products,5.157894736842105,0.17777777777777778,0.0,10.7,5.857142857142857,30.4,49.142857142857146,34.857142857142854,16.055555555555557,27.14285714285714,23.11355311355311,28.238095238095237,13.714285714285714,11.04761904761905,2.846320346320346,13.9125,1.075,5.72,27.14285714285714,30.545454545454547,8.314285714285715,15.249569707401035,3.9374999999999996,5.285714285714286,0.2916666666666667,10.357142857142858,31.333333333333332,2.378571428571429,30.357142857142854,20.439560439560438,0.13333333333333333,8.176470588235295,1.1818181818181819,5.714285714285714,8.546274476458949
1029,173759,"Cowpeas, common (blackeyes, crowder, southern), mature seeds, cooked, boiled, without salt",Legumes and Legume Products,2.526315789473684,0.1,0.0,8.05,4.142857142857143,26.0,59.42857142857143,34.285714285714285,13.944444444444443,22.428571428571427,21.68498168498168,24.904761904761905,15.142857142857142,10.476190476190476,2.6785714285714284,1.7874999999999999,2.075,8.219999999999999,25.77142857142857,28.363636363636363,7.942857142857143,13.304647160068848,3.4375,3.5714285714285716,0.16666666666666666,18.03571428571429,27.999999999999996,0.4867346938775511,33.92857142857142,20.219780219780215,0.13333333333333333,5.882352941176471,0.36363636363636365,2.4285714285714284,7.20568240172029
1030,173762,"Vitasoy USA, Organic Nasoya Extra Firm Tofu",Legumes and Legume Products,8.105263157894736,,0.0,,3.5,5.2,,,8.88888888888889,,,,,,,,,,,,,17.383820998278832,,,0.16666666666666666,,,4.775510204081633,,,0.26666666666666666,,,,
1031,173763,"Vitasoy USA, Organic Nasoya Firm Tofu",Legumes and Legume Products,13.157894736842104,,0.0,,3.0,3.2,,,6.666666666666667,,,,,,,,,,,,,15.318416523235802,,,0.16666666666666666,,,4.040816326530614,,,,,,,
1032,173764,"Vitasoy USA, Organic Nasoya Silken Tofu",Legumes and Legume Products,7.894736842105263,,0.0,,1.6785714285714286,1.2,,,5.0,,,,,,,,,,,,,8.261617900172118,,,0.08333333333333333,,,2.295918367346939,,,,,,,
1033,173765,"Soymilk (All flavors), enhanced",Legumes and Legume Products,14.736842105263158,,0.0,,1.6071428571428572,1.6,9.142857142857142,,2.7222222222222223,,,,,,17.81385281385281,,,,,,4.0285714285714285,5.060240963855422,12.4375,3.285714285714285,2.0833333333333335,5.535714285714286,,1.8275510204081635,,,,13.705882352941178,6.545454545454546,,1.3405920747386586
1034,173770,"SILK Chocolate, soymilk",Legumes and Legume Products,12.947368421052632,,0.0,,2.0714285714285716,3.2,2.857142857142857,,3.2777777777777777,,,,4.571428571428571,,,,,,,,4.114285714285714,3.545611015490534,13.125,2.4285714285714284,1.7083333333333333,,,1.322448979591837,,,,,0.0,,1.3964500778527695
1035,173771,"SILK Light Plain, soymilk",Legumes and Legume Products,12.947368421052632,,0.0,,1.0357142857142858,1.6,2.857142857142857,,2.4444444444444446,,,,4.571428571428571,,,,,,,,3.5142857142857142,4.251290877796903,13.125,3.285714285714285,2.0416666666666665,,,0.7530612244897961,,,,,0.0,,1.3964500778527695
1036,173772,"SILK Light Vanilla, soymilk",Legumes and Legume Products,12.947368421052632,,0.0,,1.1785714285714286,1.6,2.857142857142857,,2.4444444444444446,,,,4.571428571428571,,,,,,,,3.5142857142857142,4.251290877796903,13.125,3.285714285714285,1.625,,,0.7530612244897961,,,,,0.0,,1.3964500778527695
1037,173773,"SILK Light Chocolate, soymilk",Legumes and Legume Products,12.947368421052632,,0.0,,1.75,3.2,2.857142857142857,,3.2777777777777777,,,,4.571428571428571,,,,,,,,4.114285714285714,3.545611015490534,13.125,2.4285714285714284,1.7083333333333333,,,0.5693877551020409,,,,,0.0,,1.3964500778527695
1038,173774,"SILK Very Vanilla, soymilk",Legumes and Legume Products,15.157894736842104,,0.0,,1.8928571428571428,1.6,2.857142857142857,,2.4444444444444446,,,,4.571428571428571,,,,,,,,3.5142857142857142,4.251290877796903,13.125,3.285714285714285,2.4166666666666665,,,1.5153061224489799,,,,,7.818181818181818,,3.4631961930748685
1039,173775,"SILK Nog, soymilk",Legumes and Legume Products,1.6842105263157894,,0.0,,2.642857142857143,0.0,0.0,,1.6666666666666667,,,,0.0,,,,,,,,3.5142857142857142,4.23407917383821,0.0,0.0,2.5416666666666665,,,1.5061224489795921,,,,,0.0,,0.0
1040,173776,"SILK Chai, soymilk",Legumes and Legume Products,12.947368421052632,,0.0,,1.8928571428571428,0.0,2.0,,2.4444444444444446,,,,0.0,,,,,,,,3.5142857142857142,4.251290877796903,8.75,0.0,1.7083333333333333,,,1.322448979591837,,,,,0.0,,2.0667461152220987
1041,173777,"SILK Mocha, soymilk",Legumes and Legume Products,12.947368421052632,,0.0,,2.0714285714285716,0.0,2.0,,2.4444444444444446,,,,0.0,,,,,,,,3.5142857142857142,3.545611015490534,8.75,0.0,1.7083333333333333,,,1.322448979591837,,,,,0.0,,2.0667461152220987
1042,173778,SILK Raspberry soy yogurt,Legumes and Legume Products,18.526315789473685,,0.0,,3.142857142857143,2.4,,,3.5555555555555554,,,,,,,,,,,,,4.044750430292599,,,0.625,,,1.0836734693877552,,,,,16.000000000000004,,
1043,173779,SILK Peach soy yogurt,Legumes and Legume Products,18.526315789473685,,0.0,,3.357142857142857,2.4,,,3.5555555555555554,,,,,,,,,,,,,4.044750430292599,,,0.625,,,1.0836734693877552,,,,,16.000000000000004,,
1044,173780,SILK Black Cherry soy yogurt,Legumes and Legume Products,18.526315789473685,,0.0,,3.142857142857143,2.4,,,3.5555555555555554,,,,,,,,,,,,,4.044750430292599,,,0.5,,,1.0836734693877552,,,,,16.000000000000004,,
1045,173781,SILK Blueberry soy yogurt,Legumes and Legume Products,18.526315789473685,,0.0,,3.142857142857143,2.4,,,3.5555555555555554,,,,,,,,,,,,,4.044750430292599,,,0.625,,,1.0836734693877552,,,,,16.000000000000004,,
1046,173782,SILK Hazelnut Creamer,Legumes and Legume Products,0.0,,0.0,,4.75,0.0,,,0.0,,,,,,,,,,,,,0.0,,,2.7916666666666665,,,6.125510204081634,,,,,181.8181818181818,,
1047,173783,"Vitasoy USA Organic Nasoya, Soft Tofu",Legumes and Legume Products,13.68421052631579,,0.0,,2.5,2.4,,,6.111111111111112,,,,,,,,,,,,,15.077452667814114,,,0.16666666666666666,,,3.214285714285715,,,,,,,
1048,173784,"Vitasoy USA Nasoya, Lite Silken Tofu",Legumes and Legume Products,41.473684210526315,,0.0,,1.5357142857142858,,,,4.833333333333333,,,,,,,,,,,36.90909090909091,,14.130808950086061,,,3.2916666666666665,,,1.0102040816326534,,,12.8,,,,
1049,173785,"Vitasoy USA Organic Nasoya, Tofu Plus Extra Firm",Legumes and Legume Products,25.894736842105264,,0.0,,3.2857142857142856,4.0,,,8.88888888888889,,,,,,,,,,,23.454545454545453,,17.521514629948367,27.5,,0.2916666666666667,,,4.500000000000001,,,,29.411764705882355,,,
1050,173786,"Vitasoy USA Azumaya, Silken Tofu",Legumes and Legume Products,6.947368421052632,,0.0,,1.5357142857142858,0.8,,,4.444444444444445,,,,,,,,,,,,,8.296041308089501,,,0.08333333333333333,,,2.2040816326530615,,,,,,,
1051,173787,HOUSE FOODS Premium Soft Tofu,Legumes and Legume Products,8.210526315789474,,0.0,,2.107142857142857,3.2,,,8.5,,,,,,,,,,,,,10.98106712564544,,,1.4166666666666667,,,2.488775510204082,,,,,0.8181818181818182,,
1052,173788,HOUSE FOODS Premium Firm Tofu,Legumes and Legume Products,15.68421052631579,,0.0,,3.0357142857142856,3.6,,,9.38888888888889,,,,,,,,,,,,,18.79518072289157,,,1.375,,,3.8479591836734706,,,,,1.0000000000000002,,
1053,173789,"Beans, adzuki, mature seed, cooked, boiled, with salt",Legumes and Legume Products,2.9473684210526314,,0.0,,4.571428571428571,29.2,34.57142857142857,28.285714285714285,11.11111111111111,21.428571428571427,23.150183150183146,26.999999999999996,14.857142857142858,7.523809523809524,3.87987012987013,0.2625,,8.6,22.742857142857144,30.545454545454547,15.2,12.943201376936319,4.0,1.7142857142857142,10.166666666666666,10.267857142857142,24.285714285714285,0.09183673469387757,25.714285714285708,21.263736263736263,0.0,5.647058823529412,0.0,,9.886866551197608
1054,173790,"Beans, great northern, mature seeds, cooked, boiled, with salt",Legumes and Legume Products,7.157894736842105,,0.0,,4.214285714285714,28.0,29.142857142857142,33.142857142857146,11.833333333333334,26.28571428571428,24.358974358974354,27.238095238095234,14.285714285714286,11.904761904761905,3.6850649350649354,1.2874999999999999,2.1,5.32,25.77142857142857,30.0,11.17142857142857,14.337349397590362,3.6874999999999996,5.857142857142857,9.916666666666666,14.107142857142856,33.42857142857142,0.41326530612244905,35.357142857142854,23.956043956043953,0.0,6.882352941176471,1.1818181818181819,,4.915504274041749
1055,173792,"Beans, kidney, all types, mature seeds, cooked, boiled, with salt",Legumes and Legume Products,2.9473684210526314,0.0,0.0,,4.535714285714286,25.6,37.142857142857146,34.57142857142857,16.333333333333332,27.357142857142854,25.38461538461538,28.333333333333332,12.857142857142858,12.38095238095238,3.1277056277056277,1.3375,4.2,4.4,26.799999999999997,25.818181818181817,11.514285714285714,14.922547332185887,3.6250000000000004,1.7142857142857142,9.916666666666666,14.285714285714285,34.76190476190476,0.4591836734693878,36.78571428571428,24.94505494505494,0.0,7.0588235294117645,1.0909090909090908,4.714285714285714,5.976806333209853
1056,173793,"Beans, kidney, california red, mature seeds, cooked, boiled, with salt",Legumes and Legume Products,6.947368421052632,,0.0,,4.428571428571429,37.2,21.142857142857142,36.28571428571428,16.555555555555557,28.785714285714285,26.703296703296697,29.857142857142858,13.714285714285714,13.047619047619047,2.922077922077922,0.25,0.8,4.38,28.228571428571424,24.90909090909091,11.971428571428572,15.714285714285717,3.875,1.7142857142857142,10.0,11.517857142857142,36.57142857142857,0.08265306122448982,38.57142857142857,26.26373626373626,0.0,6.11764705882353,1.0909090909090908,,4.803788267813527
1057,173794,"Beans, navy, mature seeds, cooked, boiled, with salt",Legumes and Legume Products,7.2631578947368425,0.0,0.0,11.175,5.0,42.0,40.0,29.428571428571423,13.11111111111111,27.642857142857142,25.64102564102564,24.76190476190476,15.142857142857142,10.571428571428571,3.5119047619047623,0.8625,2.25,5.32,26.914285714285707,26.181818181818183,11.114285714285714,14.165232358003443,4.125,4.142857142857143,9.875,21.160714285714285,27.523809523809522,0.5693877551020409,35.71428571428571,27.692307692307686,0.0,8.11764705882353,0.8181818181818182,0.8571428571428571,5.7533743207534105
1058,173795,"Beans, pink, mature seeds, cooked, boiled, with salt",Legumes and Legume Products,5.473684210526316,0.0,0.0,9.225,5.321428571428571,21.2,48.0,35.99999999999999,12.777777777777777,28.57142857142857,26.48351648351648,29.61904761904762,18.571428571428573,12.952380952380953,3.084415584415584,1.425,2.4,5.9799999999999995,27.999999999999996,30.0,14.514285714285714,15.593803786574872,3.9374999999999996,2.0,9.916666666666666,22.94642857142857,36.285714285714285,0.45000000000000007,38.21428571428571,26.04395604395604,0.0,10.294117647058824,0.0,5.285714285714286,5.362368298954634
1059,173796,"Beans, pinto, mature seeds, cooked, boiled, with salt",Legumes and Legume Products,4.842105263157895,0.0,0.0,,5.107142857142857,36.0,49.142857142857146,33.142857142857146,11.61111111111111,26.28571428571428,24.32234432234432,27.190476190476186,14.285714285714286,12.0,1.7207792207792207,0.975,2.725,4.2,25.71428571428571,26.727272727272727,12.457142857142857,15.507745266781413,3.875,8.857142857142858,9.916666666666666,17.232142857142858,33.33333333333333,0.5969387755102041,35.0,23.901098901098898,0.0,13.47058823529412,0.7272727272727273,5.0,5.474084305182856
1060,173798,"Broadbeans (fava beans), mature seeds, cooked, boiled, with salt",Legumes and Legume Products,3.789473684210526,0.1,0.0,7.65,3.9285714285714284,21.6,29.714285714285715,27.57142857142857,8.333333333333334,21.857142857142854,20.95238095238095,23.142857142857142,12.285714285714286,5.904761904761905,3.847402597402597,1.9,0.3,3.1399999999999997,18.34285714285714,22.727272727272727,7.6571428571428575,13.080895008605854,5.5625,3.7142857142857144,10.041666666666666,8.660714285714286,25.71428571428571,0.3673469387755103,25.714285714285708,18.57142857142857,0.13333333333333333,4.235294117647059,0.2727272727272727,4.142857142857143,5.641658314525189
1061,173799,"Chickpeas (garbanzo beans, bengal gram), mature seeds, cooked, boiled, with salt",Legumes and Legume Products,5.157894736842105,0.17777777777777778,0.0,10.7,5.857142857142857,30.4,49.142857142857146,34.857142857142854,16.055555555555557,27.14285714285714,23.11355311355311,28.238095238095237,13.714285714285714,11.04761904761905,2.846320346320346,13.9125,1.075,5.72,27.14285714285714,30.545454545454547,8.314285714285715,15.249569707401035,3.9374999999999996,5.285714285714286,10.125,10.357142857142858,31.333333333333332,2.378571428571429,30.357142857142854,20.439560439560438,0.13333333333333333,8.176470588235295,1.1818181818181819,5.714285714285714,8.546274476458949
1062,173802,"Lima beans, large, mature seeds, cooked, boiled, with salt",Legumes and Legume Products,1.7894736842105263,0.0,0.0,8.125,4.107142857142857,28.0,23.714285714285715,33.99999999999999,13.277777777777779,29.35714285714285,24.652014652014653,24.904761904761905,12.285714285714286,9.428571428571429,2.2781385281385282,1.4749999999999999,1.3,8.44,25.657142857142855,20.181818181818183,14.514285714285714,13.425129087779691,3.4375,6.428571428571429,9.916666666666666,14.375,32.095238095238095,0.34897959183673477,32.857142857142854,25.769230769230763,0.0,9.47058823529412,0.0,2.857142857142857,5.306510295840524
1063,173803,"Lima beans, thin seeded (baby), mature seeds, cooked, boiled, with salt",Legumes and Legume Products,3.0526315789473686,,0.0,,4.5,30.8,42.857142857142854,35.14285714285714,13.333333333333334,30.214285714285708,25.421245421245413,25.666666666666668,15.142857142857142,9.714285714285714,3.571428571428571,1.4625000000000001,1.3,9.44,26.457142857142856,23.09090909090909,11.457142857142857,13.838209982788296,3.4375,7.000000000000001,9.958333333333334,14.375,33.047619047619044,0.34897959183673477,33.92857142857142,26.593406593406588,0.0,4.588235294117647,0.0,,5.7533743207534105
1064,173804,"Lupins, mature seeds, cooked, boiled, with salt",Legumes and Legume Products,5.368421052631579,,0.0,,4.142857142857143,11.2,16.857142857142858,63.28571428571428,6.666666666666667,49.64285714285714,43.260073260073256,39.61904761904762,15.428571428571429,10.476190476190476,2.6785714285714284,7.4624999999999995,3.35,3.7600000000000002,35.31428571428571,23.272727272727273,7.0,26.79862306368331,3.3124999999999996,3.7142857142857144,10.0,11.964285714285714,54.57142857142857,2.681632653061225,44.64285714285714,35.71428571428571,0.0,0.5294117647058824,1.0000000000000002,,7.708404429747287
1065,173805,"Mothbeans, mature seeds, cooked, boiled, with salt",Legumes and Legume Products,0.3157894736842105,,0.0,,4.178571428571429,,40.857142857142854,37.57142857142857,17.444444444444443,27.714285714285715,19.230769230769226,20.238095238095237,29.714285714285715,7.142857142857142,3.6147186147186146,2.0625,2.25,7.82,19.999999999999996,27.272727272727273,8.685714285714285,13.442340791738383,1.4374999999999998,4.0,10.25,11.071428571428571,,0.5051020408163267,17.857142857142854,13.736263736263734,0.13333333333333333,5.470588235294119,0.9090909090909091,,3.295622183732536
1066,173807,"Peanuts, spanish, oil-roasted, without salt",Legumes and Legume Products,10.526315789473685,,0.0,,20.678571428571427,35.6,36.0,101.14285714285712,12.666666666666664,70.35714285714285,66.52014652014651,47.85714285714285,48.0,32.76190476190476,80.80627705627705,212.45,0.25,27.839999999999996,82.97142857142856,70.36363636363636,22.17142857142857,48.209982788296045,5.3125,10.714285714285714,0.25,28.303571428571423,91.33333333333331,45.036734693877555,97.14285714285714,64.56043956043955,0.0,15.058823529411766,0.0,,11.171600622822156
1067,173808,"Peanuts, valencia, oil-roasted, without salt",Legumes and Legume Products,5.684210526315789,,0.0,,21.035714285714285,35.6,36.0,97.71428571428571,9.166666666666666,67.92857142857142,64.21245421245419,46.238095238095234,45.714285714285715,31.61904761904762,77.58658008658008,222.00000000000003,0.25,27.74,80.1142857142857,58.0,17.485714285714284,46.54044750430293,9.562499999999998,10.714285714285714,0.25,8.035714285714285,88.19047619047619,47.057142857142864,93.92857142857142,62.30769230769229,0.0,14.294117647058824,0.0,,17.20426495914612
1068,173809,"Peanuts, virginia, oil-roasted, without salt",Legumes and Legume Products,9.052631578947368,,0.0,,20.642857142857142,35.6,35.714285714285715,93.42857142857143,9.277777777777779,65.0,61.42857142857142,44.23809523809524,53.714285714285715,30.19047619047619,79.54545454545455,183.0,0.475,27.72,76.62857142857142,92.0,18.62857142857143,44.526678141135974,7.0,10.714285714285714,0.25,24.642857142857142,84.38095238095237,44.65102040816327,89.64285714285714,59.615384615384606,0.0,14.941176470588236,0.0,,36.977998061541335
1069,173928,"Apples, raw, without skin, cooked, boiled",Fruits and Fruit Juices,0.5263157894736842,0.2111111111111111,0.0,0.85,1.8928571428571428,9.6,0.2857142857142857,,1.0555555555555556,,,,0.8571428571428571,,0.514069264069264,1.075,0.44999999999999996,0.9199999999999999,,1.4545454545454546,2.5142857142857142,0.4475043029259897,0.7499999999999999,0.42857142857142855,0.041666666666666664,1.4285714285714286,,0.33061224489795926,,,0.26666666666666666,2.5882352941176467,0.18181818181818182,0.8571428571428571,0.22343201245644312
1070,173929,"Apples, raw, without skin, cooked, microwave",Fruits and Fruit Juices,0.5263157894736842,0.18888888888888888,0.0,0.85,2.0,11.2,0.2857142857142857,0.5714285714285714,0.9444444444444444,0.7857142857142856,0.6227106227106227,0.857142857142857,0.8571428571428571,0.2857142857142857,0.33008658008658004,1.2625000000000002,0.525,0.9199999999999999,0.45714285714285713,1.4545454545454546,2.657142857142857,0.4819277108433736,0.6874999999999999,0.42857142857142855,0.041666666666666664,1.5178571428571428,0.9523809523809523,0.3857142857142858,1.0714285714285714,0.7142857142857142,0.26666666666666666,2.705882352941176,0.2727272727272727,1.0,0.22343201245644312
1071,173932,"Apples, frozen, unsweetened, heated (Includes foods for USDA's Food Distribution Program)",Fruits and Fruit Juices,0.5263157894736842,,0.0,,1.6785714285714286,5.2,0.2857142857142857,0.7142857142857142,1.0555555555555556,0.7857142857142856,0.6593406593406592,0.857142857142857,0.8571428571428571,0.2857142857142857,0.23268398268398266,0.9875,0.42500000000000004,1.1400000000000001,0.45714285714285713,1.4545454545454546,2.1714285714285713,0.4991394148020654,0.6874999999999999,0.2857142857142857,0.125,1.25,0.9523809523809523,0.30306122448979594,1.0714285714285714,0.7142857142857142,,1.8823529411764708,0.36363636363636365,,0.2792900155705539
1072,173944,"Bananas, raw",Fruits and Fruit Juices,0.5263157894736842,0.28888888888888886,0.0,2.45,3.1785714285714284,10.4,5.714285714285714,11.0,1.4444444444444444,2.0,2.490842490842491,2.380952380952381,7.714285714285714,0.7619047619047619,3.5984848484848486,0.575,0.675,6.68,2.8,4.0,10.228571428571428,1.8760757314974186,4.5625,1.4285714285714286,0.041666666666666664,2.767857142857143,2.666666666666667,0.30306122448979594,3.2142857142857135,2.582417582417582,0.4,21.58823529411765,7.909090909090908,0.7142857142857143,0.8378700467116617
1073,173946,"Blackberries, raw",Fruits and Fruit Juices,3.0526315789473686,1.4222222222222223,0.0,2.125,1.5357142857142858,21.2,7.142857142857143,,3.4444444444444446,,,,5.714285714285714,,3.495670995670996,2.325,2.35,5.5200000000000005,,4.0,4.628571428571429,2.392426850258176,1.625,0.5714285714285714,0.041666666666666664,1.7857142857142856,,0.45000000000000007,,,1.4666666666666666,1.7647058823529411,19.09090909090909,28.285714285714285,2.9604741650478714
1074,173949,"Blueberries, wild, frozen (Includes foods for USDA's Food Distribution Program)",Fruits and Fruit Juices,1.7894736842105263,0.3888888888888889,0.0,,2.0357142857142856,17.6,,,3.222222222222222,,,,2.0,,3.3008658008658007,,,,,2.3636363636363638,1.9428571428571428,0.0,0.4375,,0.125,2.6785714285714284,,0.1469387755102041,,,0.4,1.1764705882352942,1.5454545454545454,,3.7424862086454223
1075,173950,"Blueberries, frozen, unsweetened (Includes foods for USDA's Food Distribution Program)",Fruits and Fruit Juices,0.8421052631578947,0.3111111111111111,0.0,1.275,1.8214285714285714,10.8,2.0,0.857142857142857,1.0,0.9285714285714285,0.9157509157509156,0.38095238095238093,1.4285714285714286,0.6666666666666667,2.813852813852814,2.0875,2.8000000000000003,2.5,0.857142857142857,2.0,1.542857142857143,0.7228915662650603,2.3124999999999996,0.14285714285714285,0.041666666666666664,2.857142857142857,1.1428571428571428,0.5877551020408164,0.7142857142857143,0.9890109890109887,0.26666666666666666,3.4705882352941173,2.272727272727273,23.428571428571427,0.3910060217987755
1076,173951,"Blueberries, frozen, sweetened",Fruits and Fruit Juices,0.631578947368421,0.3333333333333333,0.0,1.375,3.0357142857142856,8.8,2.0,0.857142857142857,2.1666666666666665,0.857142857142857,0.8424908424908423,0.33333333333333337,0.5714285714285714,0.5714285714285714,1.369047619047619,0.42500000000000004,0.575,2.5,0.7999999999999999,1.2727272727272727,1.7142857142857142,0.6884681583476765,3.25,0.2857142857142857,0.041666666666666664,1.7857142857142856,1.0476190476190474,0.11938775510204083,0.7142857142857143,0.934065934065934,0.26666666666666666,3.4705882352941173,0.9090909090909091,25.285714285714285,0.33514801868466465
1077,173952,"Carissa, (natal-plum), raw",Fruits and Fruit Juices,1.1578947368421053,,0.0,,2.2142857142857144,,,,7.277777777777778,,,,4.571428571428571,,1.0822510822510822,,,,,1.2727272727272727,7.428571428571429,0.8605851979345956,3.75,,0.125,3.571428571428571,,1.1938775510204083,,,0.26666666666666666,,34.54545454545455,,
1078,173953,"Cherimoya, raw",Fruits and Fruit Juices,1.0526315789473684,0.022222222222222223,0.0,,2.6785714285714284,12.0,6.571428571428571,3.0,1.5,3.0,2.3076923076923075,2.0,4.857142857142857,2.0,3.484848484848485,0.35000000000000003,3.975,6.9,2.4,4.7272727272727275,8.2,2.7022375215146304,8.1875,,0.2916666666666667,9.017857142857144,4.9523809523809526,0.6244897959183674,11.071428571428571,3.461538461538461,0.0,15.117647058823529,11.454545454545455,,0.8937280498257725
1079,173954,"Cherries, sour, red, raw",Fruits and Fruit Juices,1.6842105263157894,8.555555555555555,0.0,1.525,1.7857142857142858,6.4,2.2857142857142856,,1.7777777777777777,,,,2.5714285714285716,,2.1645021645021645,0.575,1.0999999999999999,2.86,,2.727272727272727,4.942857142857143,1.7211703958691913,2.5,0.0,0.125,2.6785714285714284,,0.2755102040816327,,,8.533333333333333,2.5882352941176467,9.090909090909092,3.0,0.5585800311411078
1080,173963,"Currants, european black, raw",Fruits and Fruit Juices,5.7894736842105265,,0.0,,2.25,,,,8.555555555555555,,,,6.857142857142857,,1.6233766233766234,1.3375,1.7999999999999998,7.960000000000001,,10.727272727272727,9.2,2.4096385542168677,3.125,,0.08333333333333333,4.4642857142857135,,0.37653061224489803,,,1.6,3.882352941176471,164.54545454545453,,1.508166084080991
1081,173964,"Currants, red and white, raw",Fruits and Fruit Juices,3.473684210526316,0.2777777777777778,0.0,1.9,2.0,17.2,2.2857142857142856,,5.555555555555555,,,,3.7142857142857144,,0.5411255411255411,0.6625,0.8750000000000001,1.28,,8.0,7.857142857142857,2.4096385542168677,3.125,0.8571428571428571,0.041666666666666664,3.571428571428571,,0.18367346938775514,,,0.26666666666666666,4.11764705882353,37.27272727272727,15.714285714285714,1.284734071624548
1082,174253,"Lima beans, large, mature seeds, cooked, boiled, without salt",Legumes and Legume Products,1.7894736842105263,0.0,0.0,8.125,4.107142857142857,28.0,23.714285714285715,33.99999999999999,13.277777777777779,29.35714285714285,24.652014652014653,24.904761904761905,12.285714285714286,9.428571428571429,2.2781385281385282,1.4749999999999999,1.3,8.44,25.657142857142855,20.181818181818183,14.514285714285714,13.425129087779691,3.4375,6.428571428571429,0.08333333333333333,14.375,32.095238095238095,0.34897959183673477,32.857142857142854,25.769230769230763,0.0,9.47058823529412,0.0,2.857142857142857,5.306510295840524
1083,174257,"Mung beans, mature seeds, cooked, boiled, without salt",Legumes and Legume Products,2.8421052631578947,0.15555555555555556,0.0,7.35,3.75,30.4,45.42857142857143,29.285714285714285,7.777777777777778,21.21428571428571,19.926739926739927,23.333333333333332,13.714285714285714,8.0,3.122294372294372,1.4874999999999998,0.22499999999999998,8.2,24.28571428571428,18.0,7.6,12.082616179001722,3.8124999999999996,3.5714285714285716,0.08333333333333333,14.642857142857144,21.904761904761905,0.34897959183673477,27.14285714285714,19.999999999999996,0.13333333333333333,3.9411764705882355,0.9090909090909091,3.857142857142857,4.692072261585306
1084,174260,"Peanuts, all types, cooked, boiled, with salt",Legumes and Legume Products,5.7894736842105265,0.0,0.0,8.175,11.357142857142858,35.2,21.428571428571427,48.71428571428571,5.611111111111111,33.92857142857142,32.051282051282044,23.095238095238095,29.142857142857142,15.80952380952381,28.457792207792213,86.925,0.025,16.5,39.99999999999999,36.0,5.142857142857143,23.235800344234082,3.9374999999999996,6.2857142857142865,31.291666666666668,23.125,44.0,20.21326530612245,46.785714285714285,31.09890109890109,0.0,8.941176470588236,0.0,0.0,10.222014569882273
1085,174261,"Peanuts, all types, oil-roasted, with salt",Legumes and Legume Products,6.421052631578948,0.0,0.0,13.825,21.392857142857142,37.6,34.285714285714285,93.57142857142857,8.444444444444445,69.85714285714285,66.37362637362637,45.0,50.285714285714285,27.71428571428571,74.81060606060606,188.925,0.95,24.04,81.54285714285714,72.18181818181819,20.742857142857144,48.24440619621343,5.5625,4.714285714285714,13.333333333333334,7.5892857142857135,58.095238095238095,48.21428571428572,82.5,62.96703296703296,0.0,27.117647058823533,0.7272727272727273,0.0,18.321425021428336
1086,174264,"Peanuts, virginia, oil-roasted, with salt",Legumes and Legume Products,9.052631578947368,,0.0,,20.642857142857142,35.6,35.714285714285715,93.42857142857143,9.277777777777779,65.0,61.42857142857142,44.23809523809524,53.714285714285715,30.19047619047619,79.54545454545455,183.0,0.475,27.72,76.62857142857142,92.0,18.62857142857143,44.526678141135974,7.0,10.714285714285714,18.041666666666668,24.642857142857142,84.38095238095237,44.65102040816327,89.64285714285714,59.615384615384606,0.0,14.941176470588236,0.0,,36.977998061541335
1087,174271,"Soybeans, mature cooked, boiled, without salt",Legumes and Legume Products,10.736842105263158,0.05555555555555555,0.0,11.875,6.142857142857143,24.0,15.428571428571429,64.14285714285714,28.555555555555557,57.64285714285714,49.63369963369963,52.761904761904766,24.571428571428573,21.333333333333336,2.159090909090909,55.8125,14.95,3.5799999999999996,49.65714285714285,44.54545454545455,14.714285714285714,31.342512908777973,17.812499999999996,10.428571428571429,0.041666666666666664,13.839285714285714,68.85714285714285,8.237755102040818,86.42857142857142,45.65934065934065,0.0,13.764705882352942,1.5454545454545454,27.428571428571427,6.423670358122739
1088,174272,Tempeh,Legumes and Legume Products,11.68421052631579,,0.0,,6.857142857142857,,6.857142857142857,66.57142857142857,15.0,62.857142857142854,52.38095238095237,43.238095238095234,23.142857142857142,16.666666666666664,14.285714285714285,50.64999999999999,6.2,5.5600000000000005,51.02857142857142,48.36363636363637,11.771428571428572,34.92254733218589,22.374999999999996,0.0,0.375,6.9642857142857135,75.80952380952381,9.918367346938776,69.28571428571429,50.54945054945054,0.0,12.647058823529411,0.0,,6.367812355008628
1089,174277,Soy sauce made from soy and wheat (shoyu),Legumes and Legume Products,3.473684210526316,0.0,0.0,4.575,1.8928571428571428,3.2,4.0,24.857142857142854,8.055555555555555,22.71428571428571,19.670329670329668,18.142857142857142,21.142857142857142,9.238095238095239,11.883116883116884,2.9250000000000003,0.7250000000000001,5.9399999999999995,20.171428571428567,30.181818181818183,12.428571428571429,14.010327022375217,10.3125,0.7142857142857143,228.875,2.946428571428571,25.80952380952381,0.5234693877551021,34.285714285714285,18.24175824175824,0.0,8.705882352941176,0.0,0.0,4.859646270927637
1090,174278,Soy sauce made from soy (tamari),Legumes and Legume Products,2.1052631578947367,0.0,0.0,9.6,2.142857142857143,3.2,5.142857142857143,30.71428571428571,13.222222222222221,34.78571428571428,26.92307692307692,34.8095238095238,11.428571428571429,15.904761904761903,21.37987012987013,0.4875,0.125,7.5200000000000005,30.514285714285712,23.636363636363637,6.057142857142857,18.0895008605852,9.499999999999998,1.1428571428571428,232.75,5.2678571428571415,38.76190476190476,0.09183673469387757,64.64285714285712,28.79120879120879,0.0,11.764705882352942,0.0,0.0,2.4018941339067634
1091,174279,Soy sauce made from hydrolyzed vegetable protein,Legumes and Legume Products,1.7894736842105263,0.0,0.0,6.875,2.142857142857143,2.0,3.7142857142857144,,1.8333333333333333,,,,8.285714285714286,,15.303030303030303,1.5875,0.5,5.380000000000001,,17.09090909090909,12.771428571428572,12.048192771084338,6.8125,1.1428571428571428,284.1666666666667,3.75,,0.4683673469387756,,,0.0,8.411764705882353,0.0,0.0,1.284734071624548
1092,174280,"Tofu, salted and fermented (fuyu)",Legumes and Legume Products,4.842105263157895,,0.0,,4.142857142857143,,8.285714285714286,33.857142857142854,11.0,28.857142857142858,22.67399267399267,25.571428571428573,14.857142857142858,9.904761904761905,2.0508658008658007,49.775000000000006,13.350000000000001,2.64,22.685714285714283,13.272727272727273,2.142857142857143,15.352839931153186,6.312500000000001,24.714285714285715,119.70833333333333,14.01785714285714,31.61904761904762,7.346938775510205,45.35714285714285,22.582417582417577,0.0,5.352941176470588,0.18181818181818182,,8.713848485801282
1093,174282,"Yardlong beans, mature seeds, cooked, boiled, without salt",Legumes and Legume Products,4.421052631578948,,0.0,,4.214285714285714,15.2,41.714285714285715,36.71428571428571,14.666666666666666,24.07142857142857,23.260073260073256,26.71428571428572,28.0,11.238095238095237,2.9816017316017316,1.3125,2.1999999999999997,7.960000000000001,27.65714285714285,32.90909090909091,9.0,14.268502581755593,4.0,4.0,0.20833333333333334,18.928571428571427,30.095238095238095,0.41326530612244905,36.42857142857142,21.7032967032967,0.0,5.588235294117648,0.36363636363636365,,6.032664336323964
1094,174288,Chickpea flour (besan),Legumes and Legume Products,4.7368421052631575,0.2777777777777778,0.0,,13.821428571428571,43.2,124.85714285714286,,27.000000000000004,,,,47.42857142857143,,9.534632034632034,35.8875,2.8000000000000003,12.120000000000001,,57.81818181818182,24.17142857142857,38.53700516351119,6.624999999999999,11.85714285714286,2.6666666666666665,43.39285714285714,,6.1438775510204096,,,0.26666666666666666,28.94117647058824,0.0,13.0,15.696098875065129
1095,174289,"Hummus, commercial",Legumes and Legume Products,4.947368421052632,0.13333333333333333,0.0,,8.464285714285714,22.0,13.714285714285714,,14.11111111111111,,,,21.428571428571427,,5.541125541125541,100.9625,18.125,6.919999999999999,,32.90909090909091,8.914285714285715,13.390705679862307,7.937499999999999,6.714285714285714,17.75,14.285714285714285,,16.36530612244898,,,0.13333333333333333,8.588235294117647,0.0,32.57142857142857,8.043552448431953
1096,174290,"Tofu, extra firm, prepared with nigari",Legumes and Legume Products,29.68421052631579,0.0,0.0,8.25,2.9642857142857144,4.0,2.5714285714285716,35.57142857142857,11.333333333333334,35.0,29.45054945054945,24.285714285714285,10.0,11.619047619047619,1.304112554112554,29.825000000000003,6.525,16.88,27.542857142857137,20.181818181818183,3.7142857142857144,17.17728055077453,2.9999999999999996,18.571428571428573,0.16666666666666666,4.285714285714286,43.142857142857146,4.83061224489796,48.21428571428571,27.63736263736263,0.0,4.882352941176471,0.0,4.0,5.976806333209853
1097,174291,"Tofu, hard, prepared with nigari",Legumes and Legume Products,36.31578947368421,,0.0,,5.178571428571429,2.4,6.285714285714286,49.428571428571416,15.277777777777779,48.71428571428571,40.95238095238095,33.76190476190476,15.142857142857142,16.095238095238095,3.4577922077922074,62.1375,16.675,0.74,38.34285714285714,42.0,4.171428571428572,21.824440619621345,4.8125,24.0,0.08333333333333333,3.75,60.0,9.174489795918369,67.14285714285714,38.406593406593394,,2.2941176470588234,0.2727272727272727,,9.272428516942389
1098,174292,"MORI-NU, Tofu, silken, soft",Legumes and Legume Products,3.263157894736842,,0.0,,1.9642857142857142,0.4,,16.714285714285715,4.555555555555555,16.642857142857142,10.219780219780219,16.238095238095237,8.285714285714286,7.047619047619047,1.6233766233766234,,,,17.314285714285713,11.272727272727273,5.142857142857143,8.261617900172118,2.5,,0.20833333333333334,8.928571428571427,20.476190476190474,2.479591836734694,24.285714285714285,16.208791208791204,0.0,0.6470588235294117,0.0,,2.9046161619337605
1099,174297,"Vitasoy USA, Organic Nasoya Super Firm Cubed Tofu",Legumes and Legume Products,19.789473684210527,,0.0,,4.214285714285714,8.0,,,11.11111111111111,,,,,,,,,,,,,21.34251290877797,,,0.25,,,5.7857142857142865,,,,,,,
1100,174299,"Soybeans, mature seeds, cooked, boiled, with salt",Legumes and Legume Products,10.736842105263158,0.05555555555555555,0.0,,6.142857142857143,24.0,15.428571428571429,64.14285714285714,28.555555555555557,57.64285714285714,49.63369963369963,52.761904761904766,24.571428571428573,21.333333333333336,2.159090909090909,55.8125,14.95,3.5799999999999996,49.65714285714285,44.54545454545455,14.714285714285714,31.342512908777973,17.812499999999996,10.428571428571429,9.875,13.839285714285714,68.85714285714285,8.237755102040818,86.42857142857142,45.65934065934065,0.0,13.764705882352942,1.5454545454545454,27.428571428571427,6.423670358122739
1101,174306,"Yardlong beans, mature seeds, cooked, boiled, with salt",Legumes and Legume Products,4.421052631578948,,0.0,,4.214285714285714,15.2,41.714285714285715,36.71428571428571,14.666666666666666,24.07142857142857,23.260073260073256,26.71428571428572,28.0,11.238095238095237,2.9816017316017316,1.3125,2.1999999999999997,7.960000000000001,27.65714285714285,32.90909090909091,9.0,14.268502581755593,4.0,4.0,10.041666666666666,18.928571428571427,30.095238095238095,0.41326530612244905,36.42857142857142,21.7032967032967,0.13333333333333333,5.588235294117648,0.36363636363636365,,6.032664336323964
1102,174673,"Grapefruit, raw, pink and red, all areas",Fruits and Fruit Juices,2.3157894736842106,7.622222222222222,0.0,1.925,1.5,6.4,3.7142857142857144,1.1428571428571428,0.4444444444444444,0.5714285714285714,0.5494505494505494,0.9047619047619047,2.5714285714285716,0.6666666666666667,1.1038961038961037,0.36250000000000004,0.2,5.24,0.7428571428571428,3.272727272727273,3.857142857142857,1.3253012048192772,1.9375,0.14285714285714285,0.0,3.839285714285714,1.2380952380952381,0.12857142857142861,2.857142857142857,0.824175824175824,7.733333333333333,3.1176470588235294,28.363636363636363,0.0,0.3910060217987755
1103,174674,"Grapefruit, raw, pink and red, California and Arizona",Fruits and Fruit Juices,1.1578947368421053,,0.0,,1.3214285714285714,,3.4285714285714284,0.7142857142857142,0.4444444444444444,0.3571428571428571,0.3296703296703296,0.5714285714285714,2.5714285714285716,0.47619047619047616,1.0335497835497836,0.2375,0.125,5.659999999999999,1.714285714285714,2.1818181818181817,4.2,0.8605851979345956,1.25,,0.041666666666666664,3.0357142857142856,0.857142857142857,0.09183673469387757,1.7857142857142856,0.5494505494505494,1.7333333333333334,2.4705882352941178,34.63636363636363,,0.3910060217987755
1104,174675,"Grapefruit, raw, pink and red, Florida",Fruits and Fruit Juices,1.5789473684210527,,0.0,,1.0714285714285714,4.4,2.5714285714285716,0.857142857142857,0.6666666666666666,0.4285714285714285,0.3663003663003662,0.6666666666666667,2.2857142857142856,0.47619047619047616,1.0822510822510822,0.2375,0.125,5.659999999999999,1.8857142857142857,1.6363636363636365,3.6285714285714286,0.9466437177280553,1.25,2.0,0.0,3.571428571428571,0.857142857142857,0.09183673469387757,2.142857142857143,0.6043956043956042,1.7333333333333334,2.4705882352941178,33.63636363636363,,0.3910060217987755
1105,174676,"Grapefruit, raw, white, all areas",Fruits and Fruit Juices,1.263157894736842,0.15555555555555556,0.0,1.925,1.1785714285714286,4.4,2.857142857142857,1.0,0.3333333333333333,0.5,0.4761904761904761,0.8095238095238095,2.5714285714285716,0.6666666666666667,1.4556277056277056,0.2375,0.125,5.659999999999999,2.342857142857143,1.4545454545454546,4.228571428571429,1.187607573149742,1.25,2.0,0.0,3.303571428571428,1.1428571428571428,0.09183673469387757,2.5,0.7692307692307692,0.26666666666666666,2.5294117647058822,30.27272727272727,0.0,0.3910060217987755
1106,174677,"Grapefruit, raw, white, California",Fruits and Fruit Juices,1.263157894736842,,0.0,,1.3214285714285714,,3.4285714285714284,1.2857142857142854,0.4444444444444444,0.6428571428571427,0.6227106227106227,1.0476190476190474,2.5714285714285716,0.7619047619047619,1.4556277056277056,0.2375,0.125,5.659999999999999,3.028571428571428,2.1818181818181817,4.085714285714285,1.5146299483648882,1.25,,0.0,3.303571428571428,1.4285714285714286,0.09183673469387757,3.2142857142857135,0.934065934065934,0.0,2.5294117647058822,30.27272727272727,,0.3910060217987755
1107,174682,"Grapes, american type (slip skin), raw",Fruits and Fruit Juices,1.4736842105263157,0.6555555555555556,0.0,1.4,2.392857142857143,3.6,1.1428571428571428,3.285714285714285,1.611111111111111,0.3571428571428571,0.4761904761904761,0.6666666666666667,1.4285714285714286,2.0,1.6233766233766234,0.9875,0.6,0.48,0.7428571428571428,1.8181818181818181,5.457142857142857,1.0843373493975905,3.5625,0.14285714285714285,0.08333333333333333,8.214285714285714,1.619047619047619,0.32142857142857145,1.0714285714285714,0.934065934065934,0.6666666666666666,6.470588235294118,3.6363636363636362,20.857142857142858,0.22343201245644312
1108,174683,"Grapes, red or green (European type, such as Thompson seedless), raw",Fruits and Fruit Juices,1.0526315789473684,0.43333333333333335,0.0,1.4,2.4642857142857144,3.6,0.5714285714285714,3.1428571428571423,2.0,0.7857142857142856,0.8058608058608057,1.2857142857142858,2.0,0.857142857142857,1.0173160173160174,0.46249999999999997,0.27499999999999997,1.0,1.0857142857142856,3.6363636363636362,5.457142857142857,1.2392426850258176,4.375,0.14285714285714285,0.08333333333333333,6.160714285714286,2.095238095238095,0.1469387755102041,3.928571428571428,1.2087912087912085,0.4,5.0588235294117645,2.909090909090909,20.857142857142858,0.3910060217987755
1109,174686,"Guava sauce, cooked",Fruits and Fruit Juices,0.7368421052631579,1.8888888888888888,0.0,1.025,1.2857142857142858,14.4,1.4285714285714286,0.4285714285714285,1.0,0.857142857142857,0.7692307692307692,0.4285714285714285,2.0,0.19047619047619047,2.2727272727272725,0.525,0.42500000000000004,,0.05714285714285714,2.0,6.428571428571429,0.5507745266781412,0.8125,0.7142857142857143,0.16666666666666666,2.321428571428571,1.1428571428571428,0.12857142857142861,1.0714285714285714,0.6043956043956042,1.8666666666666667,5.294117647058823,133.0909090909091,2.7142857142857144,0.9495860529398833
1110,174687,"Jackfruit, raw",Fruits and Fruit Juices,2.526315789473684,0.6777777777777778,0.0,,3.392857142857143,6.0,6.857142857142857,4.857142857142857,1.2777777777777777,4.928571428571428,3.772893772893772,3.2857142857142856,8.285714285714286,3.238095238095238,4.978354978354978,0.1875,1.975,4.7,2.971428571428571,3.8181818181818183,12.8,2.960413080895009,3.4375,,0.08333333333333333,9.374999999999998,8.19047619047619,0.5877551020408164,12.142857142857142,4.7252747252747245,0.6666666666666666,19.352941176470587,12.454545454545455,,0.7261540404834401
1111,175187,"Beans, black turtle, mature seeds, cooked, boiled, without salt",Legumes and Legume Products,5.7894736842105265,0.0,0.0,8.15,4.642857142857143,33.2,24.571428571428573,32.57142857142857,15.833333333333334,25.785714285714285,23.919413919413916,26.761904761904763,14.0,11.714285714285715,2.851731601731602,1.0125,1.7000000000000002,5.2,25.257142857142856,27.636363636363637,12.371428571428572,14.079173838209984,3.5,1.7142857142857142,0.125,20.08928571428571,32.76190476190476,0.32142857142857145,34.642857142857146,23.51648351648351,0.0,4.529411764705882,0.0,4.714285714285714,4.245208236672419
1112,175191,"Beans, great northern, mature seeds, cooked, boiled, without salt",Legumes and Legume Products,7.157894736842105,,0.0,,4.214285714285714,28.0,29.142857142857142,33.142857142857146,11.833333333333334,26.28571428571428,24.358974358974354,27.238095238095234,14.285714285714286,11.904761904761905,3.6850649350649354,1.2874999999999999,2.1,5.32,25.77142857142857,30.0,11.17142857142857,14.337349397590362,3.6874999999999996,5.857142857142857,0.08333333333333333,14.107142857142856,33.42857142857142,0.41326530612244905,35.357142857142854,23.956043956043953,0.0,6.882352941176471,1.1818181818181819,,4.915504274041749
1113,175194,"Beans, kidney, red, mature seeds, cooked, boiled, without salt",Legumes and Legume Products,2.9473684210526314,0.0,0.0,7.625,4.535714285714286,29.6,37.142857142857146,34.57142857142857,16.333333333333332,27.357142857142854,25.38461538461538,28.333333333333332,12.857142857142858,12.38095238095238,3.1277056277056277,1.3375,4.2,4.4,26.799999999999997,25.818181818181817,11.514285714285714,14.922547332185887,3.6250000000000004,1.7142857142857142,0.08333333333333333,14.285714285714285,34.76190476190476,0.4591836734693878,36.78571428571428,24.94505494505494,0.0,7.0588235294117645,1.0909090909090908,12.0,5.976806333209853
1114,175197,"Beans, kidney, royal red, mature seeds, cooked, boiled, without salt",Legumes and Legume Products,4.631578947368421,,0.0,,4.392857142857143,37.2,21.142857142857142,37.714285714285715,15.38888888888889,29.928571428571423,27.728937728937726,31.000000000000004,12.0,13.619047619047617,2.987012987012987,0.44999999999999996,1.425,4.38,29.314285714285713,25.818181818181817,10.8,16.333907056798626,4.1875,1.7142857142857142,0.20833333333333334,8.482142857142856,38.00000000000001,0.15612244897959185,40.0,27.25274725274725,0.0,6.11764705882353,1.0909090909090908,,5.02722028026997
1115,175198,"Beans, pink, mature seeds, cooked, boiled, without salt",Legumes and Legume Products,5.473684210526316,0.0,0.0,9.225,5.321428571428571,21.2,48.0,35.99999999999999,12.777777777777777,28.57142857142857,26.48351648351648,29.61904761904762,18.571428571428573,12.952380952380953,3.084415584415584,1.425,2.4,5.9799999999999995,27.999999999999996,30.0,14.514285714285714,15.593803786574872,3.9374999999999996,2.0,0.08333333333333333,22.94642857142857,36.285714285714285,0.45000000000000007,38.21428571428571,26.04395604395604,0.0,10.294117647058824,0.0,5.285714285714286,5.362368298954634
1116,175200,"Beans, pinto, mature seeds, cooked, boiled, without salt",Legumes and Legume Products,4.842105263157895,0.0,0.0,8.825,5.107142857142857,36.0,49.142857142857146,35.285714285714285,11.61111111111111,30.428571428571427,28.02197802197802,30.0,14.285714285714286,11.142857142857144,1.7207792207792207,1.225,3.4250000000000003,4.2,30.342857142857138,26.727272727272727,12.457142857142857,15.507745266781413,3.875,8.857142857142858,0.041666666666666664,17.232142857142858,31.523809523809526,0.5969387755102041,38.57142857142857,28.51648351648351,0.0,13.47058823529412,0.7272727272727273,5.0,5.474084305182856
1117,175203,"Beans, white, mature seeds, cooked, boiled, without salt",Legumes and Legume Products,9.473684210526315,0.0,0.0,8.775,4.964285714285714,25.2,23.142857142857142,38.714285714285715,20.555555555555557,30.64285714285714,28.424908424908423,31.809523809523807,18.0,13.904761904761903,0.7575757575757577,1.0375,1.725,4.58,30.057142857142853,20.545454545454547,16.02857142857143,16.74698795180723,2.8749999999999996,1.8571428571428572,0.25,10.535714285714283,38.95238095238095,0.32142857142857145,41.07142857142857,27.967032967032964,0.0,5.470588235294119,0.0,5.0,7.708404429747287
1118,175209,"Cowpeas, catjang, mature seeds, cooked, boiled, without salt",Legumes and Legume Products,2.736842105263158,,0.0,,4.178571428571429,14.4,40.57142857142857,35.99999999999999,16.944444444444443,23.57142857142857,22.820512820512818,26.190476190476193,27.428571428571427,11.04761904761905,3.863636363636363,2.4,2.775,7.720000000000001,27.14285714285714,25.818181818181817,10.714285714285714,13.993115318416526,2.8749999999999996,3.5714285714285716,0.7916666666666666,14.464285714285712,29.428571428571427,0.6520408163265308,35.71428571428571,21.263736263736263,0.13333333333333333,5.411764705882352,0.36363636363636365,,10.445446582338716
1119,175211,"Hyacinth beans, mature seeds, cooked, boiled, without salt",Legumes and Legume Products,4.2105263157894735,,0.0,,4.178571428571429,,1.1428571428571428,33.285714285714285,25.444444444444443,27.857142857142854,25.311355311355307,26.476190476190478,23.428571428571427,6.19047619047619,2.224025974025974,3.0625,,6.32,23.428571428571427,21.818181818181817,9.628571428571428,14.010327022375217,2.3124999999999996,4.0,0.2916666666666667,24.107142857142854,30.0,0.5326530612244899,24.285714285714285,23.186813186813183,0.0,2.176470588235294,0.0,,15.919530887521573
1120,175212,"Vitasoy USA, Vitasoy Organic Creamy Original Soymilk",Legumes and Legume Products,13.368421052631579,,0.0,,1.5714285714285714,1.6,5.142857142857143,,2.2222222222222223,,,,4.571428571428571,,,,,,,,3.742857142857143,4.991394148020655,9.375,,2.75,5.357142857142857,,1.4693877551020411,,,,,,,2.0667461152220987
1121,175213,"Vitasoy USA, Vitasoy Organic Classic Original Soymilk",Legumes and Legume Products,1.7894736842105263,,0.0,,1.6785714285714286,1.6,4.857142857142857,,2.4444444444444446,,,,,,,,,,,,4.457142857142857,5.507745266781412,,,2.75,,,1.6530612244897962,,,,,,,
1122,175214,"Vitasoy USA, Vitasoy Light Vanilla Soymilk",Legumes and Legume Products,12.947368421052632,,0.0,,1.0714285714285714,0.4,2.857142857142857,,1.6666666666666667,,,,2.857142857142857,,,,,,,,2.342857142857143,2.753872633390706,8.75,,2.0416666666666665,1.7857142857142856,,0.7530612244897961,,,,,,,2.0667461152220987
1123,175218,"SILK Plain, soymilk",Legumes and Legume Products,12.947368421052632,,0.0,,1.4642857142857142,1.6,2.857142857142857,,2.4444444444444446,,,,4.571428571428571,,,,,,,,3.5142857142857142,4.95697074010327,13.125,3.285714285714285,2.0416666666666665,,,1.5153061224489799,,,,,0.0,,1.3964500778527695
1124,175219,"SILK Vanilla, soymilk",Legumes and Legume Products,12.947368421052632,,0.0,,1.4642857142857142,1.6,2.857142857142857,,2.4444444444444446,,,,4.571428571428571,,,,,,,,3.5142857142857142,4.251290877796903,13.125,3.285714285714285,1.625,,,1.322448979591837,,,,,0.0,,1.3964500778527695
1125,175220,"SILK Plus Omega-3 DHA, soymilk",Legumes and Legume Products,15.157894736842104,,0.0,,1.6071428571428572,1.6,2.857142857142857,,2.4444444444444446,,,,4.571428571428571,,,,,,,,4.114285714285714,4.95697074010327,13.125,3.285714285714285,2.0416666666666665,,,1.8918367346938778,,,,,0.0,,1.3964500778527695
1126,175221,"SILK Plus for Bone Health, soymilk",Legumes and Legume Products,17.36842105263158,,0.0,,1.4642857142857142,3.2,2.857142857142857,,2.4444444444444446,,,,4.571428571428571,,,,,,,,3.5142857142857142,4.251290877796903,13.125,3.285714285714285,1.625,,,1.322448979591837,,,,,0.0,,1.3964500778527695
1127,175222,"SILK Plus Fiber, soymilk",Legumes and Legume Products,12.947368421052632,,0.0,,1.4642857142857142,8.4,2.857142857142857,,2.4444444444444446,,,,4.571428571428571,,,,,,,,3.5142857142857142,4.251290877796903,13.125,3.285714285714285,1.625,,,1.322448979591837,,,,,0.0,,1.3964500778527695
1128,175223,"SILK Unsweetened, soymilk",Legumes and Legume Products,12.947368421052632,,0.0,,1.1785714285714286,1.6,2.857142857142857,,2.4444444444444446,,,,4.571428571428571,,,,,,,,3.5142857142857142,4.95697074010327,13.125,3.285714285714285,1.4583333333333333,,,1.5153061224489799,,,,,0.0,,1.3964500778527695
1129,175224,"SILK Coffee, soymilk",Legumes and Legume Products,12.947368421052632,,0.0,,2.2142857142857144,0.0,2.0,,0.0,,,,0.0,,,,,,,,3.7714285714285714,3.545611015490534,13.125,0.0,1.7083333333333333,,,1.322448979591837,,,,,0.0,,2.0667461152220987
1130,175225,SILK Vanilla soy yogurt (family size),Legumes and Legume Products,13.894736842105264,,0.0,,2.8214285714285716,1.6,,,2.6666666666666665,,,,,,,,,,,,,4.5438898450946645,,,0.5416666666666666,,,1.6163265306122452,,,,,0.0,,
1131,175226,SILK Vanilla soy yogurt (single serving size),Legumes and Legume Products,18.526315789473685,,0.0,,3.142857142857143,2.4,,,4.722222222222222,,,,,,,,,,,,,5.060240963855422,,,0.5,,,1.6163265306122452,,,,,16.000000000000004,,
1132,175227,SILK Plain soy yogurt,Legumes and Legume Products,13.894736842105264,,0.0,,2.357142857142857,1.6,,,,,,,,,,,,,,,,4.5438898450946645,,,0.5416666666666666,,,1.6163265306122452,,,,,12.0,,
1133,175229,SILK Key Lime soy yogurt,Legumes and Legume Products,18.526315789473685,,0.0,,3.142857142857143,2.4,,,3.5555555555555554,,,,,,,,,,,,,4.044750430292599,,,0.625,,,1.0836734693877552,,,,,16.000000000000004,,
1134,175231,SILK Original Creamer,Legumes and Legume Products,0.0,,0.0,,3.5714285714285716,0.0,,,0.0,,,,,,,,,,,,,0.0,,,2.7916666666666665,,,6.125510204081634,,,,,0.0,,
1135,175232,SILK French Vanilla Creamer,Legumes and Legume Products,0.0,,0.0,,4.75,0.0,,,0.0,,,,,,,,,,,,,0.0,,,2.7916666666666665,,,6.125510204081634,,,,,0.0,,
1136,175233,"Vitasoy USA Organic Nasoya, Tofu Plus Firm",Legumes and Legume Products,24.94736842105263,,0.0,,2.642857142857143,3.2,,,7.222222222222222,,,,,,,,,,,22.0,,15.817555938037867,25.0,,0.16666666666666666,,,3.1224489795918373,,,,29.411764705882355,,,
1137,175234,"Vitasoy USA Organic Nasoya Sprouted, Tofu Plus Super Firm",Legumes and Legume Products,25.157894736842106,,0.0,,4.107142857142857,4.8,,,9.444444444444445,,,,,,,,,,,,,22.78829604130809,,,1.1666666666666667,,,5.418367346938776,,,,,,21.0,
1138,175235,"Vitasoy USA Azumaya, Extra Firm Tofu",Legumes and Legume Products,18.526315789473685,,0.0,,3.142857142857143,3.6,,,9.444444444444445,,,,,,,,,,,,,17.332185886402755,,,1.0833333333333333,,,4.224489795918368,,,,,,,
1139,175236,"Vitasoy USA Azumaya, Firm Tofu",Legumes and Legume Products,18.94736842105263,,0.0,,2.857142857142857,2.4,,,7.222222222222222,,,,,,,,,,,,,15.628227194492256,,,0.9583333333333334,,,3.8571428571428577,,,,,,,
1140,175237,"Beans, black, mature seeds, cooked, boiled, with salt",Legumes and Legume Products,2.8421052631578947,0.0,0.0,8.15,4.714285714285714,34.8,42.57142857142857,35.285714285714285,11.666666666666666,27.928571428571427,25.93406593406593,28.95238095238095,20.0,12.666666666666666,2.732683982683983,1.575,2.625,4.84,27.371428571428567,25.454545454545453,10.142857142857142,15.249569707401035,3.6874999999999996,1.7142857142857142,9.875,21.78571428571428,35.52380952380952,0.49591836734693884,37.49999999999999,25.494505494505493,0.0,4.058823529411765,0.0,4.714285714285714,6.256096348780408
1141,175239,"Beans, black turtle, mature seeds, cooked, boiled, with salt",Legumes and Legume Products,5.7894736842105265,0.0,0.0,8.15,4.642857142857143,33.2,24.571428571428573,32.57142857142857,15.833333333333334,25.785714285714285,23.919413919413916,26.761904761904763,14.0,11.714285714285715,2.851731601731602,1.0125,1.7000000000000002,5.2,25.257142857142856,27.636363636363637,12.371428571428572,14.079173838209984,3.5,1.7142857142857142,9.958333333333334,20.08928571428571,32.76190476190476,0.32142857142857145,34.642857142857146,23.51648351648351,0.0,4.529411764705882,0.0,4.714285714285714,4.245208236672419
1142,175240,"Beans, cranberry (roman), mature seeds, cooked, boiled, with salt",Legumes and Legume Products,5.2631578947368425,,0.0,,4.857142857142857,34.4,59.142857142857146,37.14285714285714,11.61111111111111,29.428571428571423,27.32600732600732,30.52380952380952,14.285714285714286,13.333333333333334,2.786796536796537,1.35,2.275,4.8,28.857142857142854,24.545454545454547,11.057142857142857,16.075731497418246,4.3125,1.8571428571428572,9.875,18.749999999999996,37.42857142857143,0.4224489795918368,39.64285714285714,26.86813186813186,,4.764705882352941,0.0,,6.367812355008628
1143,175241,"Beans, french, mature seeds, cooked, boiled, with salt",Legumes and Legume Products,6.631578947368421,,0.0,,4.607142857142857,37.6,21.428571428571427,28.0,6.0,22.21428571428571,20.622710622710617,23.047619047619047,16.0,10.095238095238095,2.9545454545454546,2.075,7.175,4.4399999999999995,21.77142857142857,18.545454545454547,10.571428571428571,12.134251290877797,3.875,1.7142857142857142,10.083333333333334,11.607142857142856,28.285714285714285,0.6979591836734695,29.642857142857142,20.27472527472527,0.0,6.176470588235294,1.0909090909090908,,3.57491219930309
1144,175242,"Beans, kidney, red, mature seeds, cooked, boiled, with salt",Legumes and Legume Products,2.9473684210526314,0.0,0.0,7.625,4.535714285714286,29.6,37.142857142857146,34.57142857142857,16.333333333333332,27.357142857142854,25.38461538461538,28.333333333333332,12.857142857142858,12.38095238095238,3.1277056277056277,1.3375,4.2,4.4,26.799999999999997,25.818181818181817,11.514285714285714,14.922547332185887,3.6250000000000004,1.7142857142857142,9.916666666666666,14.285714285714285,34.76190476190476,0.4591836734693878,36.78571428571428,24.94505494505494,0.0,7.0588235294117645,1.0909090909090908,12.0,5.976806333209853
1145,175244,"Beans, kidney, royal red, mature seeds, cooked, boiled with salt",Legumes and Legume Products,4.631578947368421,,0.0,,4.392857142857143,37.2,21.142857142857142,37.714285714285715,15.38888888888889,29.928571428571423,27.728937728937726,31.000000000000004,12.0,13.619047619047617,2.987012987012987,0.44999999999999996,1.425,4.38,29.314285714285713,25.818181818181817,10.8,16.333907056798626,4.1875,1.7142857142857142,10.041666666666666,8.482142857142856,38.00000000000001,0.15612244897959185,40.0,27.25274725274725,0.0,6.11764705882353,1.0909090909090908,,5.02722028026997
1146,175246,"Beans, small white, mature seeds, cooked, boiled, with salt",Legumes and Legume Products,7.684210526315789,,0.0,,5.071428571428571,41.6,39.142857142857146,35.71428571428571,15.777777777777779,28.285714285714285,26.22710622710622,29.333333333333332,19.428571428571427,12.857142857142856,1.471861471861472,1.875,3.15,5.0200000000000005,27.71428571428571,30.727272727272727,13.228571428571428,15.438898450946647,3.6874999999999996,1.8571428571428572,9.916666666666666,21.071428571428566,35.904761904761905,0.5877551020408164,37.857142857142854,25.769230769230763,0.0,7.470588235294118,0.0,,6.088522339438076
1147,175248,"Beans, yellow, mature seeds, cooked, boiled, with salt",Legumes and Legume Products,6.526315789473684,0.0,0.0,8.8,5.142857142857143,41.6,23.142857142857142,36.42857142857142,13.777777777777779,28.928571428571427,26.81318681318681,29.95238095238095,21.142857142857142,13.142857142857142,3.831168831168831,3.1625,5.3,4.58,28.34285714285714,33.27272727272727,9.285714285714286,15.765920826161791,6.437499999999999,1.8571428571428572,10.041666666666666,16.69642857142857,36.76190476190476,0.9918367346938777,38.57142857142857,26.318681318681314,0.0,7.588235294117648,1.6363636363636365,5.0,5.920948330095743
1148,175249,"Beans, white, mature seeds, cooked, boiled, with salt",Legumes and Legume Products,9.473684210526315,0.0,0.0,8.775,4.964285714285714,25.2,23.142857142857142,38.714285714285715,20.555555555555557,30.64285714285714,28.424908424908423,31.809523809523807,18.0,13.904761904761903,0.7575757575757577,1.0375,1.725,4.58,30.057142857142853,20.545454545454547,16.02857142857143,16.74698795180723,2.8749999999999996,1.8571428571428572,10.083333333333334,10.535714285714283,38.95238095238095,0.32142857142857145,41.07142857142857,27.967032967032964,0.0,5.470588235294119,0.0,5.0,7.708404429747287
1149,175251,"Cowpeas, catjang, mature seeds, cooked, boiled, with salt",Legumes and Legume Products,2.736842105263158,,0.0,,4.178571428571429,14.4,40.57142857142857,35.99999999999999,16.944444444444443,23.57142857142857,22.820512820512818,26.190476190476193,27.428571428571427,11.04761904761905,3.863636363636363,2.4,2.775,7.720000000000001,27.14285714285714,25.818181818181817,10.714285714285714,13.993115318416526,2.8749999999999996,3.5714285714285716,10.625,14.464285714285712,29.428571428571427,0.6520408163265308,35.71428571428571,21.263736263736263,0.13333333333333333,5.411764705882352,0.36363636363636365,,10.445446582338716
1150,175252,"Cowpeas, common (blackeyes, crowder, southern), mature seeds, cooked, boiled, with salt",Legumes and Legume Products,2.526315789473684,0.1,0.0,8.05,4.142857142857143,26.0,59.42857142857143,34.285714285714285,13.944444444444443,22.428571428571427,21.68498168498168,24.904761904761905,15.142857142857142,10.476190476190476,2.6785714285714284,1.7874999999999999,2.075,8.219999999999999,25.77142857142857,28.363636363636363,7.942857142857143,13.304647160068848,3.4375,3.5714285714285716,10.0,18.03571428571429,27.999999999999996,0.4867346938775511,33.92857142857142,20.219780219780215,0.13333333333333333,5.882352941176471,0.36363636363636365,2.4285714285714284,7.20568240172029
1151,175253,"Hyacinth beans, mature seeds, cooked, boiled, with salt",Legumes and Legume Products,4.2105263157894735,,0.0,,4.178571428571429,,1.1428571428571428,33.285714285714285,25.444444444444443,27.857142857142854,25.311355311355307,26.476190476190478,23.428571428571427,6.19047619047619,2.224025974025974,3.0625,,6.32,23.428571428571427,21.818181818181817,9.628571428571428,14.010327022375217,2.3124999999999996,4.0,10.125,24.107142857142854,30.0,0.5326530612244899,24.285714285714285,23.186813186813183,0.0,2.176470588235294,0.0,,15.919530887521573
1152,175254,"Lentils, mature seeds, cooked, boiled, with salt",Legumes and Legume Products,2.0,0.05555555555555555,0.0,8.175,4.071428571428571,31.6,51.714285714285715,36.28571428571428,18.5,27.857142857142854,23.956043956043953,30.0,10.285714285714286,7.333333333333333,5.735930735930736,1.7125000000000001,0.9249999999999999,12.760000000000002,25.428571428571427,32.72727272727273,10.542857142857143,15.524956970740105,4.5625,4.0,9.916666666666666,15.089285714285715,30.761904761904766,0.34897959183673477,28.928571428571423,24.615384615384613,0.0,10.470588235294118,1.3636363636363635,2.4285714285714284,7.093966395492069
1153,175255,"Mung beans, mature seeds, cooked, boiled, with salt",Legumes and Legume Products,2.8421052631578947,0.15555555555555556,0.0,7.35,3.75,30.4,45.42857142857143,29.285714285714285,7.777777777777778,21.21428571428571,19.926739926739927,23.333333333333332,13.714285714285714,8.0,3.122294372294372,1.4874999999999998,0.22499999999999998,8.2,24.28571428571428,18.0,7.6,12.082616179001722,3.8124999999999996,3.5714285714285716,9.916666666666666,14.642857142857144,21.904761904761905,0.34897959183673477,27.14285714285714,19.999999999999996,0.13333333333333333,3.9411764705882355,0.9090909090909091,3.857142857142857,4.692072261585306
1154,175256,"Mungo beans, mature seeds, cooked, boiled, with salt",Legumes and Legume Products,5.578947368421052,0.2111111111111111,0.0,7.4,3.75,25.6,26.857142857142858,30.142857142857135,9.722222222222221,27.499999999999996,22.89377289377289,23.80952380952381,18.0,10.476190476190476,8.116883116883116,0.3,8.375,8.66,25.14285714285714,28.363636363636363,6.6,12.977624784853703,4.6875,3.5714285714285716,10.125,13.392857142857142,24.952380952380953,0.5051020408163267,27.857142857142854,23.241758241758237,0.26666666666666666,3.4117647058823533,0.9090909090909091,3.857142857142857,4.6362142584711945
1155,175257,"Peas, split, mature seeds, cooked, boiled, with salt",Legumes and Legume Products,1.4736842105263157,0.044444444444444446,0.0,8.2,4.142857142857143,33.2,18.571428571428573,29.0,7.166666666666667,24.57142857142857,21.9047619047619,28.666666666666664,10.285714285714286,8.095238095238095,4.816017316017316,1.7125000000000001,0.7000000000000001,11.9,21.94285714285714,18.0,10.342857142857143,14.354561101549054,3.5,0.8571428571428571,9.916666666666666,16.96428571428571,28.190476190476186,0.3581632653061225,33.214285714285715,21.648351648351642,0.0,2.823529411764706,0.36363636363636365,7.142857142857143,5.585800311411078
1156,175258,"Peanuts, all types, oil-roasted, without salt",Legumes and Legume Products,6.421052631578948,0.0,0.0,13.75,21.392857142857142,37.6,34.285714285714285,93.57142857142857,8.444444444444445,69.85714285714285,66.37362637362637,45.0,50.285714285714285,27.71428571428571,74.81060606060606,188.7875,0.95,24.04,81.54285714285714,72.18181818181819,20.742857142857144,48.24440619621343,5.5625,4.714285714285714,0.25,7.5892857142857135,58.095238095238095,48.21428571428572,82.5,62.96703296703296,0.0,27.117647058823533,0.7272727272727273,0.0,18.321425021428336
